ISO-10303-21;
HEADER;
/* Generated by software containing ST-Developer
 * from STEP Tools, Inc. (www.steptools.com) 
 */
/* OPTION: using custom renumber hook */

FILE_DESCRIPTION(
/* description */ ('STEP AP242 Edition 2',
'CAx-IF Rec.Pracs.---Representation and Presentation of Product Manufa
cturing Information (PMI)---4.0---2014-10-13',
'CAx-IF Rec.Pracs.---3D Tessellated Geometry---0.4---2014-09-14','2;1',
'CAx-IF Rec.Pracs.---User Defined Attributes---1.5---2016-08-15'),
/* implementation_level */ '2;1');

FILE_NAME(
/* name */ 'Part Studio 2 - Part 1',
/* time_stamp */ '2026-09-07T15:38:54Z',
/* author */ (''),
/* organization */ (''),
/* preprocessor_version */ 'ST-DEVELOPER v20',
/* originating_system */ 'ONSHAPE BY PTC INC, 1.220',
/* authorisation */ '  ');

FILE_SCHEMA (('AP242_MANAGED_MODEL_BASED_3D_ENGINEERING_MIM_LF { 1 0 10303 442 3 1 4 }'));
ENDSEC;

DATA;
#10=SHAPE_REPRESENTATION_RELATIONSHIP('','',#1762,#11);
#11=ADVANCED_BREP_SHAPE_REPRESENTATION('',(#1760),#2833);
#12=CYLINDRICAL_SURFACE('',#1771,0.0023);
#13=CYLINDRICAL_SURFACE('',#1779,0.0023);
#14=CYLINDRICAL_SURFACE('',#1785,0.0023);
#15=CYLINDRICAL_SURFACE('',#1793,0.0023);
#16=CYLINDRICAL_SURFACE('',#1830,0.0021);
#17=CYLINDRICAL_SURFACE('',#1833,0.0021);
#18=CYLINDRICAL_SURFACE('',#1836,0.0021);
#19=CYLINDRICAL_SURFACE('',#1839,0.0021);
#20=CYLINDRICAL_SURFACE('',#1876,0.00171698868555975);
#21=CYLINDRICAL_SURFACE('',#1877,0.00171698868555975);
#22=CYLINDRICAL_SURFACE('',#1878,0.00171698868555975);
#23=CYLINDRICAL_SURFACE('',#1879,0.00171698868555975);
#24=CYLINDRICAL_SURFACE('',#1880,0.00392454556699371);
#25=CYLINDRICAL_SURFACE('',#1881,0.00392454556699371);
#26=CYLINDRICAL_SURFACE('',#1882,0.00392454556699371);
#27=CYLINDRICAL_SURFACE('',#1883,0.00392454556699371);
#28=CIRCLE('',#1765,0.0023);
#29=CIRCLE('',#1772,0.0023);
#30=CIRCLE('',#1773,0.0023);
#31=CIRCLE('',#1780,0.0023);
#32=CIRCLE('',#1781,0.0023);
#33=CIRCLE('',#1786,0.0023);
#34=CIRCLE('',#1787,0.0023);
#35=CIRCLE('',#1794,0.0023);
#36=CIRCLE('',#1800,0.00171698868555975);
#37=CIRCLE('',#1801,0.00171698868555975);
#38=CIRCLE('',#1802,0.00171698868555975);
#39=CIRCLE('',#1803,0.00171698868555975);
#40=CIRCLE('',#1810,0.0021);
#41=CIRCLE('',#1811,0.0021);
#42=CIRCLE('',#1812,0.0021);
#43=CIRCLE('',#1813,0.0021);
#44=CIRCLE('',#1814,0.00392454556699371);
#45=CIRCLE('',#1815,0.00392454556699371);
#46=CIRCLE('',#1816,0.00392454556699371);
#47=CIRCLE('',#1817,0.00392454556699371);
#48=CIRCLE('',#1819,0.00392454556699371);
#49=CIRCLE('',#1820,0.00392454556699371);
#50=CIRCLE('',#1821,0.00392454556699371);
#51=CIRCLE('',#1822,0.00392454556699371);
#52=CIRCLE('',#1825,0.00171698868555975);
#53=CIRCLE('',#1826,0.00171698868555975);
#54=CIRCLE('',#1827,0.00171698868555975);
#55=CIRCLE('',#1828,0.00171698868555975);
#56=CIRCLE('',#1831,0.0021);
#57=CIRCLE('',#1834,0.0021);
#58=CIRCLE('',#1837,0.0021);
#59=CIRCLE('',#1840,0.0021);
#60=ORIENTED_EDGE('',*,*,#532,.F.);
#61=ORIENTED_EDGE('',*,*,#533,.T.);
#62=ORIENTED_EDGE('',*,*,#534,.T.);
#63=ORIENTED_EDGE('',*,*,#535,.T.);
#64=ORIENTED_EDGE('',*,*,#536,.F.);
#65=ORIENTED_EDGE('',*,*,#537,.T.);
#66=ORIENTED_EDGE('',*,*,#538,.F.);
#67=ORIENTED_EDGE('',*,*,#539,.T.);
#68=ORIENTED_EDGE('',*,*,#540,.F.);
#69=ORIENTED_EDGE('',*,*,#541,.T.);
#70=ORIENTED_EDGE('',*,*,#542,.T.);
#71=ORIENTED_EDGE('',*,*,#543,.T.);
#72=ORIENTED_EDGE('',*,*,#544,.T.);
#73=ORIENTED_EDGE('',*,*,#545,.F.);
#74=ORIENTED_EDGE('',*,*,#546,.T.);
#75=ORIENTED_EDGE('',*,*,#547,.T.);
#76=ORIENTED_EDGE('',*,*,#548,.F.);
#77=ORIENTED_EDGE('',*,*,#549,.F.);
#78=ORIENTED_EDGE('',*,*,#550,.F.);
#79=ORIENTED_EDGE('',*,*,#551,.T.);
#80=ORIENTED_EDGE('',*,*,#552,.T.);
#81=ORIENTED_EDGE('',*,*,#553,.F.);
#82=ORIENTED_EDGE('',*,*,#554,.T.);
#83=ORIENTED_EDGE('',*,*,#555,.T.);
#84=ORIENTED_EDGE('',*,*,#556,.F.);
#85=ORIENTED_EDGE('',*,*,#557,.F.);
#86=ORIENTED_EDGE('',*,*,#558,.F.);
#87=ORIENTED_EDGE('',*,*,#559,.T.);
#88=ORIENTED_EDGE('',*,*,#541,.F.);
#89=ORIENTED_EDGE('',*,*,#560,.T.);
#90=ORIENTED_EDGE('',*,*,#561,.F.);
#91=ORIENTED_EDGE('',*,*,#562,.F.);
#92=ORIENTED_EDGE('',*,*,#563,.F.);
#93=ORIENTED_EDGE('',*,*,#564,.F.);
#94=ORIENTED_EDGE('',*,*,#565,.T.);
#95=ORIENTED_EDGE('',*,*,#566,.T.);
#96=ORIENTED_EDGE('',*,*,#537,.F.);
#97=ORIENTED_EDGE('',*,*,#567,.F.);
#98=ORIENTED_EDGE('',*,*,#568,.F.);
#99=ORIENTED_EDGE('',*,*,#569,.T.);
#100=ORIENTED_EDGE('',*,*,#533,.F.);
#101=ORIENTED_EDGE('',*,*,#570,.T.);
#102=ORIENTED_EDGE('',*,*,#571,.T.);
#103=ORIENTED_EDGE('',*,*,#572,.F.);
#104=ORIENTED_EDGE('',*,*,#573,.F.);
#105=ORIENTED_EDGE('',*,*,#574,.F.);
#106=ORIENTED_EDGE('',*,*,#575,.F.);
#107=ORIENTED_EDGE('',*,*,#576,.T.);
#108=ORIENTED_EDGE('',*,*,#577,.T.);
#109=ORIENTED_EDGE('',*,*,#578,.F.);
#110=ORIENTED_EDGE('',*,*,#579,.T.);
#111=ORIENTED_EDGE('',*,*,#580,.T.);
#112=ORIENTED_EDGE('',*,*,#581,.F.);
#113=ORIENTED_EDGE('',*,*,#582,.F.);
#114=ORIENTED_EDGE('',*,*,#583,.F.);
#115=ORIENTED_EDGE('',*,*,#584,.T.);
#116=ORIENTED_EDGE('',*,*,#585,.T.);
#117=ORIENTED_EDGE('',*,*,#586,.F.);
#118=ORIENTED_EDGE('',*,*,#587,.T.);
#119=ORIENTED_EDGE('',*,*,#588,.T.);
#120=ORIENTED_EDGE('',*,*,#589,.F.);
#121=ORIENTED_EDGE('',*,*,#590,.F.);
#122=ORIENTED_EDGE('',*,*,#591,.F.);
#123=ORIENTED_EDGE('',*,*,#592,.T.);
#124=ORIENTED_EDGE('',*,*,#593,.T.);
#125=ORIENTED_EDGE('',*,*,#594,.T.);
#126=ORIENTED_EDGE('',*,*,#595,.T.);
#127=ORIENTED_EDGE('',*,*,#596,.F.);
#128=ORIENTED_EDGE('',*,*,#597,.T.);
#129=ORIENTED_EDGE('',*,*,#598,.F.);
#130=ORIENTED_EDGE('',*,*,#599,.T.);
#131=ORIENTED_EDGE('',*,*,#600,.T.);
#132=ORIENTED_EDGE('',*,*,#601,.F.);
#133=ORIENTED_EDGE('',*,*,#602,.F.);
#134=ORIENTED_EDGE('',*,*,#603,.T.);
#135=ORIENTED_EDGE('',*,*,#604,.F.);
#136=ORIENTED_EDGE('',*,*,#605,.T.);
#137=ORIENTED_EDGE('',*,*,#606,.T.);
#138=ORIENTED_EDGE('',*,*,#607,.F.);
#139=ORIENTED_EDGE('',*,*,#608,.F.);
#140=ORIENTED_EDGE('',*,*,#609,.T.);
#141=ORIENTED_EDGE('',*,*,#610,.T.);
#142=ORIENTED_EDGE('',*,*,#611,.T.);
#143=ORIENTED_EDGE('',*,*,#612,.T.);
#144=ORIENTED_EDGE('',*,*,#613,.F.);
#145=ORIENTED_EDGE('',*,*,#561,.T.);
#146=ORIENTED_EDGE('',*,*,#614,.T.);
#147=ORIENTED_EDGE('',*,*,#615,.F.);
#148=ORIENTED_EDGE('',*,*,#616,.F.);
#149=ORIENTED_EDGE('',*,*,#617,.T.);
#150=ORIENTED_EDGE('',*,*,#618,.F.);
#151=ORIENTED_EDGE('',*,*,#619,.F.);
#152=ORIENTED_EDGE('',*,*,#620,.T.);
#153=ORIENTED_EDGE('',*,*,#618,.T.);
#154=ORIENTED_EDGE('',*,*,#621,.F.);
#155=ORIENTED_EDGE('',*,*,#622,.F.);
#156=ORIENTED_EDGE('',*,*,#623,.T.);
#157=ORIENTED_EDGE('',*,*,#621,.T.);
#158=ORIENTED_EDGE('',*,*,#617,.F.);
#159=ORIENTED_EDGE('',*,*,#624,.T.);
#160=ORIENTED_EDGE('',*,*,#625,.F.);
#161=ORIENTED_EDGE('',*,*,#625,.T.);
#162=ORIENTED_EDGE('',*,*,#626,.F.);
#163=ORIENTED_EDGE('',*,*,#619,.T.);
#164=ORIENTED_EDGE('',*,*,#623,.F.);
#165=ORIENTED_EDGE('',*,*,#627,.F.);
#166=ORIENTED_EDGE('',*,*,#624,.F.);
#167=ORIENTED_EDGE('',*,*,#628,.F.);
#168=ORIENTED_EDGE('',*,*,#629,.T.);
#169=ORIENTED_EDGE('',*,*,#630,.T.);
#170=ORIENTED_EDGE('',*,*,#611,.F.);
#171=ORIENTED_EDGE('',*,*,#630,.F.);
#172=ORIENTED_EDGE('',*,*,#631,.T.);
#173=ORIENTED_EDGE('',*,*,#632,.T.);
#174=ORIENTED_EDGE('',*,*,#612,.F.);
#175=ORIENTED_EDGE('',*,*,#633,.F.);
#176=ORIENTED_EDGE('',*,*,#562,.T.);
#177=ORIENTED_EDGE('',*,*,#613,.T.);
#178=ORIENTED_EDGE('',*,*,#632,.F.);
#179=ORIENTED_EDGE('',*,*,#634,.T.);
#180=ORIENTED_EDGE('',*,*,#635,.F.);
#181=ORIENTED_EDGE('',*,*,#636,.F.);
#182=ORIENTED_EDGE('',*,*,#563,.T.);
#183=ORIENTED_EDGE('',*,*,#633,.T.);
#184=ORIENTED_EDGE('',*,*,#631,.F.);
#185=ORIENTED_EDGE('',*,*,#629,.F.);
#186=ORIENTED_EDGE('',*,*,#635,.T.);
#187=ORIENTED_EDGE('',*,*,#634,.F.);
#188=ORIENTED_EDGE('',*,*,#637,.F.);
#189=ORIENTED_EDGE('',*,*,#638,.T.);
#190=ORIENTED_EDGE('',*,*,#639,.T.);
#191=ORIENTED_EDGE('',*,*,#603,.F.);
#192=ORIENTED_EDGE('',*,*,#640,.T.);
#193=ORIENTED_EDGE('',*,*,#641,.F.);
#194=ORIENTED_EDGE('',*,*,#642,.F.);
#195=ORIENTED_EDGE('',*,*,#643,.T.);
#196=ORIENTED_EDGE('',*,*,#604,.T.);
#197=ORIENTED_EDGE('',*,*,#639,.F.);
#198=ORIENTED_EDGE('',*,*,#641,.T.);
#199=ORIENTED_EDGE('',*,*,#644,.F.);
#200=ORIENTED_EDGE('',*,*,#645,.T.);
#201=ORIENTED_EDGE('',*,*,#642,.T.);
#202=ORIENTED_EDGE('',*,*,#638,.F.);
#203=ORIENTED_EDGE('',*,*,#640,.F.);
#204=ORIENTED_EDGE('',*,*,#539,.F.);
#205=ORIENTED_EDGE('',*,*,#646,.T.);
#206=ORIENTED_EDGE('',*,*,#615,.T.);
#207=ORIENTED_EDGE('',*,*,#647,.F.);
#208=ORIENTED_EDGE('',*,*,#560,.F.);
#209=ORIENTED_EDGE('',*,*,#540,.T.);
#210=ORIENTED_EDGE('',*,*,#647,.T.);
#211=ORIENTED_EDGE('',*,*,#614,.F.);
#212=ORIENTED_EDGE('',*,*,#648,.T.);
#213=ORIENTED_EDGE('',*,*,#544,.F.);
#214=ORIENTED_EDGE('',*,*,#648,.F.);
#215=ORIENTED_EDGE('',*,*,#564,.T.);
#216=ORIENTED_EDGE('',*,*,#636,.T.);
#217=ORIENTED_EDGE('',*,*,#649,.F.);
#218=ORIENTED_EDGE('',*,*,#650,.F.);
#219=ORIENTED_EDGE('',*,*,#645,.F.);
#220=ORIENTED_EDGE('',*,*,#651,.F.);
#221=ORIENTED_EDGE('',*,*,#652,.T.);
#222=ORIENTED_EDGE('',*,*,#653,.T.);
#223=ORIENTED_EDGE('',*,*,#605,.F.);
#224=ORIENTED_EDGE('',*,*,#643,.F.);
#225=ORIENTED_EDGE('',*,*,#620,.F.);
#226=ORIENTED_EDGE('',*,*,#626,.T.);
#227=ORIENTED_EDGE('',*,*,#654,.F.);
#228=ORIENTED_EDGE('',*,*,#655,.F.);
#229=ORIENTED_EDGE('',*,*,#651,.T.);
#230=ORIENTED_EDGE('',*,*,#644,.T.);
#231=ORIENTED_EDGE('',*,*,#637,.T.);
#232=ORIENTED_EDGE('',*,*,#602,.T.);
#233=ORIENTED_EDGE('',*,*,#656,.F.);
#234=ORIENTED_EDGE('',*,*,#657,.T.);
#235=ORIENTED_EDGE('',*,*,#658,.T.);
#236=ORIENTED_EDGE('',*,*,#659,.T.);
#237=ORIENTED_EDGE('',*,*,#660,.T.);
#238=ORIENTED_EDGE('',*,*,#661,.T.);
#239=ORIENTED_EDGE('',*,*,#662,.F.);
#240=ORIENTED_EDGE('',*,*,#663,.T.);
#241=ORIENTED_EDGE('',*,*,#654,.T.);
#242=ORIENTED_EDGE('',*,*,#627,.T.);
#243=ORIENTED_EDGE('',*,*,#622,.T.);
#244=ORIENTED_EDGE('',*,*,#616,.T.);
#245=ORIENTED_EDGE('',*,*,#646,.F.);
#246=ORIENTED_EDGE('',*,*,#538,.T.);
#247=ORIENTED_EDGE('',*,*,#566,.F.);
#248=ORIENTED_EDGE('',*,*,#664,.F.);
#249=ORIENTED_EDGE('',*,*,#606,.F.);
#250=ORIENTED_EDGE('',*,*,#653,.F.);
#251=ORIENTED_EDGE('',*,*,#665,.T.);
#252=ORIENTED_EDGE('',*,*,#666,.T.);
#253=ORIENTED_EDGE('',*,*,#607,.T.);
#254=ORIENTED_EDGE('',*,*,#666,.F.);
#255=ORIENTED_EDGE('',*,*,#667,.F.);
#256=ORIENTED_EDGE('',*,*,#668,.T.);
#257=ORIENTED_EDGE('',*,*,#608,.T.);
#258=ORIENTED_EDGE('',*,*,#668,.F.);
#259=ORIENTED_EDGE('',*,*,#669,.F.);
#260=ORIENTED_EDGE('',*,*,#670,.T.);
#261=ORIENTED_EDGE('',*,*,#671,.F.);
#262=ORIENTED_EDGE('',*,*,#672,.T.);
#263=ORIENTED_EDGE('',*,*,#673,.T.);
#264=ORIENTED_EDGE('',*,*,#674,.F.);
#265=ORIENTED_EDGE('',*,*,#609,.F.);
#266=ORIENTED_EDGE('',*,*,#670,.F.);
#267=ORIENTED_EDGE('',*,*,#675,.T.);
#268=ORIENTED_EDGE('',*,*,#676,.T.);
#269=ORIENTED_EDGE('',*,*,#610,.F.);
#270=ORIENTED_EDGE('',*,*,#676,.F.);
#271=ORIENTED_EDGE('',*,*,#677,.T.);
#272=ORIENTED_EDGE('',*,*,#649,.T.);
#273=ORIENTED_EDGE('',*,*,#628,.T.);
#274=ORIENTED_EDGE('',*,*,#678,.F.);
#275=ORIENTED_EDGE('',*,*,#679,.F.);
#276=ORIENTED_EDGE('',*,*,#680,.F.);
#277=ORIENTED_EDGE('',*,*,#681,.F.);
#278=ORIENTED_EDGE('',*,*,#655,.T.);
#279=ORIENTED_EDGE('',*,*,#664,.T.);
#280=ORIENTED_EDGE('',*,*,#565,.F.);
#281=ORIENTED_EDGE('',*,*,#650,.T.);
#282=ORIENTED_EDGE('',*,*,#677,.F.);
#283=ORIENTED_EDGE('',*,*,#675,.F.);
#284=ORIENTED_EDGE('',*,*,#669,.T.);
#285=ORIENTED_EDGE('',*,*,#667,.T.);
#286=ORIENTED_EDGE('',*,*,#665,.F.);
#287=ORIENTED_EDGE('',*,*,#652,.F.);
#288=ORIENTED_EDGE('',*,*,#682,.F.);
#289=ORIENTED_EDGE('',*,*,#683,.T.);
#290=ORIENTED_EDGE('',*,*,#684,.T.);
#291=ORIENTED_EDGE('',*,*,#685,.T.);
#292=ORIENTED_EDGE('',*,*,#596,.T.);
#293=ORIENTED_EDGE('',*,*,#686,.T.);
#294=ORIENTED_EDGE('',*,*,#687,.F.);
#295=ORIENTED_EDGE('',*,*,#688,.T.);
#296=ORIENTED_EDGE('',*,*,#689,.F.);
#297=ORIENTED_EDGE('',*,*,#690,.T.);
#298=ORIENTED_EDGE('',*,*,#691,.T.);
#299=ORIENTED_EDGE('',*,*,#692,.T.);
#300=ORIENTED_EDGE('',*,*,#693,.T.);
#301=ORIENTED_EDGE('',*,*,#694,.T.);
#302=ORIENTED_EDGE('',*,*,#594,.F.);
#303=ORIENTED_EDGE('',*,*,#695,.T.);
#304=ORIENTED_EDGE('',*,*,#691,.F.);
#305=ORIENTED_EDGE('',*,*,#696,.T.);
#306=ORIENTED_EDGE('',*,*,#682,.T.);
#307=ORIENTED_EDGE('',*,*,#697,.T.);
#308=ORIENTED_EDGE('',*,*,#698,.F.);
#309=ORIENTED_EDGE('',*,*,#699,.T.);
#310=ORIENTED_EDGE('',*,*,#700,.T.);
#311=ORIENTED_EDGE('',*,*,#701,.T.);
#312=ORIENTED_EDGE('',*,*,#702,.T.);
#313=ORIENTED_EDGE('',*,*,#703,.T.);
#314=ORIENTED_EDGE('',*,*,#704,.F.);
#315=ORIENTED_EDGE('',*,*,#705,.T.);
#316=ORIENTED_EDGE('',*,*,#693,.F.);
#317=ORIENTED_EDGE('',*,*,#706,.T.);
#318=ORIENTED_EDGE('',*,*,#687,.T.);
#319=ORIENTED_EDGE('',*,*,#707,.T.);
#320=ORIENTED_EDGE('',*,*,#708,.T.);
#321=ORIENTED_EDGE('',*,*,#709,.T.);
#322=ORIENTED_EDGE('',*,*,#710,.T.);
#323=ORIENTED_EDGE('',*,*,#711,.T.);
#324=ORIENTED_EDGE('',*,*,#684,.F.);
#325=ORIENTED_EDGE('',*,*,#712,.T.);
#326=ORIENTED_EDGE('',*,*,#689,.T.);
#327=ORIENTED_EDGE('',*,*,#713,.T.);
#328=ORIENTED_EDGE('',*,*,#714,.F.);
#329=ORIENTED_EDGE('',*,*,#681,.T.);
#330=ORIENTED_EDGE('',*,*,#714,.T.);
#331=ORIENTED_EDGE('',*,*,#715,.F.);
#332=ORIENTED_EDGE('',*,*,#680,.T.);
#333=ORIENTED_EDGE('',*,*,#715,.T.);
#334=ORIENTED_EDGE('',*,*,#716,.F.);
#335=ORIENTED_EDGE('',*,*,#679,.T.);
#336=ORIENTED_EDGE('',*,*,#716,.T.);
#337=ORIENTED_EDGE('',*,*,#717,.F.);
#338=ORIENTED_EDGE('',*,*,#678,.T.);
#339=ORIENTED_EDGE('',*,*,#717,.T.);
#340=ORIENTED_EDGE('',*,*,#718,.F.);
#341=ORIENTED_EDGE('',*,*,#719,.T.);
#342=ORIENTED_EDGE('',*,*,#720,.T.);
#343=ORIENTED_EDGE('',*,*,#671,.T.);
#344=ORIENTED_EDGE('',*,*,#720,.F.);
#345=ORIENTED_EDGE('',*,*,#721,.T.);
#346=ORIENTED_EDGE('',*,*,#722,.T.);
#347=ORIENTED_EDGE('',*,*,#672,.F.);
#348=ORIENTED_EDGE('',*,*,#722,.F.);
#349=ORIENTED_EDGE('',*,*,#723,.T.);
#350=ORIENTED_EDGE('',*,*,#724,.T.);
#351=ORIENTED_EDGE('',*,*,#673,.F.);
#352=ORIENTED_EDGE('',*,*,#724,.F.);
#353=ORIENTED_EDGE('',*,*,#725,.T.);
#354=ORIENTED_EDGE('',*,*,#718,.T.);
#355=ORIENTED_EDGE('',*,*,#674,.T.);
#356=ORIENTED_EDGE('',*,*,#700,.F.);
#357=ORIENTED_EDGE('',*,*,#726,.T.);
#358=ORIENTED_EDGE('',*,*,#660,.F.);
#359=ORIENTED_EDGE('',*,*,#727,.T.);
#360=ORIENTED_EDGE('',*,*,#662,.T.);
#361=ORIENTED_EDGE('',*,*,#728,.T.);
#362=ORIENTED_EDGE('',*,*,#698,.T.);
#363=ORIENTED_EDGE('',*,*,#729,.T.);
#364=ORIENTED_EDGE('',*,*,#704,.T.);
#365=ORIENTED_EDGE('',*,*,#730,.T.);
#366=ORIENTED_EDGE('',*,*,#656,.T.);
#367=ORIENTED_EDGE('',*,*,#731,.T.);
#368=ORIENTED_EDGE('',*,*,#702,.F.);
#369=ORIENTED_EDGE('',*,*,#732,.T.);
#370=ORIENTED_EDGE('',*,*,#658,.F.);
#371=ORIENTED_EDGE('',*,*,#733,.T.);
#372=ORIENTED_EDGE('',*,*,#568,.T.);
#373=ORIENTED_EDGE('',*,*,#734,.F.);
#374=ORIENTED_EDGE('',*,*,#590,.T.);
#375=ORIENTED_EDGE('',*,*,#735,.T.);
#376=ORIENTED_EDGE('',*,*,#569,.F.);
#377=ORIENTED_EDGE('',*,*,#735,.F.);
#378=ORIENTED_EDGE('',*,*,#593,.F.);
#379=ORIENTED_EDGE('',*,*,#736,.T.);
#380=ORIENTED_EDGE('',*,*,#737,.F.);
#381=ORIENTED_EDGE('',*,*,#534,.F.);
#382=ORIENTED_EDGE('',*,*,#738,.T.);
#383=ORIENTED_EDGE('',*,*,#739,.F.);
#384=ORIENTED_EDGE('',*,*,#736,.F.);
#385=ORIENTED_EDGE('',*,*,#592,.F.);
#386=ORIENTED_EDGE('',*,*,#536,.T.);
#387=ORIENTED_EDGE('',*,*,#740,.T.);
#388=ORIENTED_EDGE('',*,*,#738,.F.);
#389=ORIENTED_EDGE('',*,*,#591,.T.);
#390=ORIENTED_EDGE('',*,*,#734,.T.);
#391=ORIENTED_EDGE('',*,*,#567,.T.);
#392=ORIENTED_EDGE('',*,*,#737,.T.);
#393=ORIENTED_EDGE('',*,*,#739,.T.);
#394=ORIENTED_EDGE('',*,*,#740,.F.);
#395=ORIENTED_EDGE('',*,*,#535,.F.);
#396=ORIENTED_EDGE('',*,*,#532,.T.);
#397=ORIENTED_EDGE('',*,*,#741,.T.);
#398=ORIENTED_EDGE('',*,*,#742,.F.);
#399=ORIENTED_EDGE('',*,*,#586,.T.);
#400=ORIENTED_EDGE('',*,*,#743,.T.);
#401=ORIENTED_EDGE('',*,*,#557,.T.);
#402=ORIENTED_EDGE('',*,*,#558,.T.);
#403=ORIENTED_EDGE('',*,*,#743,.F.);
#404=ORIENTED_EDGE('',*,*,#589,.T.);
#405=ORIENTED_EDGE('',*,*,#744,.T.);
#406=ORIENTED_EDGE('',*,*,#559,.F.);
#407=ORIENTED_EDGE('',*,*,#744,.F.);
#408=ORIENTED_EDGE('',*,*,#588,.F.);
#409=ORIENTED_EDGE('',*,*,#745,.T.);
#410=ORIENTED_EDGE('',*,*,#746,.F.);
#411=ORIENTED_EDGE('',*,*,#542,.F.);
#412=ORIENTED_EDGE('',*,*,#742,.T.);
#413=ORIENTED_EDGE('',*,*,#747,.F.);
#414=ORIENTED_EDGE('',*,*,#745,.F.);
#415=ORIENTED_EDGE('',*,*,#587,.F.);
#416=ORIENTED_EDGE('',*,*,#746,.T.);
#417=ORIENTED_EDGE('',*,*,#747,.T.);
#418=ORIENTED_EDGE('',*,*,#741,.F.);
#419=ORIENTED_EDGE('',*,*,#543,.F.);
#420=ORIENTED_EDGE('',*,*,#553,.T.);
#421=ORIENTED_EDGE('',*,*,#748,.F.);
#422=ORIENTED_EDGE('',*,*,#582,.T.);
#423=ORIENTED_EDGE('',*,*,#749,.T.);
#424=ORIENTED_EDGE('',*,*,#749,.F.);
#425=ORIENTED_EDGE('',*,*,#585,.F.);
#426=ORIENTED_EDGE('',*,*,#750,.T.);
#427=ORIENTED_EDGE('',*,*,#554,.F.);
#428=ORIENTED_EDGE('',*,*,#750,.F.);
#429=ORIENTED_EDGE('',*,*,#584,.F.);
#430=ORIENTED_EDGE('',*,*,#751,.T.);
#431=ORIENTED_EDGE('',*,*,#555,.F.);
#432=ORIENTED_EDGE('',*,*,#556,.T.);
#433=ORIENTED_EDGE('',*,*,#751,.F.);
#434=ORIENTED_EDGE('',*,*,#583,.T.);
#435=ORIENTED_EDGE('',*,*,#748,.T.);
#436=ORIENTED_EDGE('',*,*,#549,.T.);
#437=ORIENTED_EDGE('',*,*,#752,.F.);
#438=ORIENTED_EDGE('',*,*,#578,.T.);
#439=ORIENTED_EDGE('',*,*,#753,.T.);
#440=ORIENTED_EDGE('',*,*,#550,.T.);
#441=ORIENTED_EDGE('',*,*,#753,.F.);
#442=ORIENTED_EDGE('',*,*,#581,.T.);
#443=ORIENTED_EDGE('',*,*,#754,.T.);
#444=ORIENTED_EDGE('',*,*,#754,.F.);
#445=ORIENTED_EDGE('',*,*,#580,.F.);
#446=ORIENTED_EDGE('',*,*,#755,.T.);
#447=ORIENTED_EDGE('',*,*,#551,.F.);
#448=ORIENTED_EDGE('',*,*,#755,.F.);
#449=ORIENTED_EDGE('',*,*,#579,.F.);
#450=ORIENTED_EDGE('',*,*,#752,.T.);
#451=ORIENTED_EDGE('',*,*,#552,.F.);
#452=ORIENTED_EDGE('',*,*,#545,.T.);
#453=ORIENTED_EDGE('',*,*,#756,.F.);
#454=ORIENTED_EDGE('',*,*,#574,.T.);
#455=ORIENTED_EDGE('',*,*,#757,.T.);
#456=ORIENTED_EDGE('',*,*,#757,.F.);
#457=ORIENTED_EDGE('',*,*,#577,.F.);
#458=ORIENTED_EDGE('',*,*,#758,.T.);
#459=ORIENTED_EDGE('',*,*,#546,.F.);
#460=ORIENTED_EDGE('',*,*,#758,.F.);
#461=ORIENTED_EDGE('',*,*,#576,.F.);
#462=ORIENTED_EDGE('',*,*,#759,.T.);
#463=ORIENTED_EDGE('',*,*,#547,.F.);
#464=ORIENTED_EDGE('',*,*,#548,.T.);
#465=ORIENTED_EDGE('',*,*,#759,.F.);
#466=ORIENTED_EDGE('',*,*,#575,.T.);
#467=ORIENTED_EDGE('',*,*,#756,.T.);
#468=ORIENTED_EDGE('',*,*,#760,.F.);
#469=ORIENTED_EDGE('',*,*,#599,.F.);
#470=ORIENTED_EDGE('',*,*,#761,.T.);
#471=ORIENTED_EDGE('',*,*,#571,.F.);
#472=ORIENTED_EDGE('',*,*,#572,.T.);
#473=ORIENTED_EDGE('',*,*,#761,.F.);
#474=ORIENTED_EDGE('',*,*,#598,.T.);
#475=ORIENTED_EDGE('',*,*,#762,.T.);
#476=ORIENTED_EDGE('',*,*,#573,.T.);
#477=ORIENTED_EDGE('',*,*,#762,.F.);
#478=ORIENTED_EDGE('',*,*,#601,.T.);
#479=ORIENTED_EDGE('',*,*,#763,.T.);
#480=ORIENTED_EDGE('',*,*,#763,.F.);
#481=ORIENTED_EDGE('',*,*,#600,.F.);
#482=ORIENTED_EDGE('',*,*,#760,.T.);
#483=ORIENTED_EDGE('',*,*,#570,.F.);
#484=ORIENTED_EDGE('',*,*,#699,.F.);
#485=ORIENTED_EDGE('',*,*,#728,.F.);
#486=ORIENTED_EDGE('',*,*,#661,.F.);
#487=ORIENTED_EDGE('',*,*,#726,.F.);
#488=ORIENTED_EDGE('',*,*,#701,.F.);
#489=ORIENTED_EDGE('',*,*,#727,.F.);
#490=ORIENTED_EDGE('',*,*,#659,.F.);
#491=ORIENTED_EDGE('',*,*,#732,.F.);
#492=ORIENTED_EDGE('',*,*,#703,.F.);
#493=ORIENTED_EDGE('',*,*,#733,.F.);
#494=ORIENTED_EDGE('',*,*,#657,.F.);
#495=ORIENTED_EDGE('',*,*,#730,.F.);
#496=ORIENTED_EDGE('',*,*,#705,.F.);
#497=ORIENTED_EDGE('',*,*,#731,.F.);
#498=ORIENTED_EDGE('',*,*,#663,.F.);
#499=ORIENTED_EDGE('',*,*,#729,.F.);
#500=ORIENTED_EDGE('',*,*,#690,.F.);
#501=ORIENTED_EDGE('',*,*,#712,.F.);
#502=ORIENTED_EDGE('',*,*,#683,.F.);
#503=ORIENTED_EDGE('',*,*,#696,.F.);
#504=ORIENTED_EDGE('',*,*,#692,.F.);
#505=ORIENTED_EDGE('',*,*,#697,.F.);
#506=ORIENTED_EDGE('',*,*,#688,.F.);
#507=ORIENTED_EDGE('',*,*,#706,.F.);
#508=ORIENTED_EDGE('',*,*,#694,.F.);
#509=ORIENTED_EDGE('',*,*,#707,.F.);
#510=ORIENTED_EDGE('',*,*,#686,.F.);
#511=ORIENTED_EDGE('',*,*,#595,.F.);
#512=ORIENTED_EDGE('',*,*,#695,.F.);
#513=ORIENTED_EDGE('',*,*,#597,.F.);
#514=ORIENTED_EDGE('',*,*,#685,.F.);
#515=ORIENTED_EDGE('',*,*,#713,.F.);
#516=ORIENTED_EDGE('',*,*,#764,.F.);
#517=ORIENTED_EDGE('',*,*,#711,.F.);
#518=ORIENTED_EDGE('',*,*,#765,.F.);
#519=ORIENTED_EDGE('',*,*,#721,.F.);
#520=ORIENTED_EDGE('',*,*,#765,.T.);
#521=ORIENTED_EDGE('',*,*,#710,.F.);
#522=ORIENTED_EDGE('',*,*,#766,.F.);
#523=ORIENTED_EDGE('',*,*,#723,.F.);
#524=ORIENTED_EDGE('',*,*,#764,.T.);
#525=ORIENTED_EDGE('',*,*,#719,.F.);
#526=ORIENTED_EDGE('',*,*,#767,.F.);
#527=ORIENTED_EDGE('',*,*,#708,.F.);
#528=ORIENTED_EDGE('',*,*,#766,.T.);
#529=ORIENTED_EDGE('',*,*,#709,.F.);
#530=ORIENTED_EDGE('',*,*,#767,.T.);
#531=ORIENTED_EDGE('',*,*,#725,.F.);
#532=EDGE_CURVE('',#768,#769,#929,.T.);
#533=EDGE_CURVE('',#768,#770,#930,.T.);
#534=EDGE_CURVE('',#770,#771,#931,.T.);
#535=EDGE_CURVE('',#771,#772,#932,.T.);
#536=EDGE_CURVE('',#773,#772,#933,.T.);
#537=EDGE_CURVE('',#773,#774,#934,.T.);
#538=EDGE_CURVE('',#775,#774,#935,.T.);
#539=EDGE_CURVE('',#775,#776,#936,.T.);
#540=EDGE_CURVE('',#777,#776,#937,.T.);
#541=EDGE_CURVE('',#777,#778,#938,.T.);
#542=EDGE_CURVE('',#778,#779,#939,.T.);
#543=EDGE_CURVE('',#779,#769,#940,.T.);
#544=EDGE_CURVE('',#780,#780,#28,.F.);
#545=EDGE_CURVE('',#781,#782,#941,.T.);
#546=EDGE_CURVE('',#781,#783,#942,.T.);
#547=EDGE_CURVE('',#783,#784,#943,.T.);
#548=EDGE_CURVE('',#782,#784,#944,.T.);
#549=EDGE_CURVE('',#785,#786,#945,.T.);
#550=EDGE_CURVE('',#787,#785,#946,.T.);
#551=EDGE_CURVE('',#787,#788,#947,.T.);
#552=EDGE_CURVE('',#788,#786,#948,.T.);
#553=EDGE_CURVE('',#789,#790,#949,.T.);
#554=EDGE_CURVE('',#789,#791,#950,.T.);
#555=EDGE_CURVE('',#791,#792,#951,.T.);
#556=EDGE_CURVE('',#790,#792,#952,.T.);
#557=EDGE_CURVE('',#793,#768,#953,.T.);
#558=EDGE_CURVE('',#794,#793,#954,.T.);
#559=EDGE_CURVE('',#794,#778,#955,.T.);
#560=EDGE_CURVE('',#777,#795,#956,.T.);
#561=EDGE_CURVE('',#796,#795,#957,.T.);
#562=EDGE_CURVE('',#797,#796,#958,.T.);
#563=EDGE_CURVE('',#798,#797,#959,.T.);
#564=EDGE_CURVE('',#799,#798,#960,.T.);
#565=EDGE_CURVE('',#799,#800,#961,.T.);
#566=EDGE_CURVE('',#800,#774,#962,.T.);
#567=EDGE_CURVE('',#801,#773,#963,.T.);
#568=EDGE_CURVE('',#802,#801,#964,.T.);
#569=EDGE_CURVE('',#802,#770,#965,.T.);
#570=EDGE_CURVE('',#803,#804,#966,.T.);
#571=EDGE_CURVE('',#804,#805,#967,.T.);
#572=EDGE_CURVE('',#806,#805,#968,.T.);
#573=EDGE_CURVE('',#803,#806,#969,.T.);
#574=EDGE_CURVE('',#807,#808,#970,.T.);
#575=EDGE_CURVE('',#809,#807,#971,.T.);
#576=EDGE_CURVE('',#809,#810,#972,.T.);
#577=EDGE_CURVE('',#810,#808,#973,.T.);
#578=EDGE_CURVE('',#811,#812,#974,.T.);
#579=EDGE_CURVE('',#811,#813,#975,.T.);
#580=EDGE_CURVE('',#813,#814,#976,.T.);
#581=EDGE_CURVE('',#812,#814,#977,.T.);
#582=EDGE_CURVE('',#815,#816,#978,.T.);
#583=EDGE_CURVE('',#817,#815,#979,.T.);
#584=EDGE_CURVE('',#817,#818,#980,.T.);
#585=EDGE_CURVE('',#818,#816,#981,.T.);
#586=EDGE_CURVE('',#819,#820,#982,.T.);
#587=EDGE_CURVE('',#819,#821,#983,.T.);
#588=EDGE_CURVE('',#821,#822,#984,.T.);
#589=EDGE_CURVE('',#820,#822,#985,.T.);
#590=EDGE_CURVE('',#823,#824,#986,.T.);
#591=EDGE_CURVE('',#825,#823,#987,.T.);
#592=EDGE_CURVE('',#825,#826,#988,.T.);
#593=EDGE_CURVE('',#826,#824,#989,.T.);
#594=EDGE_CURVE('',#827,#828,#990,.T.);
#595=EDGE_CURVE('',#828,#829,#991,.T.);
#596=EDGE_CURVE('',#830,#829,#992,.T.);
#597=EDGE_CURVE('',#830,#827,#993,.F.);
#598=EDGE_CURVE('',#831,#832,#994,.T.);
#599=EDGE_CURVE('',#831,#833,#995,.T.);
#600=EDGE_CURVE('',#833,#834,#996,.T.);
#601=EDGE_CURVE('',#832,#834,#997,.T.);
#602=EDGE_CURVE('',#835,#836,#998,.T.);
#603=EDGE_CURVE('',#835,#837,#999,.T.);
#604=EDGE_CURVE('',#838,#837,#1000,.T.);
#605=EDGE_CURVE('',#838,#839,#1001,.T.);
#606=EDGE_CURVE('',#839,#840,#1002,.T.);
#607=EDGE_CURVE('',#841,#840,#1003,.T.);
#608=EDGE_CURVE('',#842,#841,#1004,.T.);
#609=EDGE_CURVE('',#842,#843,#1005,.T.);
#610=EDGE_CURVE('',#843,#844,#1006,.T.);
#611=EDGE_CURVE('',#844,#845,#1007,.T.);
#612=EDGE_CURVE('',#845,#846,#1008,.T.);
#613=EDGE_CURVE('',#796,#846,#1009,.T.);
#614=EDGE_CURVE('',#795,#847,#1010,.T.);
#615=EDGE_CURVE('',#848,#847,#1011,.T.);
#616=EDGE_CURVE('',#849,#848,#1012,.T.);
#617=EDGE_CURVE('',#849,#850,#1013,.T.);
#618=EDGE_CURVE('',#836,#850,#1014,.T.);
#619=EDGE_CURVE('',#851,#852,#1015,.T.);
#620=EDGE_CURVE('',#851,#836,#1016,.T.);
#621=EDGE_CURVE('',#852,#850,#1017,.T.);
#622=EDGE_CURVE('',#853,#849,#1018,.T.);
#623=EDGE_CURVE('',#853,#852,#1019,.T.);
#624=EDGE_CURVE('',#854,#854,#29,.T.);
#625=EDGE_CURVE('',#855,#855,#30,.F.);
#626=EDGE_CURVE('',#851,#856,#1020,.T.);
#627=EDGE_CURVE('',#856,#853,#1021,.T.);
#628=EDGE_CURVE('',#857,#844,#1022,.T.);
#629=EDGE_CURVE('',#857,#858,#1023,.T.);
#630=EDGE_CURVE('',#858,#845,#1024,.T.);
#631=EDGE_CURVE('',#858,#859,#1025,.T.);
#632=EDGE_CURVE('',#859,#846,#1026,.T.);
#633=EDGE_CURVE('',#797,#859,#1027,.T.);
#634=EDGE_CURVE('',#860,#860,#31,.T.);
#635=EDGE_CURVE('',#861,#861,#32,.F.);
#636=EDGE_CURVE('',#798,#857,#1028,.T.);
#637=EDGE_CURVE('',#862,#835,#1029,.T.);
#638=EDGE_CURVE('',#862,#863,#1030,.T.);
#639=EDGE_CURVE('',#863,#837,#1031,.T.);
#640=EDGE_CURVE('',#864,#864,#33,.T.);
#641=EDGE_CURVE('',#865,#865,#34,.F.);
#642=EDGE_CURVE('',#866,#863,#1032,.T.);
#643=EDGE_CURVE('',#866,#838,#1033,.T.);
#644=EDGE_CURVE('',#867,#862,#1034,.T.);
#645=EDGE_CURVE('',#867,#866,#1035,.T.);
#646=EDGE_CURVE('',#775,#848,#1036,.T.);
#647=EDGE_CURVE('',#776,#847,#1037,.T.);
#648=EDGE_CURVE('',#868,#868,#35,.T.);
#649=EDGE_CURVE('',#869,#857,#1038,.T.);
#650=EDGE_CURVE('',#799,#869,#1039,.T.);
#651=EDGE_CURVE('',#870,#867,#1040,.T.);
#652=EDGE_CURVE('',#870,#871,#1041,.T.);
#653=EDGE_CURVE('',#871,#839,#1042,.T.);
#654=EDGE_CURVE('',#872,#856,#1043,.T.);
#655=EDGE_CURVE('',#870,#872,#1044,.T.);
#656=EDGE_CURVE('',#873,#874,#1045,.T.);
#657=EDGE_CURVE('',#873,#875,#36,.T.);
#658=EDGE_CURVE('',#875,#876,#1046,.T.);
#659=EDGE_CURVE('',#876,#877,#37,.T.);
#660=EDGE_CURVE('',#877,#878,#1047,.T.);
#661=EDGE_CURVE('',#878,#879,#38,.T.);
#662=EDGE_CURVE('',#880,#879,#1048,.T.);
#663=EDGE_CURVE('',#880,#874,#39,.T.);
#664=EDGE_CURVE('',#872,#800,#1049,.T.);
#665=EDGE_CURVE('',#871,#881,#1050,.T.);
#666=EDGE_CURVE('',#881,#840,#1051,.T.);
#667=EDGE_CURVE('',#882,#881,#1052,.T.);
#668=EDGE_CURVE('',#882,#841,#1053,.T.);
#669=EDGE_CURVE('',#883,#882,#1054,.T.);
#670=EDGE_CURVE('',#883,#842,#1055,.T.);
#671=EDGE_CURVE('',#884,#885,#1056,.T.);
#672=EDGE_CURVE('',#884,#886,#1057,.T.);
#673=EDGE_CURVE('',#886,#887,#1058,.T.);
#674=EDGE_CURVE('',#885,#887,#1059,.T.);
#675=EDGE_CURVE('',#883,#888,#1060,.T.);
#676=EDGE_CURVE('',#888,#843,#1061,.T.);
#677=EDGE_CURVE('',#888,#869,#1062,.T.);
#678=EDGE_CURVE('',#889,#889,#40,.T.);
#679=EDGE_CURVE('',#890,#890,#41,.T.);
#680=EDGE_CURVE('',#891,#891,#42,.T.);
#681=EDGE_CURVE('',#892,#892,#43,.T.);
#682=EDGE_CURVE('',#893,#894,#1063,.T.);
#683=EDGE_CURVE('',#893,#895,#44,.F.);
#684=EDGE_CURVE('',#895,#896,#1064,.T.);
#685=EDGE_CURVE('',#896,#830,#45,.F.);
#686=EDGE_CURVE('',#829,#897,#46,.F.);
#687=EDGE_CURVE('',#898,#897,#1065,.T.);
#688=EDGE_CURVE('',#898,#894,#47,.F.);
#689=EDGE_CURVE('',#899,#900,#1066,.T.);
#690=EDGE_CURVE('',#899,#901,#48,.T.);
#691=EDGE_CURVE('',#901,#902,#1067,.T.);
#692=EDGE_CURVE('',#902,#903,#49,.T.);
#693=EDGE_CURVE('',#903,#904,#1068,.T.);
#694=EDGE_CURVE('',#904,#828,#50,.T.);
#695=EDGE_CURVE('',#827,#900,#51,.T.);
#696=EDGE_CURVE('',#901,#893,#1069,.T.);
#697=EDGE_CURVE('',#894,#902,#1070,.F.);
#698=EDGE_CURVE('',#905,#906,#1071,.T.);
#699=EDGE_CURVE('',#905,#907,#52,.T.);
#700=EDGE_CURVE('',#907,#908,#1072,.T.);
#701=EDGE_CURVE('',#908,#909,#53,.T.);
#702=EDGE_CURVE('',#909,#910,#1073,.T.);
#703=EDGE_CURVE('',#910,#911,#54,.T.);
#704=EDGE_CURVE('',#912,#911,#1074,.T.);
#705=EDGE_CURVE('',#912,#906,#55,.T.);
#706=EDGE_CURVE('',#903,#898,#1075,.T.);
#707=EDGE_CURVE('',#897,#904,#1076,.F.);
#708=EDGE_CURVE('',#913,#914,#1077,.T.);
#709=EDGE_CURVE('',#914,#915,#1078,.T.);
#710=EDGE_CURVE('',#915,#916,#1079,.T.);
#711=EDGE_CURVE('',#916,#913,#1080,.T.);
#712=EDGE_CURVE('',#895,#899,#1081,.F.);
#713=EDGE_CURVE('',#900,#896,#1082,.T.);
#714=EDGE_CURVE('',#917,#917,#56,.T.);
#715=EDGE_CURVE('',#918,#918,#57,.T.);
#716=EDGE_CURVE('',#919,#919,#58,.T.);
#717=EDGE_CURVE('',#920,#920,#59,.T.);
#718=EDGE_CURVE('',#921,#885,#1083,.T.);
#719=EDGE_CURVE('',#921,#922,#1084,.T.);
#720=EDGE_CURVE('',#922,#884,#1085,.T.);
#721=EDGE_CURVE('',#922,#923,#1086,.T.);
#722=EDGE_CURVE('',#923,#886,#1087,.T.);
#723=EDGE_CURVE('',#923,#924,#1088,.T.);
#724=EDGE_CURVE('',#924,#887,#1089,.T.);
#725=EDGE_CURVE('',#924,#921,#1090,.T.);
#726=EDGE_CURVE('',#907,#878,#1091,.T.);
#727=EDGE_CURVE('',#877,#908,#1092,.F.);
#728=EDGE_CURVE('',#879,#905,#1093,.F.);
#729=EDGE_CURVE('',#906,#880,#1094,.T.);
#730=EDGE_CURVE('',#911,#873,#1095,.T.);
#731=EDGE_CURVE('',#874,#912,#1096,.F.);
#732=EDGE_CURVE('',#909,#876,#1097,.T.);
#733=EDGE_CURVE('',#875,#910,#1098,.F.);
#734=EDGE_CURVE('',#823,#801,#1099,.T.);
#735=EDGE_CURVE('',#824,#802,#1100,.T.);
#736=EDGE_CURVE('',#826,#925,#1101,.T.);
#737=EDGE_CURVE('',#771,#925,#1102,.T.);
#738=EDGE_CURVE('',#825,#926,#1103,.T.);
#739=EDGE_CURVE('',#925,#926,#1104,.T.);
#740=EDGE_CURVE('',#772,#926,#1105,.T.);
#741=EDGE_CURVE('',#769,#927,#1106,.T.);
#742=EDGE_CURVE('',#819,#927,#1107,.T.);
#743=EDGE_CURVE('',#820,#793,#1108,.T.);
#744=EDGE_CURVE('',#822,#794,#1109,.T.);
#745=EDGE_CURVE('',#821,#928,#1110,.T.);
#746=EDGE_CURVE('',#779,#928,#1111,.T.);
#747=EDGE_CURVE('',#928,#927,#1112,.T.);
#748=EDGE_CURVE('',#815,#790,#1113,.T.);
#749=EDGE_CURVE('',#816,#789,#1114,.T.);
#750=EDGE_CURVE('',#818,#791,#1115,.T.);
#751=EDGE_CURVE('',#817,#792,#1116,.T.);
#752=EDGE_CURVE('',#811,#786,#1117,.T.);
#753=EDGE_CURVE('',#812,#785,#1118,.T.);
#754=EDGE_CURVE('',#814,#787,#1119,.T.);
#755=EDGE_CURVE('',#813,#788,#1120,.T.);
#756=EDGE_CURVE('',#807,#782,#1121,.T.);
#757=EDGE_CURVE('',#808,#781,#1122,.T.);
#758=EDGE_CURVE('',#810,#783,#1123,.T.);
#759=EDGE_CURVE('',#809,#784,#1124,.T.);
#760=EDGE_CURVE('',#833,#804,#1125,.T.);
#761=EDGE_CURVE('',#831,#805,#1126,.T.);
#762=EDGE_CURVE('',#832,#806,#1127,.T.);
#763=EDGE_CURVE('',#834,#803,#1128,.T.);
#764=EDGE_CURVE('',#913,#922,#1129,.F.);
#765=EDGE_CURVE('',#923,#916,#1130,.F.);
#766=EDGE_CURVE('',#924,#915,#1131,.T.);
#767=EDGE_CURVE('',#914,#921,#1132,.F.);
#768=VERTEX_POINT('',#2345);
#769=VERTEX_POINT('',#2346);
#770=VERTEX_POINT('',#2348);
#771=VERTEX_POINT('',#2350);
#772=VERTEX_POINT('',#2352);
#773=VERTEX_POINT('',#2354);
#774=VERTEX_POINT('',#2356);
#775=VERTEX_POINT('',#2358);
#776=VERTEX_POINT('',#2360);
#777=VERTEX_POINT('',#2362);
#778=VERTEX_POINT('',#2364);
#779=VERTEX_POINT('',#2366);
#780=VERTEX_POINT('',#2369);
#781=VERTEX_POINT('',#2372);
#782=VERTEX_POINT('',#2373);
#783=VERTEX_POINT('',#2375);
#784=VERTEX_POINT('',#2377);
#785=VERTEX_POINT('',#2380);
#786=VERTEX_POINT('',#2381);
#787=VERTEX_POINT('',#2383);
#788=VERTEX_POINT('',#2385);
#789=VERTEX_POINT('',#2388);
#790=VERTEX_POINT('',#2389);
#791=VERTEX_POINT('',#2391);
#792=VERTEX_POINT('',#2393);
#793=VERTEX_POINT('',#2396);
#794=VERTEX_POINT('',#2398);
#795=VERTEX_POINT('',#2401);
#796=VERTEX_POINT('',#2403);
#797=VERTEX_POINT('',#2405);
#798=VERTEX_POINT('',#2407);
#799=VERTEX_POINT('',#2409);
#800=VERTEX_POINT('',#2411);
#801=VERTEX_POINT('',#2414);
#802=VERTEX_POINT('',#2416);
#803=VERTEX_POINT('',#2419);
#804=VERTEX_POINT('',#2420);
#805=VERTEX_POINT('',#2422);
#806=VERTEX_POINT('',#2424);
#807=VERTEX_POINT('',#2428);
#808=VERTEX_POINT('',#2429);
#809=VERTEX_POINT('',#2431);
#810=VERTEX_POINT('',#2433);
#811=VERTEX_POINT('',#2436);
#812=VERTEX_POINT('',#2437);
#813=VERTEX_POINT('',#2439);
#814=VERTEX_POINT('',#2441);
#815=VERTEX_POINT('',#2444);
#816=VERTEX_POINT('',#2445);
#817=VERTEX_POINT('',#2447);
#818=VERTEX_POINT('',#2449);
#819=VERTEX_POINT('',#2452);
#820=VERTEX_POINT('',#2453);
#821=VERTEX_POINT('',#2455);
#822=VERTEX_POINT('',#2457);
#823=VERTEX_POINT('',#2460);
#824=VERTEX_POINT('',#2461);
#825=VERTEX_POINT('',#2463);
#826=VERTEX_POINT('',#2465);
#827=VERTEX_POINT('',#2468);
#828=VERTEX_POINT('',#2469);
#829=VERTEX_POINT('',#2471);
#830=VERTEX_POINT('',#2473);
#831=VERTEX_POINT('',#2476);
#832=VERTEX_POINT('',#2477);
#833=VERTEX_POINT('',#2479);
#834=VERTEX_POINT('',#2481);
#835=VERTEX_POINT('',#2485);
#836=VERTEX_POINT('',#2486);
#837=VERTEX_POINT('',#2488);
#838=VERTEX_POINT('',#2490);
#839=VERTEX_POINT('',#2492);
#840=VERTEX_POINT('',#2494);
#841=VERTEX_POINT('',#2496);
#842=VERTEX_POINT('',#2498);
#843=VERTEX_POINT('',#2500);
#844=VERTEX_POINT('',#2502);
#845=VERTEX_POINT('',#2504);
#846=VERTEX_POINT('',#2506);
#847=VERTEX_POINT('',#2509);
#848=VERTEX_POINT('',#2511);
#849=VERTEX_POINT('',#2513);
#850=VERTEX_POINT('',#2515);
#851=VERTEX_POINT('',#2519);
#852=VERTEX_POINT('',#2520);
#853=VERTEX_POINT('',#2525);
#854=VERTEX_POINT('',#2529);
#855=VERTEX_POINT('',#2531);
#856=VERTEX_POINT('',#2534);
#857=VERTEX_POINT('',#2539);
#858=VERTEX_POINT('',#2541);
#859=VERTEX_POINT('',#2545);
#860=VERTEX_POINT('',#2551);
#861=VERTEX_POINT('',#2553);
#862=VERTEX_POINT('',#2559);
#863=VERTEX_POINT('',#2561);
#864=VERTEX_POINT('',#2565);
#865=VERTEX_POINT('',#2567);
#866=VERTEX_POINT('',#2570);
#867=VERTEX_POINT('',#2574);
#868=VERTEX_POINT('',#2583);
#869=VERTEX_POINT('',#2587);
#870=VERTEX_POINT('',#2591);
#871=VERTEX_POINT('',#2593);
#872=VERTEX_POINT('',#2597);
#873=VERTEX_POINT('',#2601);
#874=VERTEX_POINT('',#2602);
#875=VERTEX_POINT('',#2604);
#876=VERTEX_POINT('',#2606);
#877=VERTEX_POINT('',#2608);
#878=VERTEX_POINT('',#2610);
#879=VERTEX_POINT('',#2612);
#880=VERTEX_POINT('',#2614);
#881=VERTEX_POINT('',#2619);
#882=VERTEX_POINT('',#2623);
#883=VERTEX_POINT('',#2627);
#884=VERTEX_POINT('',#2631);
#885=VERTEX_POINT('',#2632);
#886=VERTEX_POINT('',#2634);
#887=VERTEX_POINT('',#2636);
#888=VERTEX_POINT('',#2639);
#889=VERTEX_POINT('',#2645);
#890=VERTEX_POINT('',#2647);
#891=VERTEX_POINT('',#2649);
#892=VERTEX_POINT('',#2651);
#893=VERTEX_POINT('',#2653);
#894=VERTEX_POINT('',#2654);
#895=VERTEX_POINT('',#2656);
#896=VERTEX_POINT('',#2658);
#897=VERTEX_POINT('',#2661);
#898=VERTEX_POINT('',#2663);
#899=VERTEX_POINT('',#2667);
#900=VERTEX_POINT('',#2668);
#901=VERTEX_POINT('',#2670);
#902=VERTEX_POINT('',#2672);
#903=VERTEX_POINT('',#2674);
#904=VERTEX_POINT('',#2676);
#905=VERTEX_POINT('',#2684);
#906=VERTEX_POINT('',#2685);
#907=VERTEX_POINT('',#2687);
#908=VERTEX_POINT('',#2689);
#909=VERTEX_POINT('',#2691);
#910=VERTEX_POINT('',#2693);
#911=VERTEX_POINT('',#2695);
#912=VERTEX_POINT('',#2697);
#913=VERTEX_POINT('',#2703);
#914=VERTEX_POINT('',#2704);
#915=VERTEX_POINT('',#2706);
#916=VERTEX_POINT('',#2708);
#917=VERTEX_POINT('',#2714);
#918=VERTEX_POINT('',#2718);
#919=VERTEX_POINT('',#2722);
#920=VERTEX_POINT('',#2726);
#921=VERTEX_POINT('',#2730);
#922=VERTEX_POINT('',#2732);
#923=VERTEX_POINT('',#2736);
#924=VERTEX_POINT('',#2740);
#925=VERTEX_POINT('',#2761);
#926=VERTEX_POINT('',#2765);
#927=VERTEX_POINT('',#2772);
#928=VERTEX_POINT('',#2779);
#929=LINE('',#2344,#1133);
#930=LINE('',#2347,#1134);
#931=LINE('',#2349,#1135);
#932=LINE('',#2351,#1136);
#933=LINE('',#2353,#1137);
#934=LINE('',#2355,#1138);
#935=LINE('',#2357,#1139);
#936=LINE('',#2359,#1140);
#937=LINE('',#2361,#1141);
#938=LINE('',#2363,#1142);
#939=LINE('',#2365,#1143);
#940=LINE('',#2367,#1144);
#941=LINE('',#2371,#1145);
#942=LINE('',#2374,#1146);
#943=LINE('',#2376,#1147);
#944=LINE('',#2378,#1148);
#945=LINE('',#2379,#1149);
#946=LINE('',#2382,#1150);
#947=LINE('',#2384,#1151);
#948=LINE('',#2386,#1152);
#949=LINE('',#2387,#1153);
#950=LINE('',#2390,#1154);
#951=LINE('',#2392,#1155);
#952=LINE('',#2394,#1156);
#953=LINE('',#2395,#1157);
#954=LINE('',#2397,#1158);
#955=LINE('',#2399,#1159);
#956=LINE('',#2400,#1160);
#957=LINE('',#2402,#1161);
#958=LINE('',#2404,#1162);
#959=LINE('',#2406,#1163);
#960=LINE('',#2408,#1164);
#961=LINE('',#2410,#1165);
#962=LINE('',#2412,#1166);
#963=LINE('',#2413,#1167);
#964=LINE('',#2415,#1168);
#965=LINE('',#2417,#1169);
#966=LINE('',#2418,#1170);
#967=LINE('',#2421,#1171);
#968=LINE('',#2423,#1172);
#969=LINE('',#2425,#1173);
#970=LINE('',#2427,#1174);
#971=LINE('',#2430,#1175);
#972=LINE('',#2432,#1176);
#973=LINE('',#2434,#1177);
#974=LINE('',#2435,#1178);
#975=LINE('',#2438,#1179);
#976=LINE('',#2440,#1180);
#977=LINE('',#2442,#1181);
#978=LINE('',#2443,#1182);
#979=LINE('',#2446,#1183);
#980=LINE('',#2448,#1184);
#981=LINE('',#2450,#1185);
#982=LINE('',#2451,#1186);
#983=LINE('',#2454,#1187);
#984=LINE('',#2456,#1188);
#985=LINE('',#2458,#1189);
#986=LINE('',#2459,#1190);
#987=LINE('',#2462,#1191);
#988=LINE('',#2464,#1192);
#989=LINE('',#2466,#1193);
#990=LINE('',#2467,#1194);
#991=LINE('',#2470,#1195);
#992=LINE('',#2472,#1196);
#993=LINE('',#2474,#1197);
#994=LINE('',#2475,#1198);
#995=LINE('',#2478,#1199);
#996=LINE('',#2480,#1200);
#997=LINE('',#2482,#1201);
#998=LINE('',#2484,#1202);
#999=LINE('',#2487,#1203);
#1000=LINE('',#2489,#1204);
#1001=LINE('',#2491,#1205);
#1002=LINE('',#2493,#1206);
#1003=LINE('',#2495,#1207);
#1004=LINE('',#2497,#1208);
#1005=LINE('',#2499,#1209);
#1006=LINE('',#2501,#1210);
#1007=LINE('',#2503,#1211);
#1008=LINE('',#2505,#1212);
#1009=LINE('',#2507,#1213);
#1010=LINE('',#2508,#1214);
#1011=LINE('',#2510,#1215);
#1012=LINE('',#2512,#1216);
#1013=LINE('',#2514,#1217);
#1014=LINE('',#2516,#1218);
#1015=LINE('',#2518,#1219);
#1016=LINE('',#2521,#1220);
#1017=LINE('',#2522,#1221);
#1018=LINE('',#2524,#1222);
#1019=LINE('',#2526,#1223);
#1020=LINE('',#2533,#1224);
#1021=LINE('',#2535,#1225);
#1022=LINE('',#2538,#1226);
#1023=LINE('',#2540,#1227);
#1024=LINE('',#2542,#1228);
#1025=LINE('',#2544,#1229);
#1026=LINE('',#2546,#1230);
#1027=LINE('',#2548,#1231);
#1028=LINE('',#2555,#1232);
#1029=LINE('',#2558,#1233);
#1030=LINE('',#2560,#1234);
#1031=LINE('',#2562,#1235);
#1032=LINE('',#2569,#1236);
#1033=LINE('',#2571,#1237);
#1034=LINE('',#2573,#1238);
#1035=LINE('',#2575,#1239);
#1036=LINE('',#2578,#1240);
#1037=LINE('',#2579,#1241);
#1038=LINE('',#2586,#1242);
#1039=LINE('',#2588,#1243);
#1040=LINE('',#2590,#1244);
#1041=LINE('',#2592,#1245);
#1042=LINE('',#2594,#1246);
#1043=LINE('',#2596,#1247);
#1044=LINE('',#2598,#1248);
#1045=LINE('',#2600,#1249);
#1046=LINE('',#2605,#1250);
#1047=LINE('',#2609,#1251);
#1048=LINE('',#2613,#1252);
#1049=LINE('',#2616,#1253);
#1050=LINE('',#2618,#1254);
#1051=LINE('',#2620,#1255);
#1052=LINE('',#2622,#1256);
#1053=LINE('',#2624,#1257);
#1054=LINE('',#2626,#1258);
#1055=LINE('',#2628,#1259);
#1056=LINE('',#2630,#1260);
#1057=LINE('',#2633,#1261);
#1058=LINE('',#2635,#1262);
#1059=LINE('',#2637,#1263);
#1060=LINE('',#2638,#1264);
#1061=LINE('',#2640,#1265);
#1062=LINE('',#2642,#1266);
#1063=LINE('',#2652,#1267);
#1064=LINE('',#2657,#1268);
#1065=LINE('',#2662,#1269);
#1066=LINE('',#2666,#1270);
#1067=LINE('',#2671,#1271);
#1068=LINE('',#2675,#1272);
#1069=LINE('',#2680,#1273);
#1070=LINE('',#2681,#1274);
#1071=LINE('',#2683,#1275);
#1072=LINE('',#2688,#1276);
#1073=LINE('',#2692,#1277);
#1074=LINE('',#2696,#1278);
#1075=LINE('',#2699,#1279);
#1076=LINE('',#2700,#1280);
#1077=LINE('',#2702,#1281);
#1078=LINE('',#2705,#1282);
#1079=LINE('',#2707,#1283);
#1080=LINE('',#2709,#1284);
#1081=LINE('',#2710,#1285);
#1082=LINE('',#2711,#1286);
#1083=LINE('',#2729,#1287);
#1084=LINE('',#2731,#1288);
#1085=LINE('',#2733,#1289);
#1086=LINE('',#2735,#1290);
#1087=LINE('',#2737,#1291);
#1088=LINE('',#2739,#1292);
#1089=LINE('',#2741,#1293);
#1090=LINE('',#2743,#1294);
#1091=LINE('',#2745,#1295);
#1092=LINE('',#2746,#1296);
#1093=LINE('',#2748,#1297);
#1094=LINE('',#2749,#1298);
#1095=LINE('',#2751,#1299);
#1096=LINE('',#2752,#1300);
#1097=LINE('',#2754,#1301);
#1098=LINE('',#2755,#1302);
#1099=LINE('',#2757,#1303);
#1100=LINE('',#2758,#1304);
#1101=LINE('',#2760,#1305);
#1102=LINE('',#2762,#1306);
#1103=LINE('',#2764,#1307);
#1104=LINE('',#2766,#1308);
#1105=LINE('',#2768,#1309);
#1106=LINE('',#2771,#1310);
#1107=LINE('',#2773,#1311);
#1108=LINE('',#2774,#1312);
#1109=LINE('',#2776,#1313);
#1110=LINE('',#2778,#1314);
#1111=LINE('',#2780,#1315);
#1112=LINE('',#2782,#1316);
#1113=LINE('',#2785,#1317);
#1114=LINE('',#2786,#1318);
#1115=LINE('',#2788,#1319);
#1116=LINE('',#2790,#1320);
#1117=LINE('',#2793,#1321);
#1118=LINE('',#2794,#1322);
#1119=LINE('',#2796,#1323);
#1120=LINE('',#2798,#1324);
#1121=LINE('',#2801,#1325);
#1122=LINE('',#2802,#1326);
#1123=LINE('',#2804,#1327);
#1124=LINE('',#2806,#1328);
#1125=LINE('',#2809,#1329);
#1126=LINE('',#2810,#1330);
#1127=LINE('',#2812,#1331);
#1128=LINE('',#2814,#1332);
#1129=LINE('',#2825,#1333);
#1130=LINE('',#2826,#1334);
#1131=LINE('',#2828,#1335);
#1132=LINE('',#2830,#1336);
#1133=VECTOR('',#1892,1.);
#1134=VECTOR('',#1893,1.);
#1135=VECTOR('',#1894,1.);
#1136=VECTOR('',#1895,1.);
#1137=VECTOR('',#1896,1.);
#1138=VECTOR('',#1897,1.);
#1139=VECTOR('',#1898,1.);
#1140=VECTOR('',#1899,1.);
#1141=VECTOR('',#1900,1.);
#1142=VECTOR('',#1901,1.);
#1143=VECTOR('',#1902,1.);
#1144=VECTOR('',#1903,1.);
#1145=VECTOR('',#1908,1.);
#1146=VECTOR('',#1909,1.);
#1147=VECTOR('',#1910,1.);
#1148=VECTOR('',#1911,1.);
#1149=VECTOR('',#1912,1.);
#1150=VECTOR('',#1913,1.);
#1151=VECTOR('',#1914,1.);
#1152=VECTOR('',#1915,1.);
#1153=VECTOR('',#1916,1.);
#1154=VECTOR('',#1917,1.);
#1155=VECTOR('',#1918,1.);
#1156=VECTOR('',#1919,1.);
#1157=VECTOR('',#1920,1.);
#1158=VECTOR('',#1921,1.);
#1159=VECTOR('',#1922,1.);
#1160=VECTOR('',#1923,1.);
#1161=VECTOR('',#1924,1.);
#1162=VECTOR('',#1925,1.);
#1163=VECTOR('',#1926,1.);
#1164=VECTOR('',#1927,1.);
#1165=VECTOR('',#1928,1.);
#1166=VECTOR('',#1929,1.);
#1167=VECTOR('',#1930,1.);
#1168=VECTOR('',#1931,1.);
#1169=VECTOR('',#1932,1.);
#1170=VECTOR('',#1933,1.);
#1171=VECTOR('',#1934,1.);
#1172=VECTOR('',#1935,1.);
#1173=VECTOR('',#1936,1.);
#1174=VECTOR('',#1939,1.);
#1175=VECTOR('',#1940,1.);
#1176=VECTOR('',#1941,1.);
#1177=VECTOR('',#1942,1.);
#1178=VECTOR('',#1943,1.);
#1179=VECTOR('',#1944,1.);
#1180=VECTOR('',#1945,1.);
#1181=VECTOR('',#1946,1.);
#1182=VECTOR('',#1947,1.);
#1183=VECTOR('',#1948,1.);
#1184=VECTOR('',#1949,1.);
#1185=VECTOR('',#1950,1.);
#1186=VECTOR('',#1951,1.);
#1187=VECTOR('',#1952,1.);
#1188=VECTOR('',#1953,1.);
#1189=VECTOR('',#1954,1.);
#1190=VECTOR('',#1955,1.);
#1191=VECTOR('',#1956,1.);
#1192=VECTOR('',#1957,1.);
#1193=VECTOR('',#1958,1.);
#1194=VECTOR('',#1959,1.);
#1195=VECTOR('',#1960,1.);
#1196=VECTOR('',#1961,1.);
#1197=VECTOR('',#1962,1.);
#1198=VECTOR('',#1963,1.);
#1199=VECTOR('',#1964,1.);
#1200=VECTOR('',#1965,1.);
#1201=VECTOR('',#1966,1.);
#1202=VECTOR('',#1969,1.);
#1203=VECTOR('',#1970,1.);
#1204=VECTOR('',#1971,1.);
#1205=VECTOR('',#1972,1.);
#1206=VECTOR('',#1973,1.);
#1207=VECTOR('',#1974,1.);
#1208=VECTOR('',#1975,1.);
#1209=VECTOR('',#1976,1.);
#1210=VECTOR('',#1977,1.);
#1211=VECTOR('',#1978,1.);
#1212=VECTOR('',#1979,1.);
#1213=VECTOR('',#1980,1.);
#1214=VECTOR('',#1981,1.);
#1215=VECTOR('',#1982,1.);
#1216=VECTOR('',#1983,1.);
#1217=VECTOR('',#1984,1.);
#1218=VECTOR('',#1985,1.);
#1219=VECTOR('',#1988,1.);
#1220=VECTOR('',#1989,1.);
#1221=VECTOR('',#1990,1.);
#1222=VECTOR('',#1993,1.);
#1223=VECTOR('',#1994,1.);
#1224=VECTOR('',#2003,1.);
#1225=VECTOR('',#2004,1.);
#1226=VECTOR('',#2009,1.);
#1227=VECTOR('',#2010,1.);
#1228=VECTOR('',#2011,1.);
#1229=VECTOR('',#2014,1.);
#1230=VECTOR('',#2015,1.);
#1231=VECTOR('',#2018,1.);
#1232=VECTOR('',#2027,1.);
#1233=VECTOR('',#2032,1.);
#1234=VECTOR('',#2033,1.);
#1235=VECTOR('',#2034,1.);
#1236=VECTOR('',#2043,1.);
#1237=VECTOR('',#2044,1.);
#1238=VECTOR('',#2047,1.);
#1239=VECTOR('',#2048,1.);
#1240=VECTOR('',#2053,1.);
#1241=VECTOR('',#2054,1.);
#1242=VECTOR('',#2065,1.);
#1243=VECTOR('',#2066,1.);
#1244=VECTOR('',#2069,1.);
#1245=VECTOR('',#2070,1.);
#1246=VECTOR('',#2071,1.);
#1247=VECTOR('',#2074,1.);
#1248=VECTOR('',#2075,1.);
#1249=VECTOR('',#2078,1.);
#1250=VECTOR('',#2081,1.);
#1251=VECTOR('',#2084,1.);
#1252=VECTOR('',#2087,1.);
#1253=VECTOR('',#2090,1.);
#1254=VECTOR('',#2093,1.);
#1255=VECTOR('',#2094,1.);
#1256=VECTOR('',#2097,1.);
#1257=VECTOR('',#2098,1.);
#1258=VECTOR('',#2101,1.);
#1259=VECTOR('',#2102,1.);
#1260=VECTOR('',#2105,1.);
#1261=VECTOR('',#2106,1.);
#1262=VECTOR('',#2107,1.);
#1263=VECTOR('',#2108,1.);
#1264=VECTOR('',#2109,1.);
#1265=VECTOR('',#2110,1.);
#1266=VECTOR('',#2113,1.);
#1267=VECTOR('',#2124,1.);
#1268=VECTOR('',#2127,1.);
#1269=VECTOR('',#2132,1.);
#1270=VECTOR('',#2137,1.);
#1271=VECTOR('',#2140,1.);
#1272=VECTOR('',#2143,1.);
#1273=VECTOR('',#2150,1.);
#1274=VECTOR('',#2151,1.);
#1275=VECTOR('',#2154,1.);
#1276=VECTOR('',#2157,1.);
#1277=VECTOR('',#2160,1.);
#1278=VECTOR('',#2163,1.);
#1279=VECTOR('',#2166,1.);
#1280=VECTOR('',#2167,1.);
#1281=VECTOR('',#2170,1.);
#1282=VECTOR('',#2171,1.);
#1283=VECTOR('',#2172,1.);
#1284=VECTOR('',#2173,1.);
#1285=VECTOR('',#2174,1.);
#1286=VECTOR('',#2175,1.);
#1287=VECTOR('',#2202,1.);
#1288=VECTOR('',#2203,1.);
#1289=VECTOR('',#2204,1.);
#1290=VECTOR('',#2207,1.);
#1291=VECTOR('',#2208,1.);
#1292=VECTOR('',#2211,1.);
#1293=VECTOR('',#2212,1.);
#1294=VECTOR('',#2215,1.);
#1295=VECTOR('',#2218,1.);
#1296=VECTOR('',#2219,1.);
#1297=VECTOR('',#2222,1.);
#1298=VECTOR('',#2223,1.);
#1299=VECTOR('',#2226,1.);
#1300=VECTOR('',#2227,1.);
#1301=VECTOR('',#2230,1.);
#1302=VECTOR('',#2231,1.);
#1303=VECTOR('',#2234,1.);
#1304=VECTOR('',#2235,1.);
#1305=VECTOR('',#2238,1.);
#1306=VECTOR('',#2239,1.);
#1307=VECTOR('',#2242,1.);
#1308=VECTOR('',#2243,1.);
#1309=VECTOR('',#2246,1.);
#1310=VECTOR('',#2251,1.);
#1311=VECTOR('',#2252,1.);
#1312=VECTOR('',#2253,1.);
#1313=VECTOR('',#2256,1.);
#1314=VECTOR('',#2259,1.);
#1315=VECTOR('',#2260,1.);
#1316=VECTOR('',#2263,1.);
#1317=VECTOR('',#2268,1.);
#1318=VECTOR('',#2269,1.);
#1319=VECTOR('',#2272,1.);
#1320=VECTOR('',#2275,1.);
#1321=VECTOR('',#2280,1.);
#1322=VECTOR('',#2281,1.);
#1323=VECTOR('',#2284,1.);
#1324=VECTOR('',#2287,1.);
#1325=VECTOR('',#2292,1.);
#1326=VECTOR('',#2293,1.);
#1327=VECTOR('',#2296,1.);
#1328=VECTOR('',#2299,1.);
#1329=VECTOR('',#2304,1.);
#1330=VECTOR('',#2305,1.);
#1331=VECTOR('',#2308,1.);
#1332=VECTOR('',#2311,1.);
#1333=VECTOR('',#2332,1.);
#1334=VECTOR('',#2333,1.);
#1335=VECTOR('',#2336,1.);
#1336=VECTOR('',#2339,1.);
#1337=EDGE_LOOP('',(#60,#61,#62,#63,#64,#65,#66,#67,#68,#69,#70,#71));
#1338=EDGE_LOOP('',(#72));
#1339=EDGE_LOOP('',(#73,#74,#75,#76));
#1340=EDGE_LOOP('',(#77,#78,#79,#80));
#1341=EDGE_LOOP('',(#81,#82,#83,#84));
#1342=EDGE_LOOP('',(#85,#86,#87,#88,#89,#90,#91,#92,#93,#94,#95,#96,#97,
#98,#99,#100));
#1343=EDGE_LOOP('',(#101,#102,#103,#104));
#1344=EDGE_LOOP('',(#105,#106,#107,#108));
#1345=EDGE_LOOP('',(#109,#110,#111,#112));
#1346=EDGE_LOOP('',(#113,#114,#115,#116));
#1347=EDGE_LOOP('',(#117,#118,#119,#120));
#1348=EDGE_LOOP('',(#121,#122,#123,#124));
#1349=EDGE_LOOP('',(#125,#126,#127,#128));
#1350=EDGE_LOOP('',(#129,#130,#131,#132));
#1351=EDGE_LOOP('',(#133,#134,#135,#136,#137,#138,#139,#140,#141,#142,#143,
#144,#145,#146,#147,#148,#149,#150));
#1352=EDGE_LOOP('',(#151,#152,#153,#154));
#1353=EDGE_LOOP('',(#155,#156,#157,#158));
#1354=EDGE_LOOP('',(#159));
#1355=EDGE_LOOP('',(#160));
#1356=EDGE_LOOP('',(#161));
#1357=EDGE_LOOP('',(#162,#163,#164,#165));
#1358=EDGE_LOOP('',(#166));
#1359=EDGE_LOOP('',(#167,#168,#169,#170));
#1360=EDGE_LOOP('',(#171,#172,#173,#174));
#1361=EDGE_LOOP('',(#175,#176,#177,#178));
#1362=EDGE_LOOP('',(#179));
#1363=EDGE_LOOP('',(#180));
#1364=EDGE_LOOP('',(#181,#182,#183,#184,#185));
#1365=EDGE_LOOP('',(#186));
#1366=EDGE_LOOP('',(#187));
#1367=EDGE_LOOP('',(#188,#189,#190,#191));
#1368=EDGE_LOOP('',(#192));
#1369=EDGE_LOOP('',(#193));
#1370=EDGE_LOOP('',(#194,#195,#196,#197));
#1371=EDGE_LOOP('',(#198));
#1372=EDGE_LOOP('',(#199,#200,#201,#202));
#1373=EDGE_LOOP('',(#203));
#1374=EDGE_LOOP('',(#204,#205,#206,#207));
#1375=EDGE_LOOP('',(#208,#209,#210,#211));
#1376=EDGE_LOOP('',(#212));
#1377=EDGE_LOOP('',(#213));
#1378=EDGE_LOOP('',(#214));
#1379=EDGE_LOOP('',(#215,#216,#217,#218));
#1380=EDGE_LOOP('',(#219,#220,#221,#222,#223,#224));
#1381=EDGE_LOOP('',(#225,#226,#227,#228,#229,#230,#231,#232));
#1382=EDGE_LOOP('',(#233,#234,#235,#236,#237,#238,#239,#240));
#1383=EDGE_LOOP('',(#241,#242,#243,#244,#245,#246,#247,#248));
#1384=EDGE_LOOP('',(#249,#250,#251,#252));
#1385=EDGE_LOOP('',(#253,#254,#255,#256));
#1386=EDGE_LOOP('',(#257,#258,#259,#260));
#1387=EDGE_LOOP('',(#261,#262,#263,#264));
#1388=EDGE_LOOP('',(#265,#266,#267,#268));
#1389=EDGE_LOOP('',(#269,#270,#271,#272,#273));
#1390=EDGE_LOOP('',(#274));
#1391=EDGE_LOOP('',(#275));
#1392=EDGE_LOOP('',(#276));
#1393=EDGE_LOOP('',(#277));
#1394=EDGE_LOOP('',(#278,#279,#280,#281,#282,#283,#284,#285,#286,#287));
#1395=EDGE_LOOP('',(#288,#289,#290,#291,#292,#293,#294,#295));
#1396=EDGE_LOOP('',(#296,#297,#298,#299,#300,#301,#302,#303));
#1397=EDGE_LOOP('',(#304,#305,#306,#307));
#1398=EDGE_LOOP('',(#308,#309,#310,#311,#312,#313,#314,#315));
#1399=EDGE_LOOP('',(#316,#317,#318,#319));
#1400=EDGE_LOOP('',(#320,#321,#322,#323));
#1401=EDGE_LOOP('',(#324,#325,#326,#327));
#1402=EDGE_LOOP('',(#328));
#1403=EDGE_LOOP('',(#329));
#1404=EDGE_LOOP('',(#330));
#1405=EDGE_LOOP('',(#331));
#1406=EDGE_LOOP('',(#332));
#1407=EDGE_LOOP('',(#333));
#1408=EDGE_LOOP('',(#334));
#1409=EDGE_LOOP('',(#335));
#1410=EDGE_LOOP('',(#336));
#1411=EDGE_LOOP('',(#337));
#1412=EDGE_LOOP('',(#338));
#1413=EDGE_LOOP('',(#339));
#1414=EDGE_LOOP('',(#340,#341,#342,#343));
#1415=EDGE_LOOP('',(#344,#345,#346,#347));
#1416=EDGE_LOOP('',(#348,#349,#350,#351));
#1417=EDGE_LOOP('',(#352,#353,#354,#355));
#1418=EDGE_LOOP('',(#356,#357,#358,#359));
#1419=EDGE_LOOP('',(#360,#361,#362,#363));
#1420=EDGE_LOOP('',(#364,#365,#366,#367));
#1421=EDGE_LOOP('',(#368,#369,#370,#371));
#1422=EDGE_LOOP('',(#372,#373,#374,#375));
#1423=EDGE_LOOP('',(#376,#377,#378,#379,#380,#381));
#1424=EDGE_LOOP('',(#382,#383,#384,#385));
#1425=EDGE_LOOP('',(#386,#387,#388,#389,#390,#391));
#1426=EDGE_LOOP('',(#392,#393,#394,#395));
#1427=EDGE_LOOP('',(#396,#397,#398,#399,#400,#401));
#1428=EDGE_LOOP('',(#402,#403,#404,#405));
#1429=EDGE_LOOP('',(#406,#407,#408,#409,#410,#411));
#1430=EDGE_LOOP('',(#412,#413,#414,#415));
#1431=EDGE_LOOP('',(#416,#417,#418,#419));
#1432=EDGE_LOOP('',(#420,#421,#422,#423));
#1433=EDGE_LOOP('',(#424,#425,#426,#427));
#1434=EDGE_LOOP('',(#428,#429,#430,#431));
#1435=EDGE_LOOP('',(#432,#433,#434,#435));
#1436=EDGE_LOOP('',(#436,#437,#438,#439));
#1437=EDGE_LOOP('',(#440,#441,#442,#443));
#1438=EDGE_LOOP('',(#444,#445,#446,#447));
#1439=EDGE_LOOP('',(#448,#449,#450,#451));
#1440=EDGE_LOOP('',(#452,#453,#454,#455));
#1441=EDGE_LOOP('',(#456,#457,#458,#459));
#1442=EDGE_LOOP('',(#460,#461,#462,#463));
#1443=EDGE_LOOP('',(#464,#465,#466,#467));
#1444=EDGE_LOOP('',(#468,#469,#470,#471));
#1445=EDGE_LOOP('',(#472,#473,#474,#475));
#1446=EDGE_LOOP('',(#476,#477,#478,#479));
#1447=EDGE_LOOP('',(#480,#481,#482,#483));
#1448=EDGE_LOOP('',(#484,#485,#486,#487));
#1449=EDGE_LOOP('',(#488,#489,#490,#491));
#1450=EDGE_LOOP('',(#492,#493,#494,#495));
#1451=EDGE_LOOP('',(#496,#497,#498,#499));
#1452=EDGE_LOOP('',(#500,#501,#502,#503));
#1453=EDGE_LOOP('',(#504,#505,#506,#507));
#1454=EDGE_LOOP('',(#508,#509,#510,#511));
#1455=EDGE_LOOP('',(#512,#513,#514,#515));
#1456=EDGE_LOOP('',(#516,#517,#518,#519));
#1457=EDGE_LOOP('',(#520,#521,#522,#523));
#1458=EDGE_LOOP('',(#524,#525,#526,#527));
#1459=EDGE_LOOP('',(#528,#529,#530,#531));
#1460=FACE_BOUND('',#1337,.T.);
#1461=FACE_BOUND('',#1338,.T.);
#1462=FACE_BOUND('',#1339,.T.);
#1463=FACE_BOUND('',#1340,.T.);
#1464=FACE_BOUND('',#1341,.T.);
#1465=FACE_BOUND('',#1342,.T.);
#1466=FACE_BOUND('',#1343,.T.);
#1467=FACE_BOUND('',#1344,.T.);
#1468=FACE_BOUND('',#1345,.T.);
#1469=FACE_BOUND('',#1346,.T.);
#1470=FACE_BOUND('',#1347,.T.);
#1471=FACE_BOUND('',#1348,.T.);
#1472=FACE_BOUND('',#1349,.T.);
#1473=FACE_BOUND('',#1350,.T.);
#1474=FACE_BOUND('',#1351,.T.);
#1475=FACE_BOUND('',#1352,.T.);
#1476=FACE_BOUND('',#1353,.T.);
#1477=FACE_BOUND('',#1354,.T.);
#1478=FACE_BOUND('',#1355,.T.);
#1479=FACE_BOUND('',#1356,.T.);
#1480=FACE_BOUND('',#1357,.T.);
#1481=FACE_BOUND('',#1358,.T.);
#1482=FACE_BOUND('',#1359,.T.);
#1483=FACE_BOUND('',#1360,.T.);
#1484=FACE_BOUND('',#1361,.T.);
#1485=FACE_BOUND('',#1362,.T.);
#1486=FACE_BOUND('',#1363,.T.);
#1487=FACE_BOUND('',#1364,.T.);
#1488=FACE_BOUND('',#1365,.T.);
#1489=FACE_BOUND('',#1366,.T.);
#1490=FACE_BOUND('',#1367,.T.);
#1491=FACE_BOUND('',#1368,.T.);
#1492=FACE_BOUND('',#1369,.T.);
#1493=FACE_BOUND('',#1370,.T.);
#1494=FACE_BOUND('',#1371,.T.);
#1495=FACE_BOUND('',#1372,.T.);
#1496=FACE_BOUND('',#1373,.T.);
#1497=FACE_BOUND('',#1374,.T.);
#1498=FACE_BOUND('',#1375,.T.);
#1499=FACE_BOUND('',#1376,.T.);
#1500=FACE_BOUND('',#1377,.T.);
#1501=FACE_BOUND('',#1378,.T.);
#1502=FACE_BOUND('',#1379,.T.);
#1503=FACE_BOUND('',#1380,.T.);
#1504=FACE_BOUND('',#1381,.T.);
#1505=FACE_BOUND('',#1382,.T.);
#1506=FACE_BOUND('',#1383,.T.);
#1507=FACE_BOUND('',#1384,.T.);
#1508=FACE_BOUND('',#1385,.T.);
#1509=FACE_BOUND('',#1386,.T.);
#1510=FACE_BOUND('',#1387,.T.);
#1511=FACE_BOUND('',#1388,.T.);
#1512=FACE_BOUND('',#1389,.T.);
#1513=FACE_BOUND('',#1390,.T.);
#1514=FACE_BOUND('',#1391,.T.);
#1515=FACE_BOUND('',#1392,.T.);
#1516=FACE_BOUND('',#1393,.T.);
#1517=FACE_BOUND('',#1394,.T.);
#1518=FACE_BOUND('',#1395,.T.);
#1519=FACE_BOUND('',#1396,.T.);
#1520=FACE_BOUND('',#1397,.T.);
#1521=FACE_BOUND('',#1398,.T.);
#1522=FACE_BOUND('',#1399,.T.);
#1523=FACE_BOUND('',#1400,.T.);
#1524=FACE_BOUND('',#1401,.T.);
#1525=FACE_BOUND('',#1402,.T.);
#1526=FACE_BOUND('',#1403,.T.);
#1527=FACE_BOUND('',#1404,.T.);
#1528=FACE_BOUND('',#1405,.T.);
#1529=FACE_BOUND('',#1406,.T.);
#1530=FACE_BOUND('',#1407,.T.);
#1531=FACE_BOUND('',#1408,.T.);
#1532=FACE_BOUND('',#1409,.T.);
#1533=FACE_BOUND('',#1410,.T.);
#1534=FACE_BOUND('',#1411,.T.);
#1535=FACE_BOUND('',#1412,.T.);
#1536=FACE_BOUND('',#1413,.T.);
#1537=FACE_BOUND('',#1414,.T.);
#1538=FACE_BOUND('',#1415,.T.);
#1539=FACE_BOUND('',#1416,.T.);
#1540=FACE_BOUND('',#1417,.T.);
#1541=FACE_BOUND('',#1418,.T.);
#1542=FACE_BOUND('',#1419,.T.);
#1543=FACE_BOUND('',#1420,.T.);
#1544=FACE_BOUND('',#1421,.T.);
#1545=FACE_BOUND('',#1422,.T.);
#1546=FACE_BOUND('',#1423,.T.);
#1547=FACE_BOUND('',#1424,.T.);
#1548=FACE_BOUND('',#1425,.T.);
#1549=FACE_BOUND('',#1426,.T.);
#1550=FACE_BOUND('',#1427,.T.);
#1551=FACE_BOUND('',#1428,.T.);
#1552=FACE_BOUND('',#1429,.T.);
#1553=FACE_BOUND('',#1430,.T.);
#1554=FACE_BOUND('',#1431,.T.);
#1555=FACE_BOUND('',#1432,.T.);
#1556=FACE_BOUND('',#1433,.T.);
#1557=FACE_BOUND('',#1434,.T.);
#1558=FACE_BOUND('',#1435,.T.);
#1559=FACE_BOUND('',#1436,.T.);
#1560=FACE_BOUND('',#1437,.T.);
#1561=FACE_BOUND('',#1438,.T.);
#1562=FACE_BOUND('',#1439,.T.);
#1563=FACE_BOUND('',#1440,.T.);
#1564=FACE_BOUND('',#1441,.T.);
#1565=FACE_BOUND('',#1442,.T.);
#1566=FACE_BOUND('',#1443,.T.);
#1567=FACE_BOUND('',#1444,.T.);
#1568=FACE_BOUND('',#1445,.T.);
#1569=FACE_BOUND('',#1446,.T.);
#1570=FACE_BOUND('',#1447,.T.);
#1571=FACE_BOUND('',#1448,.T.);
#1572=FACE_BOUND('',#1449,.T.);
#1573=FACE_BOUND('',#1450,.T.);
#1574=FACE_BOUND('',#1451,.T.);
#1575=FACE_BOUND('',#1452,.T.);
#1576=FACE_BOUND('',#1453,.T.);
#1577=FACE_BOUND('',#1454,.T.);
#1578=FACE_BOUND('',#1455,.T.);
#1579=FACE_BOUND('',#1456,.T.);
#1580=FACE_BOUND('',#1457,.T.);
#1581=FACE_BOUND('',#1458,.T.);
#1582=FACE_BOUND('',#1459,.T.);
#1583=PLANE('',#1764);
#1584=PLANE('',#1766);
#1585=PLANE('',#1767);
#1586=PLANE('',#1768);
#1587=PLANE('',#1769);
#1588=PLANE('',#1770);
#1589=PLANE('',#1774);
#1590=PLANE('',#1775);
#1591=PLANE('',#1776);
#1592=PLANE('',#1777);
#1593=PLANE('',#1778);
#1594=PLANE('',#1782);
#1595=PLANE('',#1783);
#1596=PLANE('',#1784);
#1597=PLANE('',#1788);
#1598=PLANE('',#1789);
#1599=PLANE('',#1790);
#1600=PLANE('',#1791);
#1601=PLANE('',#1792);
#1602=PLANE('',#1795);
#1603=PLANE('',#1796);
#1604=PLANE('',#1797);
#1605=PLANE('',#1798);
#1606=PLANE('',#1799);
#1607=PLANE('',#1804);
#1608=PLANE('',#1805);
#1609=PLANE('',#1806);
#1610=PLANE('',#1807);
#1611=PLANE('',#1808);
#1612=PLANE('',#1809);
#1613=PLANE('',#1818);
#1614=PLANE('',#1823);
#1615=PLANE('',#1824);
#1616=PLANE('',#1829);
#1617=PLANE('',#1832);
#1618=PLANE('',#1835);
#1619=PLANE('',#1838);
#1620=PLANE('',#1841);
#1621=PLANE('',#1842);
#1622=PLANE('',#1843);
#1623=PLANE('',#1844);
#1624=PLANE('',#1845);
#1625=PLANE('',#1846);
#1626=PLANE('',#1847);
#1627=PLANE('',#1848);
#1628=PLANE('',#1849);
#1629=PLANE('',#1850);
#1630=PLANE('',#1851);
#1631=PLANE('',#1852);
#1632=PLANE('',#1853);
#1633=PLANE('',#1854);
#1634=PLANE('',#1855);
#1635=PLANE('',#1856);
#1636=PLANE('',#1857);
#1637=PLANE('',#1858);
#1638=PLANE('',#1859);
#1639=PLANE('',#1860);
#1640=PLANE('',#1861);
#1641=PLANE('',#1862);
#1642=PLANE('',#1863);
#1643=PLANE('',#1864);
#1644=PLANE('',#1865);
#1645=PLANE('',#1866);
#1646=PLANE('',#1867);
#1647=PLANE('',#1868);
#1648=PLANE('',#1869);
#1649=PLANE('',#1870);
#1650=PLANE('',#1871);
#1651=PLANE('',#1872);
#1652=PLANE('',#1873);
#1653=PLANE('',#1874);
#1654=PLANE('',#1875);
#1655=PLANE('',#1884);
#1656=PLANE('',#1885);
#1657=PLANE('',#1886);
#1658=PLANE('',#1887);
#1659=ADVANCED_FACE('',(#1460,#1461),#1583,.T.);
#1660=ADVANCED_FACE('',(#1462,#1463,#1464,#1465,#1466),#1584,.T.);
#1661=ADVANCED_FACE('',(#1467,#1468,#1469,#1470,#1471,#1472,#1473),#1585,
 .T.);
#1662=ADVANCED_FACE('',(#1474),#1586,.F.);
#1663=ADVANCED_FACE('',(#1475),#1587,.F.);
#1664=ADVANCED_FACE('',(#1476),#1588,.T.);
#1665=ADVANCED_FACE('',(#1477,#1478),#12,.F.);
#1666=ADVANCED_FACE('',(#1479,#1480),#1589,.T.);
#1667=ADVANCED_FACE('',(#1481),#1590,.F.);
#1668=ADVANCED_FACE('',(#1482),#1591,.T.);
#1669=ADVANCED_FACE('',(#1483),#1592,.T.);
#1670=ADVANCED_FACE('',(#1484),#1593,.F.);
#1671=ADVANCED_FACE('',(#1485,#1486),#13,.F.);
#1672=ADVANCED_FACE('',(#1487,#1488),#1594,.T.);
#1673=ADVANCED_FACE('',(#1489),#1595,.F.);
#1674=ADVANCED_FACE('',(#1490),#1596,.T.);
#1675=ADVANCED_FACE('',(#1491,#1492),#14,.F.);
#1676=ADVANCED_FACE('',(#1493),#1597,.F.);
#1677=ADVANCED_FACE('',(#1494,#1495),#1598,.T.);
#1678=ADVANCED_FACE('',(#1496),#1599,.F.);
#1679=ADVANCED_FACE('',(#1497),#1600,.F.);
#1680=ADVANCED_FACE('',(#1498),#1601,.T.);
#1681=ADVANCED_FACE('',(#1499,#1500),#15,.F.);
#1682=ADVANCED_FACE('',(#1501),#1602,.F.);
#1683=ADVANCED_FACE('',(#1502),#1603,.F.);
#1684=ADVANCED_FACE('',(#1503),#1604,.T.);
#1685=ADVANCED_FACE('',(#1504),#1605,.F.);
#1686=ADVANCED_FACE('',(#1505,#1506),#1606,.F.);
#1687=ADVANCED_FACE('',(#1507),#1607,.T.);
#1688=ADVANCED_FACE('',(#1508),#1608,.F.);
#1689=ADVANCED_FACE('',(#1509),#1609,.F.);
#1690=ADVANCED_FACE('',(#1510,#1511),#1610,.T.);
#1691=ADVANCED_FACE('',(#1512),#1611,.T.);
#1692=ADVANCED_FACE('',(#1513,#1514,#1515,#1516,#1517,#1518),#1612,.F.);
#1693=ADVANCED_FACE('',(#1519),#1613,.T.);
#1694=ADVANCED_FACE('',(#1520),#1614,.F.);
#1695=ADVANCED_FACE('',(#1521,#1522),#1615,.F.);
#1696=ADVANCED_FACE('',(#1523,#1524),#1616,.T.);
#1697=ADVANCED_FACE('',(#1525,#1526),#16,.F.);
#1698=ADVANCED_FACE('',(#1527),#1617,.T.);
#1699=ADVANCED_FACE('',(#1528,#1529),#17,.F.);
#1700=ADVANCED_FACE('',(#1530),#1618,.T.);
#1701=ADVANCED_FACE('',(#1531,#1532),#18,.F.);
#1702=ADVANCED_FACE('',(#1533),#1619,.T.);
#1703=ADVANCED_FACE('',(#1534,#1535),#19,.F.);
#1704=ADVANCED_FACE('',(#1536),#1620,.T.);
#1705=ADVANCED_FACE('',(#1537),#1621,.F.);
#1706=ADVANCED_FACE('',(#1538),#1622,.T.);
#1707=ADVANCED_FACE('',(#1539),#1623,.T.);
#1708=ADVANCED_FACE('',(#1540),#1624,.F.);
#1709=ADVANCED_FACE('',(#1541),#1625,.F.);
#1710=ADVANCED_FACE('',(#1542),#1626,.T.);
#1711=ADVANCED_FACE('',(#1543),#1627,.T.);
#1712=ADVANCED_FACE('',(#1544),#1628,.F.);
#1713=ADVANCED_FACE('',(#1545),#1629,.F.);
#1714=ADVANCED_FACE('',(#1546),#1630,.T.);
#1715=ADVANCED_FACE('',(#1547),#1631,.T.);
#1716=ADVANCED_FACE('',(#1548),#1632,.F.);
#1717=ADVANCED_FACE('',(#1549),#1633,.T.);
#1718=ADVANCED_FACE('',(#1550),#1634,.F.);
#1719=ADVANCED_FACE('',(#1551),#1635,.F.);
#1720=ADVANCED_FACE('',(#1552),#1636,.T.);
#1721=ADVANCED_FACE('',(#1553),#1637,.T.);
#1722=ADVANCED_FACE('',(#1554),#1638,.T.);
#1723=ADVANCED_FACE('',(#1555),#1639,.F.);
#1724=ADVANCED_FACE('',(#1556),#1640,.T.);
#1725=ADVANCED_FACE('',(#1557),#1641,.T.);
#1726=ADVANCED_FACE('',(#1558),#1642,.F.);
#1727=ADVANCED_FACE('',(#1559),#1643,.F.);
#1728=ADVANCED_FACE('',(#1560),#1644,.F.);
#1729=ADVANCED_FACE('',(#1561),#1645,.T.);
#1730=ADVANCED_FACE('',(#1562),#1646,.T.);
#1731=ADVANCED_FACE('',(#1563),#1647,.F.);
#1732=ADVANCED_FACE('',(#1564),#1648,.T.);
#1733=ADVANCED_FACE('',(#1565),#1649,.T.);
#1734=ADVANCED_FACE('',(#1566),#1650,.F.);
#1735=ADVANCED_FACE('',(#1567),#1651,.T.);
#1736=ADVANCED_FACE('',(#1568),#1652,.F.);
#1737=ADVANCED_FACE('',(#1569),#1653,.F.);
#1738=ADVANCED_FACE('',(#1570),#1654,.T.);
#1739=ADVANCED_FACE('',(#1571),#20,.F.);
#1740=ADVANCED_FACE('',(#1572),#21,.F.);
#1741=ADVANCED_FACE('',(#1573),#22,.F.);
#1742=ADVANCED_FACE('',(#1574),#23,.F.);
#1743=ADVANCED_FACE('',(#1575),#24,.T.);
#1744=ADVANCED_FACE('',(#1576),#25,.T.);
#1745=ADVANCED_FACE('',(#1577),#26,.T.);
#1746=ADVANCED_FACE('',(#1578),#27,.T.);
#1747=ADVANCED_FACE('',(#1579),#1655,.F.);
#1748=ADVANCED_FACE('',(#1580),#1656,.F.);
#1749=ADVANCED_FACE('',(#1581),#1657,.T.);
#1750=ADVANCED_FACE('',(#1582),#1658,.T.);
#1751=CLOSED_SHELL('',(#1659,#1660,#1661,#1662,#1663,#1664,#1665,#1666,
#1667,#1668,#1669,#1670,#1671,#1672,#1673,#1674,#1675,#1676,#1677,#1678,
#1679,#1680,#1681,#1682,#1683,#1684,#1685,#1686,#1687,#1688,#1689,#1690,
#1691,#1692,#1693,#1694,#1695,#1696,#1697,#1698,#1699,#1700,#1701,#1702,
#1703,#1704,#1705,#1706,#1707,#1708,#1709,#1710,#1711,#1712,#1713,#1714,
#1715,#1716,#1717,#1718,#1719,#1720,#1721,#1722,#1723,#1724,#1725,#1726,
#1727,#1728,#1729,#1730,#1731,#1732,#1733,#1734,#1735,#1736,#1737,#1738,
#1739,#1740,#1741,#1742,#1743,#1744,#1745,#1746,#1747,#1748,#1749,#1750));
#1752=STYLED_ITEM('',(#1753),#1760);
#1753=PRESENTATION_STYLE_ASSIGNMENT((#1754));
#1754=SURFACE_STYLE_USAGE(.BOTH.,#1755);
#1755=SURFACE_SIDE_STYLE('',(#1756));
#1756=SURFACE_STYLE_FILL_AREA(#1757);
#1757=FILL_AREA_STYLE('',(#1758));
#1758=FILL_AREA_STYLE_COLOUR('',#1759);
#1759=DRAUGHTING_PRE_DEFINED_COLOUR('black');
#1760=MANIFOLD_SOLID_BREP('Part 1',#1751);
#1761=SHAPE_DEFINITION_REPRESENTATION(#2838,#1762);
#1762=SHAPE_REPRESENTATION('Part 1',(#1763),#2833);
#1763=AXIS2_PLACEMENT_3D('',#2342,#1888,#1889);
#1764=AXIS2_PLACEMENT_3D('',#2343,#1890,#1891);
#1765=AXIS2_PLACEMENT_3D('',#2368,#1904,#1905);
#1766=AXIS2_PLACEMENT_3D('',#2370,#1906,#1907);
#1767=AXIS2_PLACEMENT_3D('',#2426,#1937,#1938);
#1768=AXIS2_PLACEMENT_3D('',#2483,#1967,#1968);
#1769=AXIS2_PLACEMENT_3D('',#2517,#1986,#1987);
#1770=AXIS2_PLACEMENT_3D('',#2523,#1991,#1992);
#1771=AXIS2_PLACEMENT_3D('',#2527,#1995,#1996);
#1772=AXIS2_PLACEMENT_3D('',#2528,#1997,#1998);
#1773=AXIS2_PLACEMENT_3D('',#2530,#1999,#2000);
#1774=AXIS2_PLACEMENT_3D('',#2532,#2001,#2002);
#1775=AXIS2_PLACEMENT_3D('',#2536,#2005,#2006);
#1776=AXIS2_PLACEMENT_3D('',#2537,#2007,#2008);
#1777=AXIS2_PLACEMENT_3D('',#2543,#2012,#2013);
#1778=AXIS2_PLACEMENT_3D('',#2547,#2016,#2017);
#1779=AXIS2_PLACEMENT_3D('',#2549,#2019,#2020);
#1780=AXIS2_PLACEMENT_3D('',#2550,#2021,#2022);
#1781=AXIS2_PLACEMENT_3D('',#2552,#2023,#2024);
#1782=AXIS2_PLACEMENT_3D('',#2554,#2025,#2026);
#1783=AXIS2_PLACEMENT_3D('',#2556,#2028,#2029);
#1784=AXIS2_PLACEMENT_3D('',#2557,#2030,#2031);
#1785=AXIS2_PLACEMENT_3D('',#2563,#2035,#2036);
#1786=AXIS2_PLACEMENT_3D('',#2564,#2037,#2038);
#1787=AXIS2_PLACEMENT_3D('',#2566,#2039,#2040);
#1788=AXIS2_PLACEMENT_3D('',#2568,#2041,#2042);
#1789=AXIS2_PLACEMENT_3D('',#2572,#2045,#2046);
#1790=AXIS2_PLACEMENT_3D('',#2576,#2049,#2050);
#1791=AXIS2_PLACEMENT_3D('',#2577,#2051,#2052);
#1792=AXIS2_PLACEMENT_3D('',#2580,#2055,#2056);
#1793=AXIS2_PLACEMENT_3D('',#2581,#2057,#2058);
#1794=AXIS2_PLACEMENT_3D('',#2582,#2059,#2060);
#1795=AXIS2_PLACEMENT_3D('',#2584,#2061,#2062);
#1796=AXIS2_PLACEMENT_3D('',#2585,#2063,#2064);
#1797=AXIS2_PLACEMENT_3D('',#2589,#2067,#2068);
#1798=AXIS2_PLACEMENT_3D('',#2595,#2072,#2073);
#1799=AXIS2_PLACEMENT_3D('',#2599,#2076,#2077);
#1800=AXIS2_PLACEMENT_3D('',#2603,#2079,#2080);
#1801=AXIS2_PLACEMENT_3D('',#2607,#2082,#2083);
#1802=AXIS2_PLACEMENT_3D('',#2611,#2085,#2086);
#1803=AXIS2_PLACEMENT_3D('',#2615,#2088,#2089);
#1804=AXIS2_PLACEMENT_3D('',#2617,#2091,#2092);
#1805=AXIS2_PLACEMENT_3D('',#2621,#2095,#2096);
#1806=AXIS2_PLACEMENT_3D('',#2625,#2099,#2100);
#1807=AXIS2_PLACEMENT_3D('',#2629,#2103,#2104);
#1808=AXIS2_PLACEMENT_3D('',#2641,#2111,#2112);
#1809=AXIS2_PLACEMENT_3D('',#2643,#2114,#2115);
#1810=AXIS2_PLACEMENT_3D('',#2644,#2116,#2117);
#1811=AXIS2_PLACEMENT_3D('',#2646,#2118,#2119);
#1812=AXIS2_PLACEMENT_3D('',#2648,#2120,#2121);
#1813=AXIS2_PLACEMENT_3D('',#2650,#2122,#2123);
#1814=AXIS2_PLACEMENT_3D('',#2655,#2125,#2126);
#1815=AXIS2_PLACEMENT_3D('',#2659,#2128,#2129);
#1816=AXIS2_PLACEMENT_3D('',#2660,#2130,#2131);
#1817=AXIS2_PLACEMENT_3D('',#2664,#2133,#2134);
#1818=AXIS2_PLACEMENT_3D('',#2665,#2135,#2136);
#1819=AXIS2_PLACEMENT_3D('',#2669,#2138,#2139);
#1820=AXIS2_PLACEMENT_3D('',#2673,#2141,#2142);
#1821=AXIS2_PLACEMENT_3D('',#2677,#2144,#2145);
#1822=AXIS2_PLACEMENT_3D('',#2678,#2146,#2147);
#1823=AXIS2_PLACEMENT_3D('',#2679,#2148,#2149);
#1824=AXIS2_PLACEMENT_3D('',#2682,#2152,#2153);
#1825=AXIS2_PLACEMENT_3D('',#2686,#2155,#2156);
#1826=AXIS2_PLACEMENT_3D('',#2690,#2158,#2159);
#1827=AXIS2_PLACEMENT_3D('',#2694,#2161,#2162);
#1828=AXIS2_PLACEMENT_3D('',#2698,#2164,#2165);
#1829=AXIS2_PLACEMENT_3D('',#2701,#2168,#2169);
#1830=AXIS2_PLACEMENT_3D('',#2712,#2176,#2177);
#1831=AXIS2_PLACEMENT_3D('',#2713,#2178,#2179);
#1832=AXIS2_PLACEMENT_3D('',#2715,#2180,#2181);
#1833=AXIS2_PLACEMENT_3D('',#2716,#2182,#2183);
#1834=AXIS2_PLACEMENT_3D('',#2717,#2184,#2185);
#1835=AXIS2_PLACEMENT_3D('',#2719,#2186,#2187);
#1836=AXIS2_PLACEMENT_3D('',#2720,#2188,#2189);
#1837=AXIS2_PLACEMENT_3D('',#2721,#2190,#2191);
#1838=AXIS2_PLACEMENT_3D('',#2723,#2192,#2193);
#1839=AXIS2_PLACEMENT_3D('',#2724,#2194,#2195);
#1840=AXIS2_PLACEMENT_3D('',#2725,#2196,#2197);
#1841=AXIS2_PLACEMENT_3D('',#2727,#2198,#2199);
#1842=AXIS2_PLACEMENT_3D('',#2728,#2200,#2201);
#1843=AXIS2_PLACEMENT_3D('',#2734,#2205,#2206);
#1844=AXIS2_PLACEMENT_3D('',#2738,#2209,#2210);
#1845=AXIS2_PLACEMENT_3D('',#2742,#2213,#2214);
#1846=AXIS2_PLACEMENT_3D('',#2744,#2216,#2217);
#1847=AXIS2_PLACEMENT_3D('',#2747,#2220,#2221);
#1848=AXIS2_PLACEMENT_3D('',#2750,#2224,#2225);
#1849=AXIS2_PLACEMENT_3D('',#2753,#2228,#2229);
#1850=AXIS2_PLACEMENT_3D('',#2756,#2232,#2233);
#1851=AXIS2_PLACEMENT_3D('',#2759,#2236,#2237);
#1852=AXIS2_PLACEMENT_3D('',#2763,#2240,#2241);
#1853=AXIS2_PLACEMENT_3D('',#2767,#2244,#2245);
#1854=AXIS2_PLACEMENT_3D('',#2769,#2247,#2248);
#1855=AXIS2_PLACEMENT_3D('',#2770,#2249,#2250);
#1856=AXIS2_PLACEMENT_3D('',#2775,#2254,#2255);
#1857=AXIS2_PLACEMENT_3D('',#2777,#2257,#2258);
#1858=AXIS2_PLACEMENT_3D('',#2781,#2261,#2262);
#1859=AXIS2_PLACEMENT_3D('',#2783,#2264,#2265);
#1860=AXIS2_PLACEMENT_3D('',#2784,#2266,#2267);
#1861=AXIS2_PLACEMENT_3D('',#2787,#2270,#2271);
#1862=AXIS2_PLACEMENT_3D('',#2789,#2273,#2274);
#1863=AXIS2_PLACEMENT_3D('',#2791,#2276,#2277);
#1864=AXIS2_PLACEMENT_3D('',#2792,#2278,#2279);
#1865=AXIS2_PLACEMENT_3D('',#2795,#2282,#2283);
#1866=AXIS2_PLACEMENT_3D('',#2797,#2285,#2286);
#1867=AXIS2_PLACEMENT_3D('',#2799,#2288,#2289);
#1868=AXIS2_PLACEMENT_3D('',#2800,#2290,#2291);
#1869=AXIS2_PLACEMENT_3D('',#2803,#2294,#2295);
#1870=AXIS2_PLACEMENT_3D('',#2805,#2297,#2298);
#1871=AXIS2_PLACEMENT_3D('',#2807,#2300,#2301);
#1872=AXIS2_PLACEMENT_3D('',#2808,#2302,#2303);
#1873=AXIS2_PLACEMENT_3D('',#2811,#2306,#2307);
#1874=AXIS2_PLACEMENT_3D('',#2813,#2309,#2310);
#1875=AXIS2_PLACEMENT_3D('',#2815,#2312,#2313);
#1876=AXIS2_PLACEMENT_3D('',#2816,#2314,#2315);
#1877=AXIS2_PLACEMENT_3D('',#2817,#2316,#2317);
#1878=AXIS2_PLACEMENT_3D('',#2818,#2318,#2319);
#1879=AXIS2_PLACEMENT_3D('',#2819,#2320,#2321);
#1880=AXIS2_PLACEMENT_3D('',#2820,#2322,#2323);
#1881=AXIS2_PLACEMENT_3D('',#2821,#2324,#2325);
#1882=AXIS2_PLACEMENT_3D('',#2822,#2326,#2327);
#1883=AXIS2_PLACEMENT_3D('',#2823,#2328,#2329);
#1884=AXIS2_PLACEMENT_3D('',#2824,#2330,#2331);
#1885=AXIS2_PLACEMENT_3D('',#2827,#2334,#2335);
#1886=AXIS2_PLACEMENT_3D('',#2829,#2337,#2338);
#1887=AXIS2_PLACEMENT_3D('',#2831,#2340,#2341);
#1888=DIRECTION('',(0.,0.,1.));
#1889=DIRECTION('',(1.,0.,0.));
#1890=DIRECTION('',(0.,0.,1.));
#1891=DIRECTION('',(1.,0.,0.));
#1892=DIRECTION('',(-1.,0.,0.));
#1893=DIRECTION('',(1.18820380099636E-16,1.,0.));
#1894=DIRECTION('',(-1.,0.,0.));
#1895=DIRECTION('',(0.,1.,0.));
#1896=DIRECTION('',(-1.,0.,0.));
#1897=DIRECTION('',(1.18820380099636E-16,1.,0.));
#1898=DIRECTION('',(1.,0.,0.));
#1899=DIRECTION('',(-1.58427173466181E-16,-1.,0.));
#1900=DIRECTION('',(-1.,0.,0.));
#1901=DIRECTION('',(1.18820380099636E-16,1.,0.));
#1902=DIRECTION('',(-1.,0.,0.));
#1903=DIRECTION('',(0.,1.,0.));
#1904=DIRECTION('',(0.,0.,1.));
#1905=DIRECTION('',(1.,0.,0.));
#1906=DIRECTION('',(-1.,9.43810378659851E-17,4.69969637346227E-30));
#1907=DIRECTION('',(-9.43810378659851E-17,-1.,0.));
#1908=DIRECTION('',(9.43810378659851E-17,1.,0.));
#1909=DIRECTION('',(-4.69969637346227E-30,0.,-1.));
#1910=DIRECTION('',(9.43810378659851E-17,1.,0.));
#1911=DIRECTION('',(-4.69969637346227E-30,0.,-1.));
#1912=DIRECTION('',(-4.66880486363714E-30,3.27306316222039E-16,-1.));
#1913=DIRECTION('',(9.43810378659851E-17,1.,0.));
#1914=DIRECTION('',(-4.69969637346227E-30,0.,-1.));
#1915=DIRECTION('',(9.43810378659851E-17,1.,0.));
#1916=DIRECTION('',(9.43810378659851E-17,1.,0.));
#1917=DIRECTION('',(-4.66880486363714E-30,3.27306316222039E-16,-1.));
#1918=DIRECTION('',(9.43810378659851E-17,1.,0.));
#1919=DIRECTION('',(-4.66880486363714E-30,3.27306316222039E-16,-1.));
#1920=DIRECTION('',(-4.66880486363714E-30,3.27306316222039E-16,-1.));
#1921=DIRECTION('',(9.43810378659851E-17,1.,0.));
#1922=DIRECTION('',(-4.66880486363714E-30,3.27306316222039E-16,-1.));
#1923=DIRECTION('',(-4.67153567310568E-30,2.98372437868011E-16,-1.));
#1924=DIRECTION('',(9.43810378659851E-17,1.,2.98372437868011E-16));
#1925=DIRECTION('',(-4.67153567310568E-30,2.98372437868011E-16,-1.));
#1926=DIRECTION('',(9.43810378659851E-17,1.,0.));
#1927=DIRECTION('',(-4.67153567310568E-30,2.98372437868011E-16,-1.));
#1928=DIRECTION('',(9.43810378659851E-17,1.,2.98372437868011E-16));
#1929=DIRECTION('',(-4.67153567310568E-30,2.98372437868011E-16,-1.));
#1930=DIRECTION('',(-4.66880486363714E-30,3.27306316222039E-16,-1.));
#1931=DIRECTION('',(9.43810378659851E-17,1.,0.));
#1932=DIRECTION('',(-4.66880486363714E-30,3.27306316222039E-16,-1.));
#1933=DIRECTION('',(-4.69969637346227E-30,0.,-1.));
#1934=DIRECTION('',(9.43810378659851E-17,1.,0.));
#1935=DIRECTION('',(-4.69969637346227E-30,0.,-1.));
#1936=DIRECTION('',(9.43810378659851E-17,1.,0.));
#1937=DIRECTION('',(1.,-1.14422480970488E-15,-5.01294081904639E-30));
#1938=DIRECTION('',(1.14422480970488E-15,1.,0.));
#1939=DIRECTION('',(-1.14422480970488E-15,-1.,0.));
#1940=DIRECTION('',(5.01294081904639E-30,0.,1.));
#1941=DIRECTION('',(-1.14422480970488E-15,-1.,0.));
#1942=DIRECTION('',(5.01294081904639E-30,0.,1.));
#1943=DIRECTION('',(4.63842881165202E-30,-3.27306316222039E-16,1.));
#1944=DIRECTION('',(-1.14422480970488E-15,-1.,0.));
#1945=DIRECTION('',(5.01294081904639E-30,0.,1.));
#1946=DIRECTION('',(-1.14422480970488E-15,-1.,0.));
#1947=DIRECTION('',(-1.14422480970488E-15,-1.,0.));
#1948=DIRECTION('',(4.63842881165202E-30,-3.27306316222039E-16,1.));
#1949=DIRECTION('',(-1.14422480970488E-15,-1.,0.));
#1950=DIRECTION('',(4.63842881165202E-30,-3.27306316222039E-16,1.));
#1951=DIRECTION('',(4.63842881165202E-30,-3.27306316222039E-16,1.));
#1952=DIRECTION('',(-1.14422480970488E-15,-1.,0.));
#1953=DIRECTION('',(4.63842881165202E-30,-3.27306316222039E-16,1.));
#1954=DIRECTION('',(-1.14422480970488E-15,-1.,0.));
#1955=DIRECTION('',(-1.14422480970488E-15,-1.,0.));
#1956=DIRECTION('',(4.63842881165202E-30,-3.27306316222039E-16,1.));
#1957=DIRECTION('',(-1.14422480970488E-15,-1.,0.));
#1958=DIRECTION('',(4.63842881165202E-30,-3.27306316222039E-16,1.));
#1959=DIRECTION('',(1.14422480970488E-15,1.,2.98372437868011E-16));
#1960=DIRECTION('',(4.67153567310568E-30,-2.98372437868011E-16,1.));
#1961=DIRECTION('',(1.14422480970488E-15,1.,2.98372437868011E-16));
#1962=DIRECTION('',(4.67153567310568E-30,-2.98372437868011E-16,1.));
#1963=DIRECTION('',(5.01294081904639E-30,0.,1.));
#1964=DIRECTION('',(-1.14422480970488E-15,-1.,0.));
#1965=DIRECTION('',(5.01294081904639E-30,0.,1.));
#1966=DIRECTION('',(-1.14422480970488E-15,-1.,0.));
#1967=DIRECTION('',(-4.67153567310568E-30,2.98372437868011E-16,-1.));
#1968=DIRECTION('',(1.,1.39385748737192E-45,-4.67153567310568E-30));
#1969=DIRECTION('',(1.39385748737192E-45,1.,2.98372437868011E-16));
#1970=DIRECTION('',(1.,1.39385748737192E-45,-4.67153567310568E-30));
#1971=DIRECTION('',(1.39385748737192E-45,1.,2.98372437868011E-16));
#1972=DIRECTION('',(1.,1.39385748737192E-45,-4.67153567310568E-30));
#1973=DIRECTION('',(-1.06013171326587E-15,-1.,-2.98372437868011E-16));
#1974=DIRECTION('',(1.,-1.18310211490319E-15,-5.02454073537615E-30));
#1975=DIRECTION('',(1.39385748737192E-45,1.,2.98372437868011E-16));
#1976=DIRECTION('',(1.,1.39385748737192E-45,-4.67153567310568E-30));
#1977=DIRECTION('',(1.22531398816667E-15,1.,2.98372437868011E-16));
#1978=DIRECTION('',(-1.,-1.39385748737192E-45,4.67153567310568E-30));
#1979=DIRECTION('',(3.77524151463941E-16,1.,2.98372437868011E-16));
#1980=DIRECTION('',(-1.,-1.39385748737192E-45,4.67153567310568E-30));
#1981=DIRECTION('',(-1.,-1.39385748737192E-45,4.67153567310568E-30));
#1982=DIRECTION('',(-1.58427173466181E-16,-1.,-2.98372437868011E-16));
#1983=DIRECTION('',(1.,1.39385748737192E-45,-4.67153567310568E-30));
#1984=DIRECTION('',(-1.39385748737192E-45,-1.,-2.98372437868011E-16));
#1985=DIRECTION('',(1.,1.39385748737192E-45,-4.67153567310568E-30));
#1986=DIRECTION('',(0.,1.,2.98372437868011E-16));
#1987=DIRECTION('',(0.,-2.98372437868011E-16,1.));
#1988=DIRECTION('',(1.,0.,0.));
#1989=DIRECTION('',(-4.67153567310568E-30,2.98372437868011E-16,-1.));
#1990=DIRECTION('',(-4.67153567310568E-30,2.98372437868011E-16,-1.));
#1991=DIRECTION('',(1.,2.12829972042974E-61,-4.67153567310568E-30));
#1992=DIRECTION('',(-4.67153567310568E-30,0.,-1.));
#1993=DIRECTION('',(-4.67153567310568E-30,2.98372437868011E-16,-1.));
#1994=DIRECTION('',(2.12829972042974E-61,-1.,0.));
#1995=DIRECTION('',(-4.67153567310568E-30,2.98372437868011E-16,-1.));
#1996=DIRECTION('',(0.,1.,2.98372437868011E-16));
#1997=DIRECTION('',(-4.67153567310568E-30,2.98372437868011E-16,-1.));
#1998=DIRECTION('',(0.,1.,2.98372437868011E-16));
#1999=DIRECTION('',(0.,0.,1.));
#2000=DIRECTION('',(1.,0.,0.));
#2001=DIRECTION('',(0.,0.,1.));
#2002=DIRECTION('',(1.,0.,0.));
#2003=DIRECTION('',(-3.04664758164776E-45,1.,0.));
#2004=DIRECTION('',(1.,0.,0.));
#2005=DIRECTION('',(-4.67153567310568E-30,2.98372437868011E-16,-1.));
#2006=DIRECTION('',(1.,1.39385748737192E-45,-4.67153567310568E-30));
#2007=DIRECTION('',(0.,-1.,-2.98372437868011E-16));
#2008=DIRECTION('',(0.,2.98372437868011E-16,-1.));
#2009=DIRECTION('',(-4.67153567310568E-30,2.98372437868011E-16,-1.));
#2010=DIRECTION('',(-1.,0.,0.));
#2011=DIRECTION('',(-4.67153567310568E-30,2.98372437868011E-16,-1.));
#2012=DIRECTION('',(-1.,3.77524151463941E-16,4.78417847453203E-30));
#2013=DIRECTION('',(-3.77524151463941E-16,-1.,0.));
#2014=DIRECTION('',(3.77524151463941E-16,1.,0.));
#2015=DIRECTION('',(-4.67153567310568E-30,2.98372437868011E-16,-1.));
#2016=DIRECTION('',(0.,-1.,-2.98372437868011E-16));
#2017=DIRECTION('',(0.,2.98372437868011E-16,-1.));
#2018=DIRECTION('',(-1.,0.,0.));
#2019=DIRECTION('',(-4.67153567310568E-30,2.98372437868011E-16,-1.));
#2020=DIRECTION('',(0.,1.,2.98372437868011E-16));
#2021=DIRECTION('',(-4.67153567310568E-30,2.98372437868011E-16,-1.));
#2022=DIRECTION('',(0.,1.,2.98372437868011E-16));
#2023=DIRECTION('',(0.,0.,1.));
#2024=DIRECTION('',(1.,0.,0.));
#2025=DIRECTION('',(0.,0.,1.));
#2026=DIRECTION('',(1.,0.,0.));
#2027=DIRECTION('',(-1.,0.,0.));
#2028=DIRECTION('',(-4.67153567310568E-30,2.98372437868011E-16,-1.));
#2029=DIRECTION('',(1.,1.39385748737192E-45,-4.67153567310568E-30));
#2030=DIRECTION('',(0.,1.,2.98372437868011E-16));
#2031=DIRECTION('',(0.,-2.98372437868011E-16,1.));
#2032=DIRECTION('',(-4.67153567310568E-30,2.98372437868011E-16,-1.));
#2033=DIRECTION('',(1.,0.,0.));
#2034=DIRECTION('',(-4.67153567310568E-30,2.98372437868011E-16,-1.));
#2035=DIRECTION('',(-4.67153567310568E-30,2.98372437868011E-16,-1.));
#2036=DIRECTION('',(0.,1.,2.98372437868011E-16));
#2037=DIRECTION('',(-4.67153567310568E-30,2.98372437868011E-16,-1.));
#2038=DIRECTION('',(0.,1.,2.98372437868011E-16));
#2039=DIRECTION('',(0.,0.,1.));
#2040=DIRECTION('',(1.,0.,0.));
#2041=DIRECTION('',(-1.,-2.12829972042974E-61,4.67153567310568E-30));
#2042=DIRECTION('',(4.67153567310568E-30,0.,1.));
#2043=DIRECTION('',(-2.12829972042974E-61,1.,0.));
#2044=DIRECTION('',(-4.67153567310568E-30,2.98372437868011E-16,-1.));
#2045=DIRECTION('',(0.,0.,1.));
#2046=DIRECTION('',(1.,0.,0.));
#2047=DIRECTION('',(-2.12829972042974E-61,1.,0.));
#2048=DIRECTION('',(1.,0.,0.));
#2049=DIRECTION('',(-4.67153567310568E-30,2.98372437868011E-16,-1.));
#2050=DIRECTION('',(1.,1.39385748737192E-45,-4.67153567310568E-30));
#2051=DIRECTION('',(1.,-1.58427173466181E-16,-4.71880597507732E-30));
#2052=DIRECTION('',(1.58427173466181E-16,1.,0.));
#2053=DIRECTION('',(-4.67153567310568E-30,2.98372437868011E-16,-1.));
#2054=DIRECTION('',(-4.67153567310568E-30,2.98372437868011E-16,-1.));
#2055=DIRECTION('',(0.,-1.,-2.98372437868011E-16));
#2056=DIRECTION('',(0.,2.98372437868011E-16,-1.));
#2057=DIRECTION('',(-4.67153567310568E-30,2.98372437868011E-16,-1.));
#2058=DIRECTION('',(0.,1.,2.98372437868011E-16));
#2059=DIRECTION('',(-4.67153567310568E-30,2.98372437868011E-16,-1.));
#2060=DIRECTION('',(0.,1.,2.98372437868011E-16));
#2061=DIRECTION('',(-4.67153567310568E-30,2.98372437868011E-16,-1.));
#2062=DIRECTION('',(1.,1.39385748737192E-45,-4.67153567310568E-30));
#2063=DIRECTION('',(0.,-1.,-2.98372437868011E-16));
#2064=DIRECTION('',(0.,2.98372437868011E-16,-1.));
#2065=DIRECTION('',(-4.67153567310568E-30,2.98372437868011E-16,-1.));
#2066=DIRECTION('',(-1.,-1.39385748737192E-45,4.67153567310568E-30));
#2067=DIRECTION('',(0.,1.,2.98372437868011E-16));
#2068=DIRECTION('',(0.,-2.98372437868011E-16,1.));
#2069=DIRECTION('',(-4.67153567310568E-30,2.98372437868011E-16,-1.));
#2070=DIRECTION('',(1.,1.39385748737192E-45,-4.67153567310568E-30));
#2071=DIRECTION('',(-4.67153567310568E-30,2.98372437868011E-16,-1.));
#2072=DIRECTION('',(-1.,-2.94650344595698E-61,4.67153567310568E-30));
#2073=DIRECTION('',(4.67153567310568E-30,0.,1.));
#2074=DIRECTION('',(-4.67153567310568E-30,2.98372437868011E-16,-1.));
#2075=DIRECTION('',(1.39385748737192E-45,1.,2.98372437868011E-16));
#2076=DIRECTION('',(0.,1.,2.98372437868011E-16));
#2077=DIRECTION('',(0.,-2.98372437868011E-16,1.));
#2078=DIRECTION('',(0.,2.98372437868011E-16,-1.));
#2079=DIRECTION('',(0.,1.,2.98372437868011E-16));
#2080=DIRECTION('',(0.,-2.98372437868011E-16,1.));
#2081=DIRECTION('',(1.,0.,0.));
#2082=DIRECTION('',(0.,1.,2.98372437868011E-16));
#2083=DIRECTION('',(0.,-2.98372437868011E-16,1.));
#2084=DIRECTION('',(0.,2.98372437868011E-16,-1.));
#2085=DIRECTION('',(0.,1.,2.98372437868011E-16));
#2086=DIRECTION('',(0.,-2.98372437868011E-16,1.));
#2087=DIRECTION('',(1.,0.,0.));
#2088=DIRECTION('',(0.,1.,2.98372437868011E-16));
#2089=DIRECTION('',(0.,-2.98372437868011E-16,1.));
#2090=DIRECTION('',(1.,1.39385748737192E-45,-4.67153567310568E-30));
#2091=DIRECTION('',(1.,-1.06013171326587E-15,-4.98784975685401E-30));
#2092=DIRECTION('',(1.06013171326587E-15,1.,0.));
#2093=DIRECTION('',(-1.06013171326587E-15,-1.,-2.98372437868011E-16));
#2094=DIRECTION('',(-4.67153567310568E-30,2.98372437868011E-16,-1.));
#2095=DIRECTION('',(1.18310211490319E-15,1.,2.98372437868011E-16));
#2096=DIRECTION('',(-1.,1.18310211490319E-15,0.));
#2097=DIRECTION('',(1.,-1.18310211490319E-15,-5.02454073537615E-30));
#2098=DIRECTION('',(-4.67153567310568E-30,2.98372437868011E-16,-1.));
#2099=DIRECTION('',(-1.,-2.94650344595698E-61,4.67153567310568E-30));
#2100=DIRECTION('',(4.67153567310568E-30,0.,1.));
#2101=DIRECTION('',(1.39385748737192E-45,1.,2.98372437868011E-16));
#2102=DIRECTION('',(-4.67153567310568E-30,2.98372437868011E-16,-1.));
#2103=DIRECTION('',(0.,1.,2.98372437868011E-16));
#2104=DIRECTION('',(0.,-2.98372437868011E-16,1.));
#2105=DIRECTION('',(1.,1.50910242433286E-45,-5.05778092345254E-30));
#2106=DIRECTION('',(-4.67153567310568E-30,2.98372437868011E-16,-1.));
#2107=DIRECTION('',(1.,1.50910242433286E-45,-5.05778092345254E-30));
#2108=DIRECTION('',(-4.67153567310568E-30,2.98372437868011E-16,-1.));
#2109=DIRECTION('',(1.,1.39385748737192E-45,-4.67153567310568E-30));
#2110=DIRECTION('',(-4.67153567310568E-30,2.98372437868011E-16,-1.));
#2111=DIRECTION('',(-1.,1.22531398816667E-15,5.03713559490875E-30));
#2112=DIRECTION('',(-1.22531398816667E-15,-1.,0.));
#2113=DIRECTION('',(1.22531398816667E-15,1.,2.98372437868011E-16));
#2114=DIRECTION('',(-4.67153567310568E-30,2.98372437868011E-16,-1.));
#2115=DIRECTION('',(1.,1.39385748737192E-45,-4.67153567310568E-30));
#2116=DIRECTION('',(4.67153567310568E-30,-2.98372437868011E-16,1.));
#2117=DIRECTION('',(0.,-1.,-2.98372437868011E-16));
#2118=DIRECTION('',(4.67153567310568E-30,-2.98372437868011E-16,1.));
#2119=DIRECTION('',(0.,-1.,-2.98372437868011E-16));
#2120=DIRECTION('',(4.67153567310568E-30,-2.98372437868011E-16,1.));
#2121=DIRECTION('',(0.,-1.,-2.98372437868011E-16));
#2122=DIRECTION('',(4.67153567310568E-30,-2.98372437868011E-16,1.));
#2123=DIRECTION('',(0.,-1.,-2.98372437868011E-16));
#2124=DIRECTION('',(1.14422480970488E-15,1.,2.98372437868011E-16));
#2125=DIRECTION('',(-4.67153567310568E-30,2.98372437868011E-16,-1.));
#2126=DIRECTION('',(0.,1.,2.98372437868011E-16));
#2127=DIRECTION('',(1.,-1.02931858392839E-15,-4.97865596833524E-30));
#2128=DIRECTION('',(-4.67153567310568E-30,2.98372437868011E-16,-1.));
#2129=DIRECTION('',(0.,1.,2.98372437868011E-16));
#2130=DIRECTION('',(-4.67153567310568E-30,2.98372437868011E-16,-1.));
#2131=DIRECTION('',(0.,1.,2.98372437868011E-16));
#2132=DIRECTION('',(1.,-1.06148478967615E-15,-4.98825347756117E-30));
#2133=DIRECTION('',(-4.67153567310568E-30,2.98372437868011E-16,-1.));
#2134=DIRECTION('',(0.,1.,2.98372437868011E-16));
#2135=DIRECTION('',(-4.67153567310568E-30,2.98372437868011E-16,-1.));
#2136=DIRECTION('',(1.,1.39385748737192E-45,-4.67153567310568E-30));
#2137=DIRECTION('',(1.,-1.02931858392839E-15,-4.97865596833524E-30));
#2138=DIRECTION('',(-4.67153567310568E-30,2.98372437868011E-16,-1.));
#2139=DIRECTION('',(0.,1.,2.98372437868011E-16));
#2140=DIRECTION('',(1.14422480970488E-15,1.,2.98372437868011E-16));
#2141=DIRECTION('',(-4.67153567310568E-30,2.98372437868011E-16,-1.));
#2142=DIRECTION('',(0.,1.,2.98372437868011E-16));
#2143=DIRECTION('',(1.,-1.06148478967615E-15,-4.98825347756117E-30));
#2144=DIRECTION('',(-4.67153567310568E-30,2.98372437868011E-16,-1.));
#2145=DIRECTION('',(0.,1.,2.98372437868011E-16));
#2146=DIRECTION('',(-4.67153567310568E-30,2.98372437868011E-16,-1.));
#2147=DIRECTION('',(0.,1.,2.98372437868011E-16));
#2148=DIRECTION('',(1.,-1.14422480970488E-15,-5.01294081904639E-30));
#2149=DIRECTION('',(1.14422480970488E-15,1.,0.));
#2150=DIRECTION('',(4.67153567310568E-30,-2.98372437868011E-16,1.));
#2151=DIRECTION('',(4.67153567310568E-30,-2.98372437868011E-16,1.));
#2152=DIRECTION('',(-1.06148478967615E-15,-1.,-2.98372437868011E-16));
#2153=DIRECTION('',(1.,-1.06148478967615E-15,0.));
#2154=DIRECTION('',(-1.,1.06148478967615E-15,0.));
#2155=DIRECTION('',(-1.06148478967615E-15,-1.,-2.98372437868011E-16));
#2156=DIRECTION('',(1.,-1.06148478967615E-15,0.));
#2157=DIRECTION('',(0.,-2.98372437868011E-16,1.));
#2158=DIRECTION('',(-1.06148478967615E-15,-1.,-2.98372437868011E-16));
#2159=DIRECTION('',(1.,-1.06148478967615E-15,0.));
#2160=DIRECTION('',(-1.,1.06148478967615E-15,0.));
#2161=DIRECTION('',(-1.06148478967615E-15,-1.,-2.98372437868011E-16));
#2162=DIRECTION('',(1.,-1.06148478967615E-15,0.));
#2163=DIRECTION('',(0.,-2.98372437868011E-16,1.));
#2164=DIRECTION('',(-1.06148478967615E-15,-1.,-2.98372437868011E-16));
#2165=DIRECTION('',(1.,-1.06148478967615E-15,0.));
#2166=DIRECTION('',(4.67153567310568E-30,-2.98372437868011E-16,1.));
#2167=DIRECTION('',(4.67153567310568E-30,-2.98372437868011E-16,1.));
#2168=DIRECTION('',(-1.02931858392839E-15,-1.,-2.98372437868011E-16));
#2169=DIRECTION('',(1.,-1.02931858392839E-15,0.));
#2170=DIRECTION('',(1.,-1.02931858392839E-15,-5.3506165537877E-30));
#2171=DIRECTION('',(-4.67153567310568E-30,2.98372437868011E-16,-1.));
#2172=DIRECTION('',(-1.,1.02931858392839E-15,5.3506165537877E-30));
#2173=DIRECTION('',(4.67153567310568E-30,-2.98372437868011E-16,1.));
#2174=DIRECTION('',(4.67153567310568E-30,-2.98372437868011E-16,1.));
#2175=DIRECTION('',(4.67153567310568E-30,-2.98372437868011E-16,1.));
#2176=DIRECTION('',(4.67153567310568E-30,-2.98372437868011E-16,1.));
#2177=DIRECTION('',(0.,-1.,-2.98372437868011E-16));
#2178=DIRECTION('',(4.67153567310568E-30,-2.98372437868011E-16,1.));
#2179=DIRECTION('',(0.,-1.,-2.98372437868011E-16));
#2180=DIRECTION('',(4.67153567310568E-30,-2.98372437868011E-16,1.));
#2181=DIRECTION('',(1.,1.39385748737192E-45,-4.67153567310568E-30));
#2182=DIRECTION('',(4.67153567310568E-30,-2.98372437868011E-16,1.));
#2183=DIRECTION('',(0.,-1.,-2.98372437868011E-16));
#2184=DIRECTION('',(4.67153567310568E-30,-2.98372437868011E-16,1.));
#2185=DIRECTION('',(0.,-1.,-2.98372437868011E-16));
#2186=DIRECTION('',(4.67153567310568E-30,-2.98372437868011E-16,1.));
#2187=DIRECTION('',(1.,1.39385748737192E-45,-4.67153567310568E-30));
#2188=DIRECTION('',(4.67153567310568E-30,-2.98372437868011E-16,1.));
#2189=DIRECTION('',(0.,-1.,-2.98372437868011E-16));
#2190=DIRECTION('',(4.67153567310568E-30,-2.98372437868011E-16,1.));
#2191=DIRECTION('',(0.,-1.,-2.98372437868011E-16));
#2192=DIRECTION('',(4.67153567310568E-30,-2.98372437868011E-16,1.));
#2193=DIRECTION('',(1.,1.39385748737192E-45,-4.67153567310568E-30));
#2194=DIRECTION('',(4.67153567310568E-30,-2.98372437868011E-16,1.));
#2195=DIRECTION('',(0.,-1.,-2.98372437868011E-16));
#2196=DIRECTION('',(4.67153567310568E-30,-2.98372437868011E-16,1.));
#2197=DIRECTION('',(0.,-1.,-2.98372437868011E-16));
#2198=DIRECTION('',(4.67153567310568E-30,-2.98372437868011E-16,1.));
#2199=DIRECTION('',(1.,1.39385748737192E-45,-4.67153567310568E-30));
#2200=DIRECTION('',(5.05778092345254E-30,-2.84494650060197E-16,1.));
#2201=DIRECTION('',(0.,-1.,-2.84494650060197E-16));
#2202=DIRECTION('',(1.06858966120171E-15,1.,2.84494650060197E-16));
#2203=DIRECTION('',(-1.,1.02931858392839E-15,5.3506165537877E-30));
#2204=DIRECTION('',(1.06858966120171E-15,1.,2.84494650060197E-16));
#2205=DIRECTION('',(1.,-1.06858966120171E-15,-4.99037337539899E-30));
#2206=DIRECTION('',(1.06858966120171E-15,1.,0.));
#2207=DIRECTION('',(-4.67153567310568E-30,2.98372437868011E-16,-1.));
#2208=DIRECTION('',(1.06858966120171E-15,1.,2.84494650060197E-16));
#2209=DIRECTION('',(5.05778092345254E-30,-2.84494650060197E-16,1.));
#2210=DIRECTION('',(0.,-1.,-2.84494650060197E-16));
#2211=DIRECTION('',(1.,-1.02931858392839E-15,-5.3506165537877E-30));
#2212=DIRECTION('',(1.06858966120171E-15,1.,2.84494650060197E-16));
#2213=DIRECTION('',(1.,-1.06858966120171E-15,-4.99037337539899E-30));
#2214=DIRECTION('',(1.06858966120171E-15,1.,0.));
#2215=DIRECTION('',(4.67153567310568E-30,-2.98372437868011E-16,1.));
#2216=DIRECTION('',(1.,0.,0.));
#2217=DIRECTION('',(0.,0.,-1.));
#2218=DIRECTION('',(0.,-1.,0.));
#2219=DIRECTION('',(0.,-1.,0.));
#2220=DIRECTION('',(0.,0.,1.));
#2221=DIRECTION('',(1.,0.,0.));
#2222=DIRECTION('',(0.,-1.,0.));
#2223=DIRECTION('',(0.,-1.,0.));
#2224=DIRECTION('',(1.,0.,0.));
#2225=DIRECTION('',(0.,0.,-1.));
#2226=DIRECTION('',(0.,-1.,0.));
#2227=DIRECTION('',(0.,-1.,0.));
#2228=DIRECTION('',(0.,0.,1.));
#2229=DIRECTION('',(1.,0.,0.));
#2230=DIRECTION('',(0.,-1.,0.));
#2231=DIRECTION('',(0.,-1.,0.));
#2232=DIRECTION('',(0.,0.,1.));
#2233=DIRECTION('',(1.,0.,0.));
#2234=DIRECTION('',(-1.,0.,0.));
#2235=DIRECTION('',(-1.,0.,0.));
#2236=DIRECTION('',(0.,1.,3.27306316222039E-16));
#2237=DIRECTION('',(0.,-3.27306316222039E-16,1.));
#2238=DIRECTION('',(-1.,0.,0.));
#2239=DIRECTION('',(0.,3.27306316222039E-16,-1.));
#2240=DIRECTION('',(0.,0.,1.));
#2241=DIRECTION('',(1.,0.,0.));
#2242=DIRECTION('',(-1.,0.,0.));
#2243=DIRECTION('',(0.,1.,0.));
#2244=DIRECTION('',(0.,1.,3.27306316222039E-16));
#2245=DIRECTION('',(0.,-3.27306316222039E-16,1.));
#2246=DIRECTION('',(0.,3.27306316222039E-16,-1.));
#2247=DIRECTION('',(1.,0.,0.));
#2248=DIRECTION('',(0.,1.,0.));
#2249=DIRECTION('',(0.,1.,3.27306316222039E-16));
#2250=DIRECTION('',(0.,-3.27306316222039E-16,1.));
#2251=DIRECTION('',(0.,3.27306316222039E-16,-1.));
#2252=DIRECTION('',(-1.,0.,0.));
#2253=DIRECTION('',(-1.,0.,0.));
#2254=DIRECTION('',(0.,0.,1.));
#2255=DIRECTION('',(1.,0.,0.));
#2256=DIRECTION('',(-1.,0.,0.));
#2257=DIRECTION('',(0.,1.,3.27306316222039E-16));
#2258=DIRECTION('',(0.,-3.27306316222039E-16,1.));
#2259=DIRECTION('',(-1.,0.,0.));
#2260=DIRECTION('',(0.,3.27306316222039E-16,-1.));
#2261=DIRECTION('',(0.,0.,1.));
#2262=DIRECTION('',(1.,0.,0.));
#2263=DIRECTION('',(0.,1.,0.));
#2264=DIRECTION('',(1.,0.,0.));
#2265=DIRECTION('',(0.,1.,0.));
#2266=DIRECTION('',(0.,0.,1.));
#2267=DIRECTION('',(1.,0.,0.));
#2268=DIRECTION('',(-1.,0.,0.));
#2269=DIRECTION('',(-1.,0.,0.));
#2270=DIRECTION('',(0.,1.,3.27306316222039E-16));
#2271=DIRECTION('',(0.,-3.27306316222039E-16,1.));
#2272=DIRECTION('',(-1.,0.,0.));
#2273=DIRECTION('',(0.,0.,1.));
#2274=DIRECTION('',(1.,0.,0.));
#2275=DIRECTION('',(-1.,0.,0.));
#2276=DIRECTION('',(0.,1.,3.27306316222039E-16));
#2277=DIRECTION('',(0.,-3.27306316222039E-16,1.));
#2278=DIRECTION('',(0.,1.,3.27306316222039E-16));
#2279=DIRECTION('',(0.,-3.27306316222039E-16,1.));
#2280=DIRECTION('',(-1.,0.,0.));
#2281=DIRECTION('',(-1.,0.,0.));
#2282=DIRECTION('',(0.,0.,1.));
#2283=DIRECTION('',(1.,0.,0.));
#2284=DIRECTION('',(-1.,0.,0.));
#2285=DIRECTION('',(0.,1.,0.));
#2286=DIRECTION('',(0.,0.,1.));
#2287=DIRECTION('',(-1.,0.,0.));
#2288=DIRECTION('',(0.,0.,1.));
#2289=DIRECTION('',(1.,0.,0.));
#2290=DIRECTION('',(0.,0.,1.));
#2291=DIRECTION('',(1.,0.,0.));
#2292=DIRECTION('',(-1.,0.,0.));
#2293=DIRECTION('',(-1.,0.,0.));
#2294=DIRECTION('',(0.,1.,0.));
#2295=DIRECTION('',(0.,0.,1.));
#2296=DIRECTION('',(-1.,0.,0.));
#2297=DIRECTION('',(0.,0.,1.));
#2298=DIRECTION('',(1.,0.,0.));
#2299=DIRECTION('',(-1.,0.,0.));
#2300=DIRECTION('',(0.,1.,0.));
#2301=DIRECTION('',(0.,0.,1.));
#2302=DIRECTION('',(0.,0.,1.));
#2303=DIRECTION('',(1.,0.,0.));
#2304=DIRECTION('',(-1.,0.,0.));
#2305=DIRECTION('',(-1.,0.,0.));
#2306=DIRECTION('',(0.,1.,0.));
#2307=DIRECTION('',(0.,0.,1.));
#2308=DIRECTION('',(-1.,0.,0.));
#2309=DIRECTION('',(0.,0.,1.));
#2310=DIRECTION('',(1.,0.,0.));
#2311=DIRECTION('',(-1.,0.,0.));
#2312=DIRECTION('',(0.,1.,0.));
#2313=DIRECTION('',(0.,0.,1.));
#2314=DIRECTION('',(0.,-1.,0.));
#2315=DIRECTION('',(0.,0.,-1.));
#2316=DIRECTION('',(0.,1.,0.));
#2317=DIRECTION('',(0.,0.,1.));
#2318=DIRECTION('',(0.,-1.,0.));
#2319=DIRECTION('',(0.,0.,-1.));
#2320=DIRECTION('',(0.,1.,0.));
#2321=DIRECTION('',(0.,0.,1.));
#2322=DIRECTION('',(-4.67153567310568E-30,2.98372437868011E-16,-1.));
#2323=DIRECTION('',(0.,1.,2.98372437868011E-16));
#2324=DIRECTION('',(4.67153567310568E-30,-2.98372437868011E-16,1.));
#2325=DIRECTION('',(0.,-1.,-2.98372437868011E-16));
#2326=DIRECTION('',(-4.67153567310568E-30,2.98372437868011E-16,-1.));
#2327=DIRECTION('',(0.,1.,2.98372437868011E-16));
#2328=DIRECTION('',(4.67153567310568E-30,-2.98372437868011E-16,1.));
#2329=DIRECTION('',(0.,-1.,-2.98372437868011E-16));
#2330=DIRECTION('',(-0.707106781186548,0.707106781186547,2.10981174135635E-16));
#2331=DIRECTION('',(4.67153567310568E-30,-2.98372437868011E-16,1.));
#2332=DIRECTION('',(-0.577350269189626,-0.577350269189628,0.577350269189624));
#2333=DIRECTION('',(0.577350269189626,0.577350269189627,0.577350269189624));
#2334=DIRECTION('',(7.27838150697089E-16,0.707106781186545,-0.70710678118655));
#2335=DIRECTION('',(-1.,1.02931858392839E-15,5.3506165537877E-30));
#2336=DIRECTION('',(0.577350269189623,-0.577350269189629,-0.577350269189625));
#2337=DIRECTION('',(-7.27838150697097E-16,-0.707106781186545,-0.70710678118655));
#2338=DIRECTION('',(1.,-1.02931858392839E-15,-5.3506165537877E-30));
#2339=DIRECTION('',(0.577350269189623,-0.57735026918963,0.577350269189625));
#2340=DIRECTION('',(-0.707106781186552,-0.707106781186543,-2.10981174135628E-16));
#2341=DIRECTION('',(-4.67153567310568E-30,2.98372437868011E-16,-1.));
#2342=CARTESIAN_POINT('',(0.,0.,0.));
#2343=CARTESIAN_POINT('',(-0.172374508394242,0.0284999177380099,-0.0231742685645864));
#2344=CARTESIAN_POINT('',(-0.172374508394242,-0.0228609439943492,-0.0231742685645864));
#2345=CARTESIAN_POINT('',(0.00273549160575867,-0.0228609439943492,-0.0231742685645864));
#2346=CARTESIAN_POINT('',(0.00223549160575867,-0.0228609439943492,-0.0231742685645864));
#2347=CARTESIAN_POINT('',(0.00273549160575868,-0.0205052529191971,-0.0231742685645864));
#2348=CARTESIAN_POINT('',(0.00273549160575867,-0.0208609439943492,-0.0231742685645864));
#2349=CARTESIAN_POINT('',(-0.172374508394242,-0.0208609439943492,-0.0231742685645864));
#2350=CARTESIAN_POINT('',(0.00223549160575867,-0.0208609439943492,-0.0231742685645864));
#2351=CARTESIAN_POINT('',(0.00223549160575867,0.0284999177380099,-0.0231742685645864));
#2352=CARTESIAN_POINT('',(0.00223549160575867,-0.0188609439943492,-0.0231742685645864));
#2353=CARTESIAN_POINT('',(-0.172374508394242,-0.0188609439943492,-0.0231742685645864));
#2354=CARTESIAN_POINT('',(0.00273549160575868,-0.0188609439943492,-0.0231742685645864));
#2355=CARTESIAN_POINT('',(0.00273549160575868,-0.0205052529191971,-0.0231742685645864));
#2356=CARTESIAN_POINT('',(0.00273549160575868,-0.0150304235764041,-0.0231742685645864));
#2357=CARTESIAN_POINT('',(-0.00207450839424132,-0.0150304235764041,-0.0231742685645864));
#2358=CARTESIAN_POINT('',(-0.00688450839424131,-0.0150304235764041,-0.0231742685645864));
#2359=CARTESIAN_POINT('',(-0.00688450839424131,-0.0205052529191971,-0.0231742685645864));
#2360=CARTESIAN_POINT('',(-0.00688450839424131,-0.0259800822619901,-0.0231742685645864));
#2361=CARTESIAN_POINT('',(-0.00207450839424129,-0.0259800822619901,-0.0231742685645864));
#2362=CARTESIAN_POINT('',(0.00273549160575873,-0.0259800822619901,-0.0231742685645864));
#2363=CARTESIAN_POINT('',(0.00273549160575868,-0.0205052529191971,-0.0231742685645864));
#2364=CARTESIAN_POINT('',(0.00273549160575868,-0.0248609439943492,-0.0231742685645864));
#2365=CARTESIAN_POINT('',(-0.172374508394242,-0.0248609439943492,-0.0231742685645864));
#2366=CARTESIAN_POINT('',(0.00223549160575867,-0.0248609439943492,-0.0231742685645864));
#2367=CARTESIAN_POINT('',(0.00223549160575867,0.0284999177380099,-0.0231742685645864));
#2368=CARTESIAN_POINT('',(-0.00238450839424132,-0.0214800822619901,-0.0231742685645864));
#2369=CARTESIAN_POINT('',(-8.45083942413154E-5,-0.0214800822619901,-0.0231742685645864));
#2370=CARTESIAN_POINT('',(0.00273549160575867,-0.0594650822619901,-0.0130155299678598));
#2371=CARTESIAN_POINT('',(0.00273549160575867,-0.0594650822619901,-0.0175892685645864));
#2372=CARTESIAN_POINT('',(0.00273549160575867,-0.0368609439943492,-0.0175892685645864));
#2373=CARTESIAN_POINT('',(0.00273549160575867,-0.0348609439943492,-0.0175892685645864));
#2374=CARTESIAN_POINT('',(0.00273549160575867,-0.0368609439943492,-0.0130155299678598));
#2375=CARTESIAN_POINT('',(0.00273549160575867,-0.0368609439943492,-0.0387892685645864));
#2376=CARTESIAN_POINT('',(0.00273549160575867,-0.0594650822619901,-0.0387892685645864));
#2377=CARTESIAN_POINT('',(0.00273549160575867,-0.0348609439943492,-0.0387892685645864));
#2378=CARTESIAN_POINT('',(0.00273549160575867,-0.0348609439943492,-0.0130155299678598));
#2379=CARTESIAN_POINT('',(0.00273549160575867,-0.0308609439943493,-0.0130155299678597));
#2380=CARTESIAN_POINT('',(0.00273549160575867,-0.0308609439943493,-0.0175892685645864));
#2381=CARTESIAN_POINT('',(0.00273549160575867,-0.0308609439943492,-0.0387892685645864));
#2382=CARTESIAN_POINT('',(0.00273549160575867,-0.0594650822619901,-0.0175892685645864));
#2383=CARTESIAN_POINT('',(0.00273549160575867,-0.0328609439943493,-0.0175892685645864));
#2384=CARTESIAN_POINT('',(0.00273549160575867,-0.0328609439943493,-0.0130155299678598));
#2385=CARTESIAN_POINT('',(0.00273549160575867,-0.0328609439943493,-0.0387892685645864));
#2386=CARTESIAN_POINT('',(0.00273549160575867,-0.0594650822619901,-0.0387892685645864));
#2387=CARTESIAN_POINT('',(0.00273549160575867,-0.0594650822619901,-0.0175892685645864));
#2388=CARTESIAN_POINT('',(0.00273549160575867,-0.0288609439943493,-0.0175892685645864));
#2389=CARTESIAN_POINT('',(0.00273549160575867,-0.0268609439943493,-0.0175892685645864));
#2390=CARTESIAN_POINT('',(0.00273549160575867,-0.0288609439943493,-0.0130155299678597));
#2391=CARTESIAN_POINT('',(0.00273549160575867,-0.0288609439943492,-0.0387892685645864));
#2392=CARTESIAN_POINT('',(0.00273549160575867,-0.0594650822619901,-0.0387892685645864));
#2393=CARTESIAN_POINT('',(0.00273549160575867,-0.0268609439943492,-0.0387892685645864));
#2394=CARTESIAN_POINT('',(0.00273549160575867,-0.0268609439943493,-0.0130155299678597));
#2395=CARTESIAN_POINT('',(0.00273549160575867,-0.0228609439943493,-0.0130155299678597));
#2396=CARTESIAN_POINT('',(0.00273549160575868,-0.0228609439943492,-0.0175892685645864));
#2397=CARTESIAN_POINT('',(0.00273549160575867,-0.0594650822619901,-0.0175892685645864));
#2398=CARTESIAN_POINT('',(0.00273549160575868,-0.0248609439943492,-0.0175892685645864));
#2399=CARTESIAN_POINT('',(0.00273549160575867,-0.0248609439943493,-0.0130155299678597));
#2400=CARTESIAN_POINT('',(0.00273549160575873,-0.0259800822619901,-0.0231722685645864));
#2401=CARTESIAN_POINT('',(0.00273549160575867,-0.02598008226199,-0.0460155299678598));
#2402=CARTESIAN_POINT('',(0.00273549160575867,-0.0594650822619901,-0.0460155299678598));
#2403=CARTESIAN_POINT('',(0.00273549160575867,-0.0548700822619901,-0.0460155299678598));
#2404=CARTESIAN_POINT('',(0.00273549160575867,-0.0548700822619901,-0.0231722685645864));
#2405=CARTESIAN_POINT('',(0.00273549160575867,-0.0548700822619901,-0.0231742685645864));
#2406=CARTESIAN_POINT('',(0.00273549160575867,-0.0594650822619901,-0.0231742685645864));
#2407=CARTESIAN_POINT('',(0.00273549160575869,-0.0640600822619901,-0.0231742685645864));
#2408=CARTESIAN_POINT('',(0.00273549160575869,-0.0640600822619901,-0.0130155299678598));
#2409=CARTESIAN_POINT('',(0.00273549160575869,-0.0640600822619901,-0.0130155299678598));
#2410=CARTESIAN_POINT('',(0.00273549160575867,-0.0594650822619901,-0.0130155299678598));
#2411=CARTESIAN_POINT('',(0.00273549160575868,-0.0150304235764041,-0.0130155299678597));
#2412=CARTESIAN_POINT('',(0.00273549160575868,-0.0150304235764041,-0.0130155299678597));
#2413=CARTESIAN_POINT('',(0.00273549160575868,-0.0188609439943492,-0.0130155299678597));
#2414=CARTESIAN_POINT('',(0.00273549160575868,-0.0188609439943492,-0.0175892685645864));
#2415=CARTESIAN_POINT('',(0.00273549160575867,-0.0594650822619901,-0.0175892685645864));
#2416=CARTESIAN_POINT('',(0.00273549160575868,-0.0208609439943492,-0.0175892685645864));
#2417=CARTESIAN_POINT('',(0.00273549160575867,-0.0208609439943492,-0.0130155299678597));
#2418=CARTESIAN_POINT('',(0.00273549160575867,-0.0408609439943493,-0.0130155299678598));
#2419=CARTESIAN_POINT('',(0.00273549160575867,-0.0408609439943493,-0.0175892685645864));
#2420=CARTESIAN_POINT('',(0.00273549160575867,-0.0408609439943493,-0.0387892685645864));
#2421=CARTESIAN_POINT('',(0.00273549160575867,-0.0594650822619901,-0.0387892685645864));
#2422=CARTESIAN_POINT('',(0.00273549160575867,-0.0388609439943493,-0.0387892685645864));
#2423=CARTESIAN_POINT('',(0.00273549160575867,-0.0388609439943493,-0.0130155299678598));
#2424=CARTESIAN_POINT('',(0.00273549160575867,-0.0388609439943493,-0.0175892685645864));
#2425=CARTESIAN_POINT('',(0.00273549160575867,-0.0594650822619901,-0.0175892685645864));
#2426=CARTESIAN_POINT('',(0.0107354916057587,-0.0434160735556084,-0.0490155299678598));
#2427=CARTESIAN_POINT('',(0.0107354916057587,-0.0434160735556084,-0.0175892685645864));
#2428=CARTESIAN_POINT('',(0.0107354916057587,-0.0348609439943492,-0.0175892685645864));
#2429=CARTESIAN_POINT('',(0.0107354916057587,-0.0368609439943492,-0.0175892685645864));
#2430=CARTESIAN_POINT('',(0.0107354916057587,-0.0348609439943492,-0.0490155299678598));
#2431=CARTESIAN_POINT('',(0.0107354916057587,-0.0348609439943492,-0.0387892685645864));
#2432=CARTESIAN_POINT('',(0.0107354916057587,-0.0434160735556084,-0.0387892685645864));
#2433=CARTESIAN_POINT('',(0.0107354916057587,-0.0368609439943492,-0.0387892685645864));
#2434=CARTESIAN_POINT('',(0.0107354916057587,-0.0368609439943492,-0.0490155299678598));
#2435=CARTESIAN_POINT('',(0.0107354916057587,-0.0308609439943492,-0.0490155299678598));
#2436=CARTESIAN_POINT('',(0.0107354916057587,-0.0308609439943492,-0.0387892685645864));
#2437=CARTESIAN_POINT('',(0.0107354916057587,-0.0308609439943493,-0.0175892685645864));
#2438=CARTESIAN_POINT('',(0.0107354916057587,-0.0434160735556084,-0.0387892685645864));
#2439=CARTESIAN_POINT('',(0.0107354916057587,-0.0328609439943493,-0.0387892685645864));
#2440=CARTESIAN_POINT('',(0.0107354916057587,-0.0328609439943493,-0.0490155299678598));
#2441=CARTESIAN_POINT('',(0.0107354916057587,-0.0328609439943493,-0.0175892685645864));
#2442=CARTESIAN_POINT('',(0.0107354916057587,-0.0434160735556084,-0.0175892685645864));
#2443=CARTESIAN_POINT('',(0.0107354916057587,-0.0434160735556084,-0.0175892685645864));
#2444=CARTESIAN_POINT('',(0.0107354916057587,-0.0268609439943493,-0.0175892685645864));
#2445=CARTESIAN_POINT('',(0.0107354916057587,-0.0288609439943493,-0.0175892685645864));
#2446=CARTESIAN_POINT('',(0.0107354916057587,-0.0268609439943492,-0.0490155299678598));
#2447=CARTESIAN_POINT('',(0.0107354916057587,-0.0268609439943492,-0.0387892685645864));
#2448=CARTESIAN_POINT('',(0.0107354916057587,-0.0434160735556084,-0.0387892685645864));
#2449=CARTESIAN_POINT('',(0.0107354916057587,-0.0288609439943492,-0.0387892685645864));
#2450=CARTESIAN_POINT('',(0.0107354916057587,-0.0288609439943492,-0.0490155299678598));
#2451=CARTESIAN_POINT('',(0.0107354916057587,-0.0228609439943492,-0.0490155299678598));
#2452=CARTESIAN_POINT('',(0.0107354916057587,-0.0228609439943492,-0.0387892685645864));
#2453=CARTESIAN_POINT('',(0.0107354916057587,-0.0228609439943492,-0.0175892685645864));
#2454=CARTESIAN_POINT('',(0.0107354916057587,-0.0434160735556084,-0.0387892685645864));
#2455=CARTESIAN_POINT('',(0.0107354916057587,-0.0248609439943492,-0.0387892685645864));
#2456=CARTESIAN_POINT('',(0.0107354916057587,-0.0248609439943492,-0.0490155299678598));
#2457=CARTESIAN_POINT('',(0.0107354916057587,-0.0248609439943492,-0.0175892685645864));
#2458=CARTESIAN_POINT('',(0.0107354916057587,-0.0434160735556084,-0.0175892685645864));
#2459=CARTESIAN_POINT('',(0.0107354916057587,-0.0434160735556084,-0.0175892685645864));
#2460=CARTESIAN_POINT('',(0.0107354916057587,-0.0188609439943492,-0.0175892685645864));
#2461=CARTESIAN_POINT('',(0.0107354916057587,-0.0208609439943492,-0.0175892685645864));
#2462=CARTESIAN_POINT('',(0.0107354916057587,-0.0188609439943492,-0.0490155299678598));
#2463=CARTESIAN_POINT('',(0.0107354916057587,-0.0188609439943492,-0.0387892685645864));
#2464=CARTESIAN_POINT('',(0.0107354916057587,-0.0434160735556084,-0.0387892685645864));
#2465=CARTESIAN_POINT('',(0.0107354916057587,-0.0208609439943492,-0.0387892685645864));
#2466=CARTESIAN_POINT('',(0.0107354916057587,-0.0208609439943492,-0.0490155299678598));
#2467=CARTESIAN_POINT('',(0.0107354916057587,-0.0434160735556084,-0.0490155299678598));
#2468=CARTESIAN_POINT('',(0.0107354916057587,-0.0758771779678189,-0.0490155299678598));
#2469=CARTESIAN_POINT('',(0.0107354916057587,-0.0109549691433978,-0.0490155299678598));
#2470=CARTESIAN_POINT('',(0.0107354916057587,-0.0109549691433978,-0.0130155299678597));
#2471=CARTESIAN_POINT('',(0.0107354916057587,-0.0109549691433978,-0.0130155299678597));
#2472=CARTESIAN_POINT('',(0.0107354916057587,-0.0434160735556084,-0.0130155299678597));
#2473=CARTESIAN_POINT('',(0.0107354916057587,-0.0758771779678189,-0.0130155299678598));
#2474=CARTESIAN_POINT('',(0.0107354916057587,-0.0758771779678189,-0.0490155299678598));
#2475=CARTESIAN_POINT('',(0.0107354916057587,-0.0388609439943493,-0.0490155299678598));
#2476=CARTESIAN_POINT('',(0.0107354916057587,-0.0388609439943493,-0.0387892685645864));
#2477=CARTESIAN_POINT('',(0.0107354916057587,-0.0388609439943493,-0.0175892685645864));
#2478=CARTESIAN_POINT('',(0.0107354916057587,-0.0434160735556084,-0.0387892685645864));
#2479=CARTESIAN_POINT('',(0.0107354916057587,-0.0408609439943493,-0.0387892685645864));
#2480=CARTESIAN_POINT('',(0.0107354916057587,-0.0408609439943493,-0.0490155299678598));
#2481=CARTESIAN_POINT('',(0.0107354916057587,-0.0408609439943493,-0.0175892685645864));
#2482=CARTESIAN_POINT('',(0.0107354916057587,-0.0434160735556084,-0.0175892685645864));
#2483=CARTESIAN_POINT('',(-0.0431945083942412,-0.0434160735556084,-0.0460155299678598));
#2484=CARTESIAN_POINT('',(-0.0891245083942413,-0.0595400822619901,-0.0460155299678598));
#2485=CARTESIAN_POINT('',(-0.0891245083942413,-0.0550200822619901,-0.0460155299678598));
#2486=CARTESIAN_POINT('',(-0.0891245083942413,-0.02567008226199,-0.0460155299678598));
#2487=CARTESIAN_POINT('',(-0.0844745083942413,-0.0550200822619901,-0.0460155299678598));
#2488=CARTESIAN_POINT('',(-0.0798245083942413,-0.0550200822619901,-0.0460155299678598));
#2489=CARTESIAN_POINT('',(-0.0798245083942413,-0.0595400822619901,-0.0460155299678598));
#2490=CARTESIAN_POINT('',(-0.0798245083942413,-0.0640600822619901,-0.0460155299678598));
#2491=CARTESIAN_POINT('',(-0.0798817489344356,-0.0640600822619901,-0.0460155299678598));
#2492=CARTESIAN_POINT('',(-0.00955898947462979,-0.0640600822619901,-0.0460155299678598));
#2493=CARTESIAN_POINT('',(-0.0095589894746298,-0.0681509028984014,-0.0460155299678598));
#2494=CARTESIAN_POINT('',(-0.0095589894746298,-0.0722417235348126,-0.0460155299678598));
#2495=CARTESIAN_POINT('',(-0.0447489894746298,-0.0722417235348126,-0.0460155299678598));
#2496=CARTESIAN_POINT('',(-0.0799389894746298,-0.0722417235348125,-0.0460155299678598));
#2497=CARTESIAN_POINT('',(-0.0799389894746298,-0.0745217235348125,-0.0460155299678598));
#2498=CARTESIAN_POINT('',(-0.0799389894746298,-0.0768017235348126,-0.0460155299678598));
#2499=CARTESIAN_POINT('',(-0.0428639894746298,-0.0768017235348126,-0.0460155299678598));
#2500=CARTESIAN_POINT('',(-0.00578898947462982,-0.0768017235348126,-0.0460155299678598));
#2501=CARTESIAN_POINT('',(-0.00578898947462981,-0.0704309028984013,-0.0460155299678598));
#2502=CARTESIAN_POINT('',(-0.00578898947462981,-0.0640600822619901,-0.0460155299678598));
#2503=CARTESIAN_POINT('',(-0.00152674893443556,-0.0640600822619901,-0.0460155299678598));
#2504=CARTESIAN_POINT('',(-0.00667450839424133,-0.0640600822619901,-0.0460155299678598));
#2505=CARTESIAN_POINT('',(-0.00667450839424133,-0.0594650822619901,-0.0460155299678598));
#2506=CARTESIAN_POINT('',(-0.00667450839424132,-0.0548700822619901,-0.0460155299678598));
#2507=CARTESIAN_POINT('',(-0.00196950839424132,-0.0548700822619901,-0.0460155299678598));
#2508=CARTESIAN_POINT('',(-0.00207450839424129,-0.0259800822619901,-0.0460155299678597));
#2509=CARTESIAN_POINT('',(-0.00688450839424131,-0.0259800822619901,-0.0460155299678597));
#2510=CARTESIAN_POINT('',(-0.00688450839424131,-0.0205052529191971,-0.0460155299678597));
#2511=CARTESIAN_POINT('',(-0.00688450839424131,-0.0150304235764041,-0.0460155299678597));
#2512=CARTESIAN_POINT('',(-0.00207450839424132,-0.0150304235764041,-0.0460155299678597));
#2513=CARTESIAN_POINT('',(-0.0799645083942413,-0.0150304235764041,-0.0460155299678597));
#2514=CARTESIAN_POINT('',(-0.0799645083942413,-0.0203502529191971,-0.0460155299678597));
#2515=CARTESIAN_POINT('',(-0.0799645083942413,-0.0256700822619901,-0.0460155299678597));
#2516=CARTESIAN_POINT('',(-0.0845445083942413,-0.0256700822619901,-0.0460155299678597));
#2517=CARTESIAN_POINT('',(-0.0845445083942413,-0.0256700822619901,-0.0231722685645864));
#2518=CARTESIAN_POINT('',(-0.0845445083942413,-0.0256700822619901,-0.0231742685645864));
#2519=CARTESIAN_POINT('',(-0.0891245083942413,-0.0256700822619901,-0.0231742685645864));
#2520=CARTESIAN_POINT('',(-0.0799645083942413,-0.0256700822619901,-0.0231742685645864));
#2521=CARTESIAN_POINT('',(-0.0891245083942413,-0.0256700822619901,-0.0231722685645864));
#2522=CARTESIAN_POINT('',(-0.0799645083942413,-0.0256700822619901,-0.0231722685645864));
#2523=CARTESIAN_POINT('',(-0.0799645083942413,-0.0203502529191971,-0.0231722685645864));
#2524=CARTESIAN_POINT('',(-0.0799645083942413,-0.015030423576404,-0.0231722685645864));
#2525=CARTESIAN_POINT('',(-0.0799645083942413,-0.015030423576404,-0.0231742685645864));
#2526=CARTESIAN_POINT('',(-0.0799645083942413,-0.0203502529191971,-0.0231742685645864));
#2527=CARTESIAN_POINT('',(-0.0844645083942413,-0.0211700822619901,-0.0231722685645864));
#2528=CARTESIAN_POINT('',(-0.0844645083942413,-0.0211700822619901,-0.0460155299678597));
#2529=CARTESIAN_POINT('',(-0.0844645083942413,-0.0188700822619901,-0.0460155299678597));
#2530=CARTESIAN_POINT('',(-0.0844645083942413,-0.0211700822619901,-0.0231742685645864));
#2531=CARTESIAN_POINT('',(-0.0821645083942413,-0.0211700822619901,-0.0231742685645864));
#2532=CARTESIAN_POINT('',(-0.172374508394242,0.0284999177380099,-0.0231742685645864));
#2533=CARTESIAN_POINT('',(-0.0891245083942413,-0.0203502529191971,-0.0231742685645864));
#2534=CARTESIAN_POINT('',(-0.0891245083942413,-0.0150304235764041,-0.0231742685645864));
#2535=CARTESIAN_POINT('',(-0.0845445083942413,-0.0150304235764041,-0.0231742685645864));
#2536=CARTESIAN_POINT('',(-0.0431945083942412,-0.0434160735556084,-0.0460155299678598));
#2537=CARTESIAN_POINT('',(-0.00152674893443556,-0.0640600822619901,-0.0231722685645864));
#2538=CARTESIAN_POINT('',(-0.00578898947462981,-0.0640600822619901,-0.0130155299678598));
#2539=CARTESIAN_POINT('',(-0.00578898947462981,-0.0640600822619901,-0.0231742685645864));
#2540=CARTESIAN_POINT('',(-0.00152674893443556,-0.0640600822619901,-0.0231742685645864));
#2541=CARTESIAN_POINT('',(-0.00667450839424133,-0.0640600822619901,-0.0231742685645864));
#2542=CARTESIAN_POINT('',(-0.00667450839424133,-0.0640600822619901,-0.0231722685645864));
#2543=CARTESIAN_POINT('',(-0.00667450839424133,-0.0594650822619901,-0.0231722685645864));
#2544=CARTESIAN_POINT('',(-0.00667450839424133,-0.0594650822619901,-0.0231742685645864));
#2545=CARTESIAN_POINT('',(-0.00667450839424132,-0.0548700822619901,-0.0231742685645864));
#2546=CARTESIAN_POINT('',(-0.00667450839424132,-0.0548700822619901,-0.0231722685645864));
#2547=CARTESIAN_POINT('',(-0.00196950839424132,-0.0548700822619901,-0.0231722685645864));
#2548=CARTESIAN_POINT('',(-0.00196950839424132,-0.0548700822619901,-0.0231742685645864));
#2549=CARTESIAN_POINT('',(-0.00217450839424133,-0.0593700822619901,-0.0231722685645864));
#2550=CARTESIAN_POINT('',(-0.00217450839424133,-0.0593700822619901,-0.0460155299678598));
#2551=CARTESIAN_POINT('',(-0.00217450839424133,-0.0570700822619901,-0.0460155299678598));
#2552=CARTESIAN_POINT('',(-0.00217450839424133,-0.0593700822619901,-0.0231742685645864));
#2553=CARTESIAN_POINT('',(0.000125491605758675,-0.0593700822619901,-0.0231742685645864));
#2554=CARTESIAN_POINT('',(-0.172374508394242,0.0284999177380099,-0.0231742685645864));
#2555=CARTESIAN_POINT('',(-0.00152674893443556,-0.0640600822619901,-0.0231742685645864));
#2556=CARTESIAN_POINT('',(-0.0431945083942412,-0.0434160735556084,-0.0460155299678598));
#2557=CARTESIAN_POINT('',(-0.0844745083942413,-0.0550200822619901,-0.0231722685645864));
#2558=CARTESIAN_POINT('',(-0.0891245083942413,-0.0550200822619901,-0.0231722685645864));
#2559=CARTESIAN_POINT('',(-0.0891245083942413,-0.0550200822619901,-0.0231742685645864));
#2560=CARTESIAN_POINT('',(-0.0844745083942413,-0.0550200822619901,-0.0231742685645864));
#2561=CARTESIAN_POINT('',(-0.0798245083942413,-0.0550200822619901,-0.0231742685645864));
#2562=CARTESIAN_POINT('',(-0.0798245083942413,-0.0550200822619901,-0.0231722685645864));
#2563=CARTESIAN_POINT('',(-0.0843245083942413,-0.0595200822619901,-0.0231722685645864));
#2564=CARTESIAN_POINT('',(-0.0843245083942413,-0.0595200822619901,-0.0460155299678598));
#2565=CARTESIAN_POINT('',(-0.0843245083942413,-0.0572200822619901,-0.0460155299678598));
#2566=CARTESIAN_POINT('',(-0.0843245083942413,-0.0595200822619901,-0.0231742685645864));
#2567=CARTESIAN_POINT('',(-0.0820245083942413,-0.0595200822619901,-0.0231742685645864));
#2568=CARTESIAN_POINT('',(-0.0798245083942413,-0.0595400822619901,-0.0231722685645864));
#2569=CARTESIAN_POINT('',(-0.0798245083942413,-0.0595400822619901,-0.0231742685645864));
#2570=CARTESIAN_POINT('',(-0.0798245083942413,-0.0640600822619901,-0.0231742685645864));
#2571=CARTESIAN_POINT('',(-0.0798245083942413,-0.0640600822619901,-0.0231722685645864));
#2572=CARTESIAN_POINT('',(-0.172374508394242,0.0284999177380099,-0.0231742685645864));
#2573=CARTESIAN_POINT('',(-0.0891245083942413,-0.0595400822619901,-0.0231742685645864));
#2574=CARTESIAN_POINT('',(-0.0891245083942413,-0.0640600822619901,-0.0231742685645864));
#2575=CARTESIAN_POINT('',(-0.0845317489344356,-0.0640600822619901,-0.0231742685645864));
#2576=CARTESIAN_POINT('',(-0.0431945083942412,-0.0434160735556084,-0.0460155299678598));
#2577=CARTESIAN_POINT('',(-0.00688450839424131,-0.0205052529191971,-0.0231722685645864));
#2578=CARTESIAN_POINT('',(-0.00688450839424131,-0.0150304235764041,-0.0231722685645864));
#2579=CARTESIAN_POINT('',(-0.00688450839424131,-0.0259800822619901,-0.0231722685645864));
#2580=CARTESIAN_POINT('',(-0.00207450839424129,-0.0259800822619901,-0.0231722685645864));
#2581=CARTESIAN_POINT('',(-0.00238450839424132,-0.0214800822619901,-0.0231722685645864));
#2582=CARTESIAN_POINT('',(-0.00238450839424132,-0.02148008226199,-0.0460155299678597));
#2583=CARTESIAN_POINT('',(-0.00238450839424132,-0.01918008226199,-0.0460155299678597));
#2584=CARTESIAN_POINT('',(-0.0431945083942412,-0.0434160735556084,-0.0460155299678598));
#2585=CARTESIAN_POINT('',(-0.00152674893443556,-0.0640600822619901,-0.0130155299678598));
#2586=CARTESIAN_POINT('',(-0.00578898947462981,-0.0640600822619901,-0.0130155299678598));
#2587=CARTESIAN_POINT('',(-0.00578898947462981,-0.0640600822619901,-0.0130155299678598));
#2588=CARTESIAN_POINT('',(-0.00152674893443556,-0.0640600822619901,-0.0130155299678598));
#2589=CARTESIAN_POINT('',(-0.0798817489344356,-0.0640600822619901,-0.0130155299678598));
#2590=CARTESIAN_POINT('',(-0.0891245083942413,-0.0640600822619901,-0.0130155299678598));
#2591=CARTESIAN_POINT('',(-0.0891245083942413,-0.0640600822619901,-0.0130155299678598));
#2592=CARTESIAN_POINT('',(-0.0798817489344356,-0.0640600822619901,-0.0130155299678598));
#2593=CARTESIAN_POINT('',(-0.00955898947462979,-0.0640600822619901,-0.0130155299678598));
#2594=CARTESIAN_POINT('',(-0.00955898947462979,-0.0640600822619901,-0.0130155299678598));
#2595=CARTESIAN_POINT('',(-0.0891245083942413,-0.0595400822619901,-0.0130155299678598));
#2596=CARTESIAN_POINT('',(-0.0891245083942413,-0.0150304235764041,-0.0130155299678597));
#2597=CARTESIAN_POINT('',(-0.0891245083942413,-0.0150304235764041,-0.0130155299678597));
#2598=CARTESIAN_POINT('',(-0.0891245083942413,-0.0595400822619901,-0.0130155299678598));
#2599=CARTESIAN_POINT('',(-0.00207450839424132,-0.0150304235764041,-0.0130155299678597));
#2600=CARTESIAN_POINT('',(-0.0472931084388293,-0.0150304235764041,-0.0130155299678597));
#2601=CARTESIAN_POINT('',(-0.0472931084388293,-0.0150304235764041,-0.0249762572650472));
#2602=CARTESIAN_POINT('',(-0.0472931084388293,-0.0150304235764041,-0.0267522798939277));
#2603=CARTESIAN_POINT('',(-0.0455761197532696,-0.0150304235764041,-0.0249762572650472));
#2604=CARTESIAN_POINT('',(-0.0455761197532696,-0.0150304235764041,-0.0232592685794874));
#2605=CARTESIAN_POINT('',(-0.00207450839424132,-0.0150304235764041,-0.0232592685794874));
#2606=CARTESIAN_POINT('',(-0.0380700971243891,-0.0150304235764041,-0.0232592685794874));
#2607=CARTESIAN_POINT('',(-0.0380700971243891,-0.0150304235764041,-0.0249762572650472));
#2608=CARTESIAN_POINT('',(-0.0363531084388293,-0.0150304235764041,-0.0249762572650472));
#2609=CARTESIAN_POINT('',(-0.0363531084388293,-0.0150304235764041,-0.0130155299678597));
#2610=CARTESIAN_POINT('',(-0.0363531084388293,-0.0150304235764041,-0.0267522798939277));
#2611=CARTESIAN_POINT('',(-0.0380700971243891,-0.0150304235764041,-0.0267522798939277));
#2612=CARTESIAN_POINT('',(-0.0380700971243891,-0.0150304235764041,-0.0284692685794874));
#2613=CARTESIAN_POINT('',(-0.00207450839424132,-0.0150304235764041,-0.0284692685794874));
#2614=CARTESIAN_POINT('',(-0.0455761197532696,-0.0150304235764041,-0.0284692685794874));
#2615=CARTESIAN_POINT('',(-0.0455761197532696,-0.0150304235764041,-0.0267522798939277));
#2616=CARTESIAN_POINT('',(-0.00207450839424132,-0.0150304235764041,-0.0130155299678597));
#2617=CARTESIAN_POINT('',(-0.0095589894746298,-0.0681509028984014,-0.0130155299678598));
#2618=CARTESIAN_POINT('',(-0.0095589894746298,-0.0681509028984014,-0.0130155299678598));
#2619=CARTESIAN_POINT('',(-0.0095589894746298,-0.0722417235348126,-0.0130155299678598));
#2620=CARTESIAN_POINT('',(-0.0095589894746298,-0.0722417235348126,-0.0130155299678598));
#2621=CARTESIAN_POINT('',(-0.0447489894746298,-0.0722417235348126,-0.0130155299678598));
#2622=CARTESIAN_POINT('',(-0.0447489894746298,-0.0722417235348126,-0.0130155299678598));
#2623=CARTESIAN_POINT('',(-0.0799389894746298,-0.0722417235348125,-0.0130155299678598));
#2624=CARTESIAN_POINT('',(-0.0799389894746298,-0.0722417235348125,-0.0130155299678598));
#2625=CARTESIAN_POINT('',(-0.0799389894746298,-0.0745217235348125,-0.0130155299678598));
#2626=CARTESIAN_POINT('',(-0.0799389894746298,-0.0745217235348125,-0.0130155299678598));
#2627=CARTESIAN_POINT('',(-0.0799389894746298,-0.0768017235348126,-0.0130155299678598));
#2628=CARTESIAN_POINT('',(-0.0799389894746298,-0.0768017235348126,-0.0130155299678598));
#2629=CARTESIAN_POINT('',(-0.0428639894746298,-0.0768017235348126,-0.0130155299678598));
#2630=CARTESIAN_POINT('',(-0.0428639894746298,-0.0768017235348126,-0.0265855299678598));
#2631=CARTESIAN_POINT('',(-0.0723289894746298,-0.0768017235348126,-0.0265855299678598));
#2632=CARTESIAN_POINT('',(-0.00982898947462982,-0.0768017235348126,-0.0265855299678598));
#2633=CARTESIAN_POINT('',(-0.0723289894746298,-0.0768017235348126,-0.0130155299678598));
#2634=CARTESIAN_POINT('',(-0.0723289894746298,-0.0768017235348126,-0.0444855299678598));
#2635=CARTESIAN_POINT('',(-0.0428639894746298,-0.0768017235348126,-0.0444855299678598));
#2636=CARTESIAN_POINT('',(-0.00982898947462982,-0.0768017235348126,-0.0444855299678598));
#2637=CARTESIAN_POINT('',(-0.00982898947462982,-0.0768017235348126,-0.0130155299678598));
#2638=CARTESIAN_POINT('',(-0.0428639894746298,-0.0768017235348126,-0.0130155299678598));
#2639=CARTESIAN_POINT('',(-0.00578898947462982,-0.0768017235348126,-0.0130155299678598));
#2640=CARTESIAN_POINT('',(-0.00578898947462982,-0.0768017235348126,-0.0130155299678598));
#2641=CARTESIAN_POINT('',(-0.00578898947462981,-0.0704309028984014,-0.0130155299678598));
#2642=CARTESIAN_POINT('',(-0.00578898947462981,-0.0704309028984014,-0.0130155299678598));
#2643=CARTESIAN_POINT('',(-0.0431945083942412,-0.0434160735556084,-0.0130155299678597));
#2644=CARTESIAN_POINT('',(-0.0920245083942413,-0.0747017235348125,-0.0130155299678598));
#2645=CARTESIAN_POINT('',(-0.0920245083942413,-0.0768017235348125,-0.0130155299678598));
#2646=CARTESIAN_POINT('',(0.00563549160575867,-0.0747017235348126,-0.0130155299678598));
#2647=CARTESIAN_POINT('',(0.00563549160575867,-0.0768017235348126,-0.0130155299678598));
#2648=CARTESIAN_POINT('',(0.00563549160575874,-0.0121304235764041,-0.0130155299678597));
#2649=CARTESIAN_POINT('',(0.00563549160575874,-0.0142304235764041,-0.0130155299678597));
#2650=CARTESIAN_POINT('',(-0.0920245083942412,-0.012130423576404,-0.0130155299678597));
#2651=CARTESIAN_POINT('',(-0.0920245083942412,-0.014230423576404,-0.0130155299678597));
#2652=CARTESIAN_POINT('',(-0.0971245083942413,-0.0434160735556083,-0.0130155299678597));
#2653=CARTESIAN_POINT('',(-0.0971245083942413,-0.0758771779678188,-0.0130155299678598));
#2654=CARTESIAN_POINT('',(-0.0971245083942412,-0.0109549691433977,-0.0130155299678597));
#2655=CARTESIAN_POINT('',(-0.0931999628272476,-0.0758771779678188,-0.0130155299678598));
#2656=CARTESIAN_POINT('',(-0.0931999628272476,-0.0798017235348125,-0.0130155299678598));
#2657=CARTESIAN_POINT('',(-0.0431945083942413,-0.0798017235348126,-0.0130155299678598));
#2658=CARTESIAN_POINT('',(0.00681094603876496,-0.0798017235348126,-0.0130155299678598));
#2659=CARTESIAN_POINT('',(0.00681094603876497,-0.0758771779678189,-0.0130155299678598));
#2660=CARTESIAN_POINT('',(0.00681094603876504,-0.0109549691433978,-0.0130155299678597));
#2661=CARTESIAN_POINT('',(0.00681094603876505,-0.00703042357640414,-0.0130155299678597));
#2662=CARTESIAN_POINT('',(-0.0431945083942412,-0.00703042357640409,-0.0130155299678597));
#2663=CARTESIAN_POINT('',(-0.0931999628272475,-0.00703042357640404,-0.0130155299678597));
#2664=CARTESIAN_POINT('',(-0.0931999628272475,-0.0109549691433977,-0.0130155299678597));
#2665=CARTESIAN_POINT('',(-0.0431945083942412,-0.0434160735556084,-0.0490155299678598));
#2666=CARTESIAN_POINT('',(-0.0431945083942413,-0.0798017235348126,-0.0490155299678598));
#2667=CARTESIAN_POINT('',(-0.0931999628272476,-0.0798017235348125,-0.0490155299678598));
#2668=CARTESIAN_POINT('',(0.00681094603876496,-0.0798017235348126,-0.0490155299678598));
#2669=CARTESIAN_POINT('',(-0.0931999628272476,-0.0758771779678188,-0.0490155299678598));
#2670=CARTESIAN_POINT('',(-0.0971245083942413,-0.0758771779678188,-0.0490155299678598));
#2671=CARTESIAN_POINT('',(-0.0971245083942413,-0.0434160735556082,-0.0490155299678598));
#2672=CARTESIAN_POINT('',(-0.0971245083942412,-0.0109549691433977,-0.0490155299678598));
#2673=CARTESIAN_POINT('',(-0.0931999628272475,-0.0109549691433977,-0.0490155299678598));
#2674=CARTESIAN_POINT('',(-0.0931999628272475,-0.00703042357640403,-0.0490155299678597));
#2675=CARTESIAN_POINT('',(-0.0431945083942412,-0.00703042357640408,-0.0490155299678597));
#2676=CARTESIAN_POINT('',(0.00681094603876505,-0.00703042357640413,-0.0490155299678597));
#2677=CARTESIAN_POINT('',(0.00681094603876504,-0.0109549691433978,-0.0490155299678598));
#2678=CARTESIAN_POINT('',(0.00681094603876497,-0.0758771779678189,-0.0490155299678598));
#2679=CARTESIAN_POINT('',(-0.0971245083942413,-0.0434160735556082,-0.0490155299678598));
#2680=CARTESIAN_POINT('',(-0.0971245083942413,-0.0758771779678188,-0.0130155299678598));
#2681=CARTESIAN_POINT('',(-0.0971245083942412,-0.0109549691433977,-0.0490155299678598));
#2682=CARTESIAN_POINT('',(-0.0431945083942412,-0.00703042357640408,-0.0490155299678597));
#2683=CARTESIAN_POINT('',(-0.0431945083942412,-0.00703042357640408,-0.0284692685794874));
#2684=CARTESIAN_POINT('',(-0.0380700971243891,-0.00703042357640409,-0.0284692685794874));
#2685=CARTESIAN_POINT('',(-0.0455761197532696,-0.00703042357640408,-0.0284692685794874));
#2686=CARTESIAN_POINT('',(-0.0380700971243891,-0.00703042357640409,-0.0267522798939277));
#2687=CARTESIAN_POINT('',(-0.0363531084388293,-0.00703042357640409,-0.0267522798939277));
#2688=CARTESIAN_POINT('',(-0.0363531084388293,-0.00703042357640409,-0.0490155299678597));
#2689=CARTESIAN_POINT('',(-0.0363531084388293,-0.00703042357640409,-0.0249762572650472));
#2690=CARTESIAN_POINT('',(-0.0380700971243891,-0.00703042357640409,-0.0249762572650472));
#2691=CARTESIAN_POINT('',(-0.0380700971243891,-0.00703042357640409,-0.0232592685794874));
#2692=CARTESIAN_POINT('',(-0.0431945083942412,-0.00703042357640409,-0.0232592685794874));
#2693=CARTESIAN_POINT('',(-0.0455761197532696,-0.00703042357640408,-0.0232592685794874));
#2694=CARTESIAN_POINT('',(-0.0455761197532696,-0.00703042357640409,-0.0249762572650472));
#2695=CARTESIAN_POINT('',(-0.0472931084388293,-0.00703042357640408,-0.0249762572650472));
#2696=CARTESIAN_POINT('',(-0.0472931084388293,-0.00703042357640407,-0.0490155299678597));
#2697=CARTESIAN_POINT('',(-0.0472931084388293,-0.00703042357640408,-0.0267522798939277));
#2698=CARTESIAN_POINT('',(-0.0455761197532696,-0.00703042357640409,-0.0267522798939277));
#2699=CARTESIAN_POINT('',(-0.0931999628272475,-0.00703042357640403,-0.0490155299678597));
#2700=CARTESIAN_POINT('',(0.00681094603876505,-0.00703042357640413,-0.0490155299678597));
#2701=CARTESIAN_POINT('',(-0.0431945083942413,-0.0798017235348126,-0.0490155299678598));
#2702=CARTESIAN_POINT('',(-0.00982898947462982,-0.0798017235348126,-0.0245855299678597));
#2703=CARTESIAN_POINT('',(-0.0743289894746299,-0.0798017235348126,-0.0245855299678597));
#2704=CARTESIAN_POINT('',(-0.00782898947462983,-0.0798017235348126,-0.0245855299678597));
#2705=CARTESIAN_POINT('',(-0.00782898947462983,-0.0798017235348126,-0.0444855299678598));
#2706=CARTESIAN_POINT('',(-0.00782898947462983,-0.0798017235348126,-0.0464855299678598));
#2707=CARTESIAN_POINT('',(-0.0431945083942413,-0.0798017235348126,-0.0464855299678598));
#2708=CARTESIAN_POINT('',(-0.0743289894746299,-0.0798017235348126,-0.0464855299678598));
#2709=CARTESIAN_POINT('',(-0.0743289894746299,-0.0798017235348126,-0.0490155299678598));
#2710=CARTESIAN_POINT('',(-0.0931999628272476,-0.0798017235348125,-0.0490155299678598));
#2711=CARTESIAN_POINT('',(0.00681094603876496,-0.0798017235348126,-0.0490155299678598));
#2712=CARTESIAN_POINT('',(-0.0920245083942412,-0.012130423576404,-0.0291155299678597));
#2713=CARTESIAN_POINT('',(-0.0920245083942412,-0.012130423576404,-0.0291155299678597));
#2714=CARTESIAN_POINT('',(-0.0920245083942412,-0.014230423576404,-0.0291155299678597));
#2715=CARTESIAN_POINT('',(-0.0431945083942412,-0.0434160735556084,-0.0291155299678597));
#2716=CARTESIAN_POINT('',(0.00563549160575874,-0.0121304235764041,-0.0291155299678597));
#2717=CARTESIAN_POINT('',(0.00563549160575874,-0.0121304235764041,-0.0291155299678597));
#2718=CARTESIAN_POINT('',(0.00563549160575874,-0.0142304235764041,-0.0291155299678597));
#2719=CARTESIAN_POINT('',(-0.0431945083942412,-0.0434160735556084,-0.0291155299678597));
#2720=CARTESIAN_POINT('',(0.00563549160575867,-0.0747017235348126,-0.0291155299678597));
#2721=CARTESIAN_POINT('',(0.00563549160575867,-0.0747017235348126,-0.0291155299678597));
#2722=CARTESIAN_POINT('',(0.00563549160575867,-0.0768017235348126,-0.0291155299678597));
#2723=CARTESIAN_POINT('',(-0.0431945083942412,-0.0434160735556084,-0.0291155299678597));
#2724=CARTESIAN_POINT('',(-0.0920245083942413,-0.0747017235348125,-0.0291155299678597));
#2725=CARTESIAN_POINT('',(-0.0920245083942413,-0.0747017235348125,-0.0291155299678597));
#2726=CARTESIAN_POINT('',(-0.0920245083942413,-0.0768017235348125,-0.0291155299678597));
#2727=CARTESIAN_POINT('',(-0.0431945083942412,-0.0434160735556084,-0.0291155299678597));
#2728=CARTESIAN_POINT('',(-0.0410789894746299,-0.0877317235348126,-0.0265855299678598));
#2729=CARTESIAN_POINT('',(-0.00982898947462983,-0.0877317235348126,-0.0265855299678598));
#2730=CARTESIAN_POINT('',(-0.00982898947462982,-0.0778017235348126,-0.0265855299678598));
#2731=CARTESIAN_POINT('',(-0.0723289894746298,-0.0778017235348125,-0.0265855299678598));
#2732=CARTESIAN_POINT('',(-0.0723289894746298,-0.0778017235348125,-0.0265855299678598));
#2733=CARTESIAN_POINT('',(-0.0723289894746299,-0.0877317235348125,-0.0265855299678598));
#2734=CARTESIAN_POINT('',(-0.0723289894746299,-0.0877317235348125,-0.0354755299678597));
#2735=CARTESIAN_POINT('',(-0.0723289894746298,-0.0778017235348125,-0.0354755299678597));
#2736=CARTESIAN_POINT('',(-0.0723289894746298,-0.0778017235348125,-0.0444855299678598));
#2737=CARTESIAN_POINT('',(-0.0723289894746299,-0.0877317235348125,-0.0444855299678598));
#2738=CARTESIAN_POINT('',(-0.0428639894746298,-0.0877317235348126,-0.0444855299678598));
#2739=CARTESIAN_POINT('',(-0.0428639894746298,-0.0778017235348125,-0.0444855299678598));
#2740=CARTESIAN_POINT('',(-0.00982898947462982,-0.0778017235348126,-0.0444855299678598));
#2741=CARTESIAN_POINT('',(-0.00982898947462983,-0.0877317235348126,-0.0444855299678598));
#2742=CARTESIAN_POINT('',(-0.00982898947462983,-0.0877317235348126,-0.0355355299678598));
#2743=CARTESIAN_POINT('',(-0.00982898947462982,-0.0778017235348126,-0.0265855299678598));
#2744=CARTESIAN_POINT('',(-0.0363531084388293,0.0360315764235959,-0.0258642685794874));
#2745=CARTESIAN_POINT('',(-0.0363531084388293,0.0360315764235959,-0.0267522798939277));
#2746=CARTESIAN_POINT('',(-0.0363531084388293,-0.00703042357640409,-0.0249762572650472));
#2747=CARTESIAN_POINT('',(-0.0418231084388294,0.0360315764235959,-0.0284692685794874));
#2748=CARTESIAN_POINT('',(-0.0380700971243891,0.0360315764235959,-0.0284692685794874));
#2749=CARTESIAN_POINT('',(-0.0455761197532696,-0.0150304235764041,-0.0284692685794874));
#2750=CARTESIAN_POINT('',(-0.0472931084388293,0.0360315764235959,-0.0258642685794874));
#2751=CARTESIAN_POINT('',(-0.0472931084388293,0.0360315764235959,-0.0249762572650472));
#2752=CARTESIAN_POINT('',(-0.0472931084388293,-0.00703042357640408,-0.0267522798939277));
#2753=CARTESIAN_POINT('',(-0.0418231084388294,0.0360315764235959,-0.0232592685794874));
#2754=CARTESIAN_POINT('',(-0.0380700971243891,-0.0150304235764041,-0.0232592685794874));
#2755=CARTESIAN_POINT('',(-0.0455761197532696,0.0360315764235959,-0.0232592685794874));
#2756=CARTESIAN_POINT('',(0.0337314916057587,-0.0198609439943492,-0.0175892685645864));
#2757=CARTESIAN_POINT('',(0.0337314916057587,-0.0188609439943492,-0.0175892685645864));
#2758=CARTESIAN_POINT('',(0.0337314916057587,-0.0208609439943492,-0.0175892685645864));
#2759=CARTESIAN_POINT('',(0.0337314916057587,-0.0208609439943492,-0.0281892685645864));
#2760=CARTESIAN_POINT('',(0.0337314916057587,-0.0208609439943492,-0.0387892685645864));
#2761=CARTESIAN_POINT('',(0.00223549160575867,-0.0208609439943492,-0.0387892685645864));
#2762=CARTESIAN_POINT('',(0.00223549160575867,-0.0208609439943492,-0.0281892685645864));
#2763=CARTESIAN_POINT('',(0.0337314916057587,-0.0198609439943492,-0.0387892685645864));
#2764=CARTESIAN_POINT('',(0.0337314916057587,-0.0188609439943492,-0.0387892685645864));
#2765=CARTESIAN_POINT('',(0.00223549160575867,-0.0188609439943492,-0.0387892685645864));
#2766=CARTESIAN_POINT('',(0.00223549160575867,-0.0198609439943492,-0.0387892685645864));
#2767=CARTESIAN_POINT('',(0.0337314916057587,-0.0188609439943492,-0.0281892685645864));
#2768=CARTESIAN_POINT('',(0.00223549160575867,-0.0188609439943492,-0.0281892685645864));
#2769=CARTESIAN_POINT('',(0.00223549160575867,-0.0392105130216922,-0.0281892685645864));
#2770=CARTESIAN_POINT('',(0.0337314916057587,-0.0228609439943492,-0.0281892685645864));
#2771=CARTESIAN_POINT('',(0.00223549160575867,-0.0228609439943492,-0.0281892685645864));
#2772=CARTESIAN_POINT('',(0.00223549160575867,-0.0228609439943492,-0.0387892685645864));
#2773=CARTESIAN_POINT('',(0.0337314916057587,-0.0228609439943492,-0.0387892685645864));
#2774=CARTESIAN_POINT('',(0.0337314916057587,-0.0228609439943492,-0.0175892685645864));
#2775=CARTESIAN_POINT('',(0.0337314916057587,-0.0238609439943492,-0.0175892685645864));
#2776=CARTESIAN_POINT('',(0.0337314916057587,-0.0248609439943492,-0.0175892685645864));
#2777=CARTESIAN_POINT('',(0.0337314916057587,-0.0248609439943492,-0.0281892685645864));
#2778=CARTESIAN_POINT('',(0.0337314916057587,-0.0248609439943492,-0.0387892685645864));
#2779=CARTESIAN_POINT('',(0.00223549160575867,-0.0248609439943492,-0.0387892685645864));
#2780=CARTESIAN_POINT('',(0.00223549160575867,-0.0248609439943492,-0.0281892685645864));
#2781=CARTESIAN_POINT('',(0.0337314916057587,-0.0238609439943492,-0.0387892685645864));
#2782=CARTESIAN_POINT('',(0.00223549160575867,-0.0238609439943492,-0.0387892685645864));
#2783=CARTESIAN_POINT('',(0.00223549160575867,-0.0392105130216922,-0.0281892685645864));
#2784=CARTESIAN_POINT('',(0.0337314916057587,-0.0278609439943493,-0.0175892685645864));
#2785=CARTESIAN_POINT('',(0.0337314916057587,-0.0268609439943493,-0.0175892685645864));
#2786=CARTESIAN_POINT('',(0.0337314916057587,-0.0288609439943493,-0.0175892685645864));
#2787=CARTESIAN_POINT('',(0.0337314916057587,-0.0288609439943492,-0.0281892685645864));
#2788=CARTESIAN_POINT('',(0.0337314916057587,-0.0288609439943492,-0.0387892685645864));
#2789=CARTESIAN_POINT('',(0.0337314916057587,-0.0278609439943492,-0.0387892685645864));
#2790=CARTESIAN_POINT('',(0.0337314916057587,-0.0268609439943492,-0.0387892685645864));
#2791=CARTESIAN_POINT('',(0.0337314916057587,-0.0268609439943492,-0.0281892685645864));
#2792=CARTESIAN_POINT('',(0.0337314916057587,-0.0308609439943493,-0.0281892685645864));
#2793=CARTESIAN_POINT('',(0.0337314916057587,-0.0308609439943492,-0.0387892685645864));
#2794=CARTESIAN_POINT('',(0.0337314916057587,-0.0308609439943493,-0.0175892685645864));
#2795=CARTESIAN_POINT('',(0.0337314916057587,-0.0318609439943493,-0.0175892685645864));
#2796=CARTESIAN_POINT('',(0.0337314916057587,-0.0328609439943493,-0.0175892685645864));
#2797=CARTESIAN_POINT('',(0.0337314916057587,-0.0328609439943493,-0.0281892685645864));
#2798=CARTESIAN_POINT('',(0.0337314916057587,-0.0328609439943493,-0.0387892685645864));
#2799=CARTESIAN_POINT('',(0.0337314916057587,-0.0318609439943493,-0.0387892685645864));
#2800=CARTESIAN_POINT('',(0.0337314916057587,-0.0358609439943492,-0.0175892685645864));
#2801=CARTESIAN_POINT('',(0.0337314916057587,-0.0348609439943492,-0.0175892685645864));
#2802=CARTESIAN_POINT('',(0.0337314916057587,-0.0368609439943492,-0.0175892685645864));
#2803=CARTESIAN_POINT('',(0.0337314916057587,-0.0368609439943492,-0.0281892685645864));
#2804=CARTESIAN_POINT('',(0.0337314916057587,-0.0368609439943492,-0.0387892685645864));
#2805=CARTESIAN_POINT('',(0.0337314916057587,-0.0358609439943492,-0.0387892685645864));
#2806=CARTESIAN_POINT('',(0.0337314916057587,-0.0348609439943492,-0.0387892685645864));
#2807=CARTESIAN_POINT('',(0.0337314916057587,-0.0348609439943492,-0.0281892685645864));
#2808=CARTESIAN_POINT('',(0.0337314916057587,-0.0398609439943493,-0.0387892685645864));
#2809=CARTESIAN_POINT('',(0.0337314916057587,-0.0408609439943493,-0.0387892685645864));
#2810=CARTESIAN_POINT('',(0.0337314916057587,-0.0388609439943493,-0.0387892685645864));
#2811=CARTESIAN_POINT('',(0.0337314916057587,-0.0388609439943493,-0.0281892685645864));
#2812=CARTESIAN_POINT('',(0.0337314916057587,-0.0388609439943493,-0.0175892685645864));
#2813=CARTESIAN_POINT('',(0.0337314916057587,-0.0398609439943493,-0.0175892685645864));
#2814=CARTESIAN_POINT('',(0.0337314916057587,-0.0408609439943493,-0.0175892685645864));
#2815=CARTESIAN_POINT('',(0.0337314916057587,-0.0408609439943493,-0.0281892685645864));
#2816=CARTESIAN_POINT('',(-0.0380700971243891,0.0360315764235959,-0.0267522798939277));
#2817=CARTESIAN_POINT('',(-0.0380700971243891,0.0360315764235959,-0.0249762572650472));
#2818=CARTESIAN_POINT('',(-0.0455761197532696,0.0360315764235959,-0.0249762572650472));
#2819=CARTESIAN_POINT('',(-0.0455761197532696,0.0360315764235959,-0.0267522798939277));
#2820=CARTESIAN_POINT('',(-0.0931999628272476,-0.0758771779678188,-0.0490155299678598));
#2821=CARTESIAN_POINT('',(-0.0931999628272475,-0.0109549691433977,-0.0490155299678597));
#2822=CARTESIAN_POINT('',(0.00681094603876504,-0.0109549691433978,-0.0490155299678598));
#2823=CARTESIAN_POINT('',(0.00681094603876497,-0.0758771779678189,-0.0490155299678598));
#2824=CARTESIAN_POINT('',(-0.0743289894746299,-0.0798017235348126,-0.0490155299678598));
#2825=CARTESIAN_POINT('',(-0.0661856561412965,-0.0716583902014792,-0.0327288633011931));
#2826=CARTESIAN_POINT('',(-0.0639508291145003,-0.069423563174683,-0.0361073696077303));
#2827=CARTESIAN_POINT('',(-0.0431945083942413,-0.0798017235348126,-0.0464855299678598));
#2828=CARTESIAN_POINT('',(-0.0128123228079631,-0.0748183902014793,-0.0415021966345265));
#2829=CARTESIAN_POINT('',(-0.0410789894746299,-0.0778017235348126,-0.0265855299678598));
#2830=CARTESIAN_POINT('',(-0.0128123228079631,-0.0748183902014793,-0.0295688633011931));
#2831=CARTESIAN_POINT('',(-0.00982898947462982,-0.0778017235348126,-0.0355355299678598));
#2832=MECHANICAL_DESIGN_GEOMETRIC_PRESENTATION_REPRESENTATION('',(#1752),
#2833);
#2833=(
GEOMETRIC_REPRESENTATION_CONTEXT(3)
GLOBAL_UNCERTAINTY_ASSIGNED_CONTEXT((#2834))
GLOBAL_UNIT_ASSIGNED_CONTEXT((#2837,#2836,#2835))
REPRESENTATION_CONTEXT('Part 1','TOP_LEVEL_ASSEMBLY_PART')
);
#2834=UNCERTAINTY_MEASURE_WITH_UNIT(LENGTH_MEASURE(1.E-8),#2837,
'DISTANCE_ACCURACY_VALUE','Maximum Tolerance applied to model');
#2835=(
NAMED_UNIT(*)
SI_UNIT($,.STERADIAN.)
SOLID_ANGLE_UNIT()
);
#2836=(
NAMED_UNIT(*)
PLANE_ANGLE_UNIT()
SI_UNIT($,.RADIAN.)
);
#2837=(
LENGTH_UNIT()
NAMED_UNIT(*)
SI_UNIT($,.METRE.)
);
#2838=PRODUCT_DEFINITION_SHAPE('','',#2839);
#2839=PRODUCT_DEFINITION('','',#2841,#2840);
#2840=PRODUCT_DEFINITION_CONTEXT('',#2847,'design');
#2841=PRODUCT_DEFINITION_FORMATION_WITH_SPECIFIED_SOURCE('','',#2843,
 .NOT_KNOWN.);
#2842=PRODUCT_RELATED_PRODUCT_CATEGORY('','',(#2843));
#2843=PRODUCT('Part 1','Part 1','Part 1',(#2845));
#2844=PRODUCT_CATEGORY('','');
#2845=PRODUCT_CONTEXT('',#2847,'mechanical');
#2846=APPLICATION_PROTOCOL_DEFINITION('international standard',
'ap242_managed_model_based_3d_engineering',2020,#2847);
#2847=APPLICATION_CONTEXT('managed model based 3d engineering');
ENDSEC;
END-ISO-10303-21;
