ISO-10303-21;
HEADER;
/* Generated by software containing ST-Developer
 * from STEP Tools, Inc. (www.steptools.com) 
 */
/* OPTION: using custom renumber hook */

FILE_DESCRIPTION(
/* description */ ('STEP AP242 Edition 2',
'CAx-IF Rec.Pracs.---Representation and Presentation of Product Manufa
cturing Information (PMI)---4.0---2014-10-13',
'CAx-IF Rec.Pracs.---3D Tessellated Geometry---0.4---2014-09-14','2;1',
'CAx-IF Rec.Pracs.---User Defined Attributes---1.5---2016-08-15'),
/* implementation_level */ '2;1');

FILE_NAME(
/* name */ 'Part Studio 2',
/* time_stamp */ '2026-09-07T15:43:57Z',
/* author */ (''),
/* organization */ (''),
/* preprocessor_version */ 'ST-DEVELOPER v20',
/* originating_system */ 'ONSHAPE BY PTC INC, 1.220',
/* authorisation */ '  ');

FILE_SCHEMA (('AP242_MANAGED_MODEL_BASED_3D_ENGINEERING_MIM_LF { 1 0 10303 442 3 1 4 }'));
ENDSEC;

DATA;
#10=SHAPE_REPRESENTATION_RELATIONSHIP('','',#2154,#12);
#11=SHAPE_REPRESENTATION_RELATIONSHIP('','',#2155,#13);
#12=ADVANCED_BREP_SHAPE_REPRESENTATION('',(#2150),#3491);
#13=ADVANCED_BREP_SHAPE_REPRESENTATION('',(#2151),#3492);
#14=CONICAL_SURFACE('',#2195,0.0021,0.78539816339745);
#15=CONICAL_SURFACE('',#2196,0.0021,0.785398163397443);
#16=CONICAL_SURFACE('',#2197,0.0021,0.78539816339745);
#17=CONICAL_SURFACE('',#2198,0.0021,0.785398163397448);
#18=CIRCLE('',#2164,0.0021);
#19=CIRCLE('',#2165,0.0021);
#20=CIRCLE('',#2167,0.0021);
#21=CIRCLE('',#2168,0.0021);
#22=CIRCLE('',#2170,0.0021);
#23=CIRCLE('',#2171,0.0021);
#24=CIRCLE('',#2173,0.0021);
#25=CIRCLE('',#2174,0.0021);
#26=CIRCLE('',#2178,0.0024);
#27=CIRCLE('',#2179,0.0024);
#28=CIRCLE('',#2180,0.0024);
#29=CIRCLE('',#2181,0.0024);
#30=CIRCLE('',#2182,0.00392454556699371);
#31=CIRCLE('',#2183,0.00392454556699371);
#32=CIRCLE('',#2184,0.00392454556699371);
#33=CIRCLE('',#2185,0.00392454556699371);
#34=CIRCLE('',#2187,0.00392454556699371);
#35=CIRCLE('',#2188,0.00392454556699371);
#36=CIRCLE('',#2189,0.00392454556699371);
#37=CIRCLE('',#2190,0.00392454556699371);
#38=CIRCLE('',#2201,0.0023);
#39=CIRCLE('',#2208,0.0023);
#40=CIRCLE('',#2209,0.0023);
#41=CIRCLE('',#2216,0.0023);
#42=CIRCLE('',#2217,0.0023);
#43=CIRCLE('',#2222,0.0023);
#44=CIRCLE('',#2223,0.0023);
#45=CIRCLE('',#2230,0.0023);
#46=CIRCLE('',#2236,0.00171698868555975);
#47=CIRCLE('',#2237,0.00171698868555975);
#48=CIRCLE('',#2238,0.00171698868555975);
#49=CIRCLE('',#2239,0.00171698868555975);
#50=CIRCLE('',#2246,0.0021);
#51=CIRCLE('',#2247,0.0021);
#52=CIRCLE('',#2248,0.0021);
#53=CIRCLE('',#2249,0.0021);
#54=CIRCLE('',#2250,0.00392454556699371);
#55=CIRCLE('',#2251,0.00392454556699371);
#56=CIRCLE('',#2252,0.00392454556699371);
#57=CIRCLE('',#2253,0.00392454556699371);
#58=CIRCLE('',#2255,0.00392454556699371);
#59=CIRCLE('',#2256,0.00392454556699371);
#60=CIRCLE('',#2257,0.00392454556699371);
#61=CIRCLE('',#2258,0.00392454556699371);
#62=CIRCLE('',#2261,0.00171698868555975);
#63=CIRCLE('',#2262,0.00171698868555975);
#64=CIRCLE('',#2263,0.00171698868555975);
#65=CIRCLE('',#2264,0.00171698868555975);
#66=CIRCLE('',#2267,0.0021);
#67=CIRCLE('',#2270,0.0021);
#68=CIRCLE('',#2273,0.0021);
#69=CIRCLE('',#2276,0.0021);
#70=CYLINDRICAL_SURFACE('',#2163,0.0021);
#71=CYLINDRICAL_SURFACE('',#2166,0.0021);
#72=CYLINDRICAL_SURFACE('',#2169,0.0021);
#73=CYLINDRICAL_SURFACE('',#2172,0.0021);
#74=CYLINDRICAL_SURFACE('',#2191,0.00392454556699371);
#75=CYLINDRICAL_SURFACE('',#2192,0.00392454556699371);
#76=CYLINDRICAL_SURFACE('',#2193,0.00392454556699371);
#77=CYLINDRICAL_SURFACE('',#2194,0.00392454556699371);
#78=CYLINDRICAL_SURFACE('',#2207,0.0023);
#79=CYLINDRICAL_SURFACE('',#2215,0.0023);
#80=CYLINDRICAL_SURFACE('',#2221,0.0023);
#81=CYLINDRICAL_SURFACE('',#2229,0.0023);
#82=CYLINDRICAL_SURFACE('',#2266,0.0021);
#83=CYLINDRICAL_SURFACE('',#2269,0.0021);
#84=CYLINDRICAL_SURFACE('',#2272,0.0021);
#85=CYLINDRICAL_SURFACE('',#2275,0.0021);
#86=CYLINDRICAL_SURFACE('',#2312,0.00171698868555975);
#87=CYLINDRICAL_SURFACE('',#2313,0.00171698868555975);
#88=CYLINDRICAL_SURFACE('',#2314,0.00171698868555975);
#89=CYLINDRICAL_SURFACE('',#2315,0.00171698868555975);
#90=CYLINDRICAL_SURFACE('',#2316,0.00392454556699371);
#91=CYLINDRICAL_SURFACE('',#2317,0.00392454556699371);
#92=CYLINDRICAL_SURFACE('',#2318,0.00392454556699371);
#93=CYLINDRICAL_SURFACE('',#2319,0.00392454556699371);
#94=ORIENTED_EDGE('',*,*,#662,.F.);
#95=ORIENTED_EDGE('',*,*,#663,.T.);
#96=ORIENTED_EDGE('',*,*,#664,.T.);
#97=ORIENTED_EDGE('',*,*,#665,.T.);
#98=ORIENTED_EDGE('',*,*,#666,.F.);
#99=ORIENTED_EDGE('',*,*,#667,.T.);
#100=ORIENTED_EDGE('',*,*,#668,.T.);
#101=ORIENTED_EDGE('',*,*,#669,.T.);
#102=ORIENTED_EDGE('',*,*,#670,.T.);
#103=ORIENTED_EDGE('',*,*,#671,.T.);
#104=ORIENTED_EDGE('',*,*,#672,.F.);
#105=ORIENTED_EDGE('',*,*,#673,.T.);
#106=ORIENTED_EDGE('',*,*,#674,.F.);
#107=ORIENTED_EDGE('',*,*,#675,.F.);
#108=ORIENTED_EDGE('',*,*,#676,.T.);
#109=ORIENTED_EDGE('',*,*,#677,.T.);
#110=ORIENTED_EDGE('',*,*,#678,.T.);
#111=ORIENTED_EDGE('',*,*,#679,.F.);
#112=ORIENTED_EDGE('',*,*,#680,.F.);
#113=ORIENTED_EDGE('',*,*,#675,.T.);
#114=ORIENTED_EDGE('',*,*,#681,.T.);
#115=ORIENTED_EDGE('',*,*,#682,.F.);
#116=ORIENTED_EDGE('',*,*,#683,.F.);
#117=ORIENTED_EDGE('',*,*,#679,.T.);
#118=ORIENTED_EDGE('',*,*,#684,.T.);
#119=ORIENTED_EDGE('',*,*,#685,.F.);
#120=ORIENTED_EDGE('',*,*,#686,.T.);
#121=ORIENTED_EDGE('',*,*,#687,.F.);
#122=ORIENTED_EDGE('',*,*,#688,.T.);
#123=ORIENTED_EDGE('',*,*,#689,.F.);
#124=ORIENTED_EDGE('',*,*,#690,.T.);
#125=ORIENTED_EDGE('',*,*,#691,.F.);
#126=ORIENTED_EDGE('',*,*,#692,.F.);
#127=ORIENTED_EDGE('',*,*,#677,.F.);
#128=ORIENTED_EDGE('',*,*,#693,.T.);
#129=ORIENTED_EDGE('',*,*,#682,.T.);
#130=ORIENTED_EDGE('',*,*,#694,.F.);
#131=ORIENTED_EDGE('',*,*,#695,.T.);
#132=ORIENTED_EDGE('',*,*,#696,.T.);
#133=ORIENTED_EDGE('',*,*,#697,.T.);
#134=ORIENTED_EDGE('',*,*,#698,.T.);
#135=ORIENTED_EDGE('',*,*,#699,.T.);
#136=ORIENTED_EDGE('',*,*,#700,.T.);
#137=ORIENTED_EDGE('',*,*,#701,.T.);
#138=ORIENTED_EDGE('',*,*,#676,.F.);
#139=ORIENTED_EDGE('',*,*,#680,.T.);
#140=ORIENTED_EDGE('',*,*,#683,.T.);
#141=ORIENTED_EDGE('',*,*,#693,.F.);
#142=ORIENTED_EDGE('',*,*,#664,.F.);
#143=ORIENTED_EDGE('',*,*,#702,.T.);
#144=ORIENTED_EDGE('',*,*,#666,.T.);
#145=ORIENTED_EDGE('',*,*,#703,.T.);
#146=ORIENTED_EDGE('',*,*,#672,.T.);
#147=ORIENTED_EDGE('',*,*,#704,.T.);
#148=ORIENTED_EDGE('',*,*,#696,.F.);
#149=ORIENTED_EDGE('',*,*,#705,.T.);
#150=ORIENTED_EDGE('',*,*,#674,.T.);
#151=ORIENTED_EDGE('',*,*,#692,.T.);
#152=ORIENTED_EDGE('',*,*,#681,.F.);
#153=ORIENTED_EDGE('',*,*,#678,.F.);
#154=ORIENTED_EDGE('',*,*,#691,.T.);
#155=ORIENTED_EDGE('',*,*,#689,.T.);
#156=ORIENTED_EDGE('',*,*,#687,.T.);
#157=ORIENTED_EDGE('',*,*,#685,.T.);
#158=ORIENTED_EDGE('',*,*,#668,.F.);
#159=ORIENTED_EDGE('',*,*,#706,.T.);
#160=ORIENTED_EDGE('',*,*,#662,.T.);
#161=ORIENTED_EDGE('',*,*,#707,.T.);
#162=ORIENTED_EDGE('',*,*,#694,.T.);
#163=ORIENTED_EDGE('',*,*,#708,.T.);
#164=ORIENTED_EDGE('',*,*,#670,.F.);
#165=ORIENTED_EDGE('',*,*,#709,.T.);
#166=ORIENTED_EDGE('',*,*,#702,.F.);
#167=ORIENTED_EDGE('',*,*,#663,.F.);
#168=ORIENTED_EDGE('',*,*,#706,.F.);
#169=ORIENTED_EDGE('',*,*,#667,.F.);
#170=ORIENTED_EDGE('',*,*,#705,.F.);
#171=ORIENTED_EDGE('',*,*,#695,.F.);
#172=ORIENTED_EDGE('',*,*,#707,.F.);
#173=ORIENTED_EDGE('',*,*,#665,.F.);
#174=ORIENTED_EDGE('',*,*,#704,.F.);
#175=ORIENTED_EDGE('',*,*,#671,.F.);
#176=ORIENTED_EDGE('',*,*,#708,.F.);
#177=ORIENTED_EDGE('',*,*,#697,.F.);
#178=ORIENTED_EDGE('',*,*,#703,.F.);
#179=ORIENTED_EDGE('',*,*,#669,.F.);
#180=ORIENTED_EDGE('',*,*,#709,.F.);
#181=ORIENTED_EDGE('',*,*,#673,.F.);
#182=ORIENTED_EDGE('',*,*,#698,.F.);
#183=ORIENTED_EDGE('',*,*,#688,.F.);
#184=ORIENTED_EDGE('',*,*,#699,.F.);
#185=ORIENTED_EDGE('',*,*,#690,.F.);
#186=ORIENTED_EDGE('',*,*,#700,.F.);
#187=ORIENTED_EDGE('',*,*,#686,.F.);
#188=ORIENTED_EDGE('',*,*,#701,.F.);
#189=ORIENTED_EDGE('',*,*,#684,.F.);
#190=ORIENTED_EDGE('',*,*,#710,.F.);
#191=ORIENTED_EDGE('',*,*,#711,.T.);
#192=ORIENTED_EDGE('',*,*,#712,.T.);
#193=ORIENTED_EDGE('',*,*,#713,.T.);
#194=ORIENTED_EDGE('',*,*,#714,.F.);
#195=ORIENTED_EDGE('',*,*,#715,.T.);
#196=ORIENTED_EDGE('',*,*,#716,.F.);
#197=ORIENTED_EDGE('',*,*,#717,.T.);
#198=ORIENTED_EDGE('',*,*,#718,.F.);
#199=ORIENTED_EDGE('',*,*,#719,.T.);
#200=ORIENTED_EDGE('',*,*,#720,.T.);
#201=ORIENTED_EDGE('',*,*,#721,.T.);
#202=ORIENTED_EDGE('',*,*,#722,.T.);
#203=ORIENTED_EDGE('',*,*,#723,.F.);
#204=ORIENTED_EDGE('',*,*,#724,.T.);
#205=ORIENTED_EDGE('',*,*,#725,.T.);
#206=ORIENTED_EDGE('',*,*,#726,.F.);
#207=ORIENTED_EDGE('',*,*,#727,.F.);
#208=ORIENTED_EDGE('',*,*,#728,.F.);
#209=ORIENTED_EDGE('',*,*,#729,.T.);
#210=ORIENTED_EDGE('',*,*,#730,.T.);
#211=ORIENTED_EDGE('',*,*,#731,.F.);
#212=ORIENTED_EDGE('',*,*,#732,.T.);
#213=ORIENTED_EDGE('',*,*,#733,.T.);
#214=ORIENTED_EDGE('',*,*,#734,.F.);
#215=ORIENTED_EDGE('',*,*,#735,.F.);
#216=ORIENTED_EDGE('',*,*,#736,.F.);
#217=ORIENTED_EDGE('',*,*,#737,.T.);
#218=ORIENTED_EDGE('',*,*,#719,.F.);
#219=ORIENTED_EDGE('',*,*,#738,.T.);
#220=ORIENTED_EDGE('',*,*,#739,.F.);
#221=ORIENTED_EDGE('',*,*,#740,.F.);
#222=ORIENTED_EDGE('',*,*,#741,.F.);
#223=ORIENTED_EDGE('',*,*,#742,.F.);
#224=ORIENTED_EDGE('',*,*,#743,.T.);
#225=ORIENTED_EDGE('',*,*,#744,.T.);
#226=ORIENTED_EDGE('',*,*,#715,.F.);
#227=ORIENTED_EDGE('',*,*,#745,.F.);
#228=ORIENTED_EDGE('',*,*,#746,.F.);
#229=ORIENTED_EDGE('',*,*,#747,.T.);
#230=ORIENTED_EDGE('',*,*,#711,.F.);
#231=ORIENTED_EDGE('',*,*,#748,.T.);
#232=ORIENTED_EDGE('',*,*,#749,.T.);
#233=ORIENTED_EDGE('',*,*,#750,.F.);
#234=ORIENTED_EDGE('',*,*,#751,.F.);
#235=ORIENTED_EDGE('',*,*,#752,.F.);
#236=ORIENTED_EDGE('',*,*,#753,.F.);
#237=ORIENTED_EDGE('',*,*,#754,.T.);
#238=ORIENTED_EDGE('',*,*,#755,.T.);
#239=ORIENTED_EDGE('',*,*,#756,.F.);
#240=ORIENTED_EDGE('',*,*,#757,.T.);
#241=ORIENTED_EDGE('',*,*,#758,.T.);
#242=ORIENTED_EDGE('',*,*,#759,.F.);
#243=ORIENTED_EDGE('',*,*,#760,.F.);
#244=ORIENTED_EDGE('',*,*,#761,.F.);
#245=ORIENTED_EDGE('',*,*,#762,.T.);
#246=ORIENTED_EDGE('',*,*,#763,.T.);
#247=ORIENTED_EDGE('',*,*,#764,.F.);
#248=ORIENTED_EDGE('',*,*,#765,.T.);
#249=ORIENTED_EDGE('',*,*,#766,.T.);
#250=ORIENTED_EDGE('',*,*,#767,.F.);
#251=ORIENTED_EDGE('',*,*,#768,.F.);
#252=ORIENTED_EDGE('',*,*,#769,.F.);
#253=ORIENTED_EDGE('',*,*,#770,.T.);
#254=ORIENTED_EDGE('',*,*,#771,.T.);
#255=ORIENTED_EDGE('',*,*,#772,.T.);
#256=ORIENTED_EDGE('',*,*,#773,.T.);
#257=ORIENTED_EDGE('',*,*,#774,.F.);
#258=ORIENTED_EDGE('',*,*,#775,.T.);
#259=ORIENTED_EDGE('',*,*,#776,.F.);
#260=ORIENTED_EDGE('',*,*,#777,.T.);
#261=ORIENTED_EDGE('',*,*,#778,.T.);
#262=ORIENTED_EDGE('',*,*,#779,.F.);
#263=ORIENTED_EDGE('',*,*,#780,.F.);
#264=ORIENTED_EDGE('',*,*,#781,.T.);
#265=ORIENTED_EDGE('',*,*,#782,.F.);
#266=ORIENTED_EDGE('',*,*,#783,.T.);
#267=ORIENTED_EDGE('',*,*,#784,.T.);
#268=ORIENTED_EDGE('',*,*,#785,.F.);
#269=ORIENTED_EDGE('',*,*,#786,.F.);
#270=ORIENTED_EDGE('',*,*,#787,.T.);
#271=ORIENTED_EDGE('',*,*,#788,.T.);
#272=ORIENTED_EDGE('',*,*,#789,.T.);
#273=ORIENTED_EDGE('',*,*,#790,.T.);
#274=ORIENTED_EDGE('',*,*,#791,.F.);
#275=ORIENTED_EDGE('',*,*,#739,.T.);
#276=ORIENTED_EDGE('',*,*,#792,.T.);
#277=ORIENTED_EDGE('',*,*,#793,.F.);
#278=ORIENTED_EDGE('',*,*,#794,.F.);
#279=ORIENTED_EDGE('',*,*,#795,.T.);
#280=ORIENTED_EDGE('',*,*,#796,.F.);
#281=ORIENTED_EDGE('',*,*,#797,.F.);
#282=ORIENTED_EDGE('',*,*,#798,.T.);
#283=ORIENTED_EDGE('',*,*,#796,.T.);
#284=ORIENTED_EDGE('',*,*,#799,.F.);
#285=ORIENTED_EDGE('',*,*,#800,.F.);
#286=ORIENTED_EDGE('',*,*,#801,.T.);
#287=ORIENTED_EDGE('',*,*,#799,.T.);
#288=ORIENTED_EDGE('',*,*,#795,.F.);
#289=ORIENTED_EDGE('',*,*,#802,.T.);
#290=ORIENTED_EDGE('',*,*,#803,.F.);
#291=ORIENTED_EDGE('',*,*,#803,.T.);
#292=ORIENTED_EDGE('',*,*,#804,.F.);
#293=ORIENTED_EDGE('',*,*,#797,.T.);
#294=ORIENTED_EDGE('',*,*,#801,.F.);
#295=ORIENTED_EDGE('',*,*,#805,.F.);
#296=ORIENTED_EDGE('',*,*,#802,.F.);
#297=ORIENTED_EDGE('',*,*,#806,.F.);
#298=ORIENTED_EDGE('',*,*,#807,.T.);
#299=ORIENTED_EDGE('',*,*,#808,.T.);
#300=ORIENTED_EDGE('',*,*,#789,.F.);
#301=ORIENTED_EDGE('',*,*,#808,.F.);
#302=ORIENTED_EDGE('',*,*,#809,.T.);
#303=ORIENTED_EDGE('',*,*,#810,.T.);
#304=ORIENTED_EDGE('',*,*,#790,.F.);
#305=ORIENTED_EDGE('',*,*,#811,.F.);
#306=ORIENTED_EDGE('',*,*,#740,.T.);
#307=ORIENTED_EDGE('',*,*,#791,.T.);
#308=ORIENTED_EDGE('',*,*,#810,.F.);
#309=ORIENTED_EDGE('',*,*,#812,.T.);
#310=ORIENTED_EDGE('',*,*,#813,.F.);
#311=ORIENTED_EDGE('',*,*,#814,.F.);
#312=ORIENTED_EDGE('',*,*,#741,.T.);
#313=ORIENTED_EDGE('',*,*,#811,.T.);
#314=ORIENTED_EDGE('',*,*,#809,.F.);
#315=ORIENTED_EDGE('',*,*,#807,.F.);
#316=ORIENTED_EDGE('',*,*,#813,.T.);
#317=ORIENTED_EDGE('',*,*,#812,.F.);
#318=ORIENTED_EDGE('',*,*,#815,.F.);
#319=ORIENTED_EDGE('',*,*,#816,.T.);
#320=ORIENTED_EDGE('',*,*,#817,.T.);
#321=ORIENTED_EDGE('',*,*,#781,.F.);
#322=ORIENTED_EDGE('',*,*,#818,.T.);
#323=ORIENTED_EDGE('',*,*,#819,.F.);
#324=ORIENTED_EDGE('',*,*,#820,.F.);
#325=ORIENTED_EDGE('',*,*,#821,.T.);
#326=ORIENTED_EDGE('',*,*,#782,.T.);
#327=ORIENTED_EDGE('',*,*,#817,.F.);
#328=ORIENTED_EDGE('',*,*,#819,.T.);
#329=ORIENTED_EDGE('',*,*,#822,.F.);
#330=ORIENTED_EDGE('',*,*,#823,.T.);
#331=ORIENTED_EDGE('',*,*,#820,.T.);
#332=ORIENTED_EDGE('',*,*,#816,.F.);
#333=ORIENTED_EDGE('',*,*,#818,.F.);
#334=ORIENTED_EDGE('',*,*,#717,.F.);
#335=ORIENTED_EDGE('',*,*,#824,.T.);
#336=ORIENTED_EDGE('',*,*,#793,.T.);
#337=ORIENTED_EDGE('',*,*,#825,.F.);
#338=ORIENTED_EDGE('',*,*,#738,.F.);
#339=ORIENTED_EDGE('',*,*,#718,.T.);
#340=ORIENTED_EDGE('',*,*,#825,.T.);
#341=ORIENTED_EDGE('',*,*,#792,.F.);
#342=ORIENTED_EDGE('',*,*,#826,.T.);
#343=ORIENTED_EDGE('',*,*,#722,.F.);
#344=ORIENTED_EDGE('',*,*,#826,.F.);
#345=ORIENTED_EDGE('',*,*,#742,.T.);
#346=ORIENTED_EDGE('',*,*,#814,.T.);
#347=ORIENTED_EDGE('',*,*,#827,.F.);
#348=ORIENTED_EDGE('',*,*,#828,.F.);
#349=ORIENTED_EDGE('',*,*,#823,.F.);
#350=ORIENTED_EDGE('',*,*,#829,.F.);
#351=ORIENTED_EDGE('',*,*,#830,.T.);
#352=ORIENTED_EDGE('',*,*,#831,.T.);
#353=ORIENTED_EDGE('',*,*,#783,.F.);
#354=ORIENTED_EDGE('',*,*,#821,.F.);
#355=ORIENTED_EDGE('',*,*,#798,.F.);
#356=ORIENTED_EDGE('',*,*,#804,.T.);
#357=ORIENTED_EDGE('',*,*,#832,.F.);
#358=ORIENTED_EDGE('',*,*,#833,.F.);
#359=ORIENTED_EDGE('',*,*,#829,.T.);
#360=ORIENTED_EDGE('',*,*,#822,.T.);
#361=ORIENTED_EDGE('',*,*,#815,.T.);
#362=ORIENTED_EDGE('',*,*,#780,.T.);
#363=ORIENTED_EDGE('',*,*,#834,.F.);
#364=ORIENTED_EDGE('',*,*,#835,.T.);
#365=ORIENTED_EDGE('',*,*,#836,.T.);
#366=ORIENTED_EDGE('',*,*,#837,.T.);
#367=ORIENTED_EDGE('',*,*,#838,.T.);
#368=ORIENTED_EDGE('',*,*,#839,.T.);
#369=ORIENTED_EDGE('',*,*,#840,.F.);
#370=ORIENTED_EDGE('',*,*,#841,.T.);
#371=ORIENTED_EDGE('',*,*,#832,.T.);
#372=ORIENTED_EDGE('',*,*,#805,.T.);
#373=ORIENTED_EDGE('',*,*,#800,.T.);
#374=ORIENTED_EDGE('',*,*,#794,.T.);
#375=ORIENTED_EDGE('',*,*,#824,.F.);
#376=ORIENTED_EDGE('',*,*,#716,.T.);
#377=ORIENTED_EDGE('',*,*,#744,.F.);
#378=ORIENTED_EDGE('',*,*,#842,.F.);
#379=ORIENTED_EDGE('',*,*,#784,.F.);
#380=ORIENTED_EDGE('',*,*,#831,.F.);
#381=ORIENTED_EDGE('',*,*,#843,.T.);
#382=ORIENTED_EDGE('',*,*,#844,.T.);
#383=ORIENTED_EDGE('',*,*,#785,.T.);
#384=ORIENTED_EDGE('',*,*,#844,.F.);
#385=ORIENTED_EDGE('',*,*,#845,.F.);
#386=ORIENTED_EDGE('',*,*,#846,.T.);
#387=ORIENTED_EDGE('',*,*,#786,.T.);
#388=ORIENTED_EDGE('',*,*,#846,.F.);
#389=ORIENTED_EDGE('',*,*,#847,.F.);
#390=ORIENTED_EDGE('',*,*,#848,.T.);
#391=ORIENTED_EDGE('',*,*,#849,.F.);
#392=ORIENTED_EDGE('',*,*,#850,.T.);
#393=ORIENTED_EDGE('',*,*,#851,.T.);
#394=ORIENTED_EDGE('',*,*,#852,.F.);
#395=ORIENTED_EDGE('',*,*,#787,.F.);
#396=ORIENTED_EDGE('',*,*,#848,.F.);
#397=ORIENTED_EDGE('',*,*,#853,.T.);
#398=ORIENTED_EDGE('',*,*,#854,.T.);
#399=ORIENTED_EDGE('',*,*,#788,.F.);
#400=ORIENTED_EDGE('',*,*,#854,.F.);
#401=ORIENTED_EDGE('',*,*,#855,.T.);
#402=ORIENTED_EDGE('',*,*,#827,.T.);
#403=ORIENTED_EDGE('',*,*,#806,.T.);
#404=ORIENTED_EDGE('',*,*,#856,.F.);
#405=ORIENTED_EDGE('',*,*,#857,.F.);
#406=ORIENTED_EDGE('',*,*,#858,.F.);
#407=ORIENTED_EDGE('',*,*,#859,.F.);
#408=ORIENTED_EDGE('',*,*,#833,.T.);
#409=ORIENTED_EDGE('',*,*,#842,.T.);
#410=ORIENTED_EDGE('',*,*,#743,.F.);
#411=ORIENTED_EDGE('',*,*,#828,.T.);
#412=ORIENTED_EDGE('',*,*,#855,.F.);
#413=ORIENTED_EDGE('',*,*,#853,.F.);
#414=ORIENTED_EDGE('',*,*,#847,.T.);
#415=ORIENTED_EDGE('',*,*,#845,.T.);
#416=ORIENTED_EDGE('',*,*,#843,.F.);
#417=ORIENTED_EDGE('',*,*,#830,.F.);
#418=ORIENTED_EDGE('',*,*,#860,.F.);
#419=ORIENTED_EDGE('',*,*,#861,.T.);
#420=ORIENTED_EDGE('',*,*,#862,.T.);
#421=ORIENTED_EDGE('',*,*,#863,.T.);
#422=ORIENTED_EDGE('',*,*,#774,.T.);
#423=ORIENTED_EDGE('',*,*,#864,.T.);
#424=ORIENTED_EDGE('',*,*,#865,.F.);
#425=ORIENTED_EDGE('',*,*,#866,.T.);
#426=ORIENTED_EDGE('',*,*,#867,.F.);
#427=ORIENTED_EDGE('',*,*,#868,.T.);
#428=ORIENTED_EDGE('',*,*,#869,.T.);
#429=ORIENTED_EDGE('',*,*,#870,.T.);
#430=ORIENTED_EDGE('',*,*,#871,.T.);
#431=ORIENTED_EDGE('',*,*,#872,.T.);
#432=ORIENTED_EDGE('',*,*,#772,.F.);
#433=ORIENTED_EDGE('',*,*,#873,.T.);
#434=ORIENTED_EDGE('',*,*,#869,.F.);
#435=ORIENTED_EDGE('',*,*,#874,.T.);
#436=ORIENTED_EDGE('',*,*,#860,.T.);
#437=ORIENTED_EDGE('',*,*,#875,.T.);
#438=ORIENTED_EDGE('',*,*,#876,.F.);
#439=ORIENTED_EDGE('',*,*,#877,.T.);
#440=ORIENTED_EDGE('',*,*,#878,.T.);
#441=ORIENTED_EDGE('',*,*,#879,.T.);
#442=ORIENTED_EDGE('',*,*,#880,.T.);
#443=ORIENTED_EDGE('',*,*,#881,.T.);
#444=ORIENTED_EDGE('',*,*,#882,.F.);
#445=ORIENTED_EDGE('',*,*,#883,.T.);
#446=ORIENTED_EDGE('',*,*,#871,.F.);
#447=ORIENTED_EDGE('',*,*,#884,.T.);
#448=ORIENTED_EDGE('',*,*,#865,.T.);
#449=ORIENTED_EDGE('',*,*,#885,.T.);
#450=ORIENTED_EDGE('',*,*,#886,.T.);
#451=ORIENTED_EDGE('',*,*,#887,.T.);
#452=ORIENTED_EDGE('',*,*,#888,.T.);
#453=ORIENTED_EDGE('',*,*,#889,.T.);
#454=ORIENTED_EDGE('',*,*,#862,.F.);
#455=ORIENTED_EDGE('',*,*,#890,.T.);
#456=ORIENTED_EDGE('',*,*,#867,.T.);
#457=ORIENTED_EDGE('',*,*,#891,.T.);
#458=ORIENTED_EDGE('',*,*,#892,.F.);
#459=ORIENTED_EDGE('',*,*,#859,.T.);
#460=ORIENTED_EDGE('',*,*,#892,.T.);
#461=ORIENTED_EDGE('',*,*,#893,.F.);
#462=ORIENTED_EDGE('',*,*,#858,.T.);
#463=ORIENTED_EDGE('',*,*,#893,.T.);
#464=ORIENTED_EDGE('',*,*,#894,.F.);
#465=ORIENTED_EDGE('',*,*,#857,.T.);
#466=ORIENTED_EDGE('',*,*,#894,.T.);
#467=ORIENTED_EDGE('',*,*,#895,.F.);
#468=ORIENTED_EDGE('',*,*,#856,.T.);
#469=ORIENTED_EDGE('',*,*,#895,.T.);
#470=ORIENTED_EDGE('',*,*,#896,.F.);
#471=ORIENTED_EDGE('',*,*,#897,.T.);
#472=ORIENTED_EDGE('',*,*,#898,.T.);
#473=ORIENTED_EDGE('',*,*,#849,.T.);
#474=ORIENTED_EDGE('',*,*,#898,.F.);
#475=ORIENTED_EDGE('',*,*,#899,.T.);
#476=ORIENTED_EDGE('',*,*,#900,.T.);
#477=ORIENTED_EDGE('',*,*,#850,.F.);
#478=ORIENTED_EDGE('',*,*,#900,.F.);
#479=ORIENTED_EDGE('',*,*,#901,.T.);
#480=ORIENTED_EDGE('',*,*,#902,.T.);
#481=ORIENTED_EDGE('',*,*,#851,.F.);
#482=ORIENTED_EDGE('',*,*,#902,.F.);
#483=ORIENTED_EDGE('',*,*,#903,.T.);
#484=ORIENTED_EDGE('',*,*,#896,.T.);
#485=ORIENTED_EDGE('',*,*,#852,.T.);
#486=ORIENTED_EDGE('',*,*,#878,.F.);
#487=ORIENTED_EDGE('',*,*,#904,.T.);
#488=ORIENTED_EDGE('',*,*,#838,.F.);
#489=ORIENTED_EDGE('',*,*,#905,.T.);
#490=ORIENTED_EDGE('',*,*,#840,.T.);
#491=ORIENTED_EDGE('',*,*,#906,.T.);
#492=ORIENTED_EDGE('',*,*,#876,.T.);
#493=ORIENTED_EDGE('',*,*,#907,.T.);
#494=ORIENTED_EDGE('',*,*,#882,.T.);
#495=ORIENTED_EDGE('',*,*,#908,.T.);
#496=ORIENTED_EDGE('',*,*,#834,.T.);
#497=ORIENTED_EDGE('',*,*,#909,.T.);
#498=ORIENTED_EDGE('',*,*,#880,.F.);
#499=ORIENTED_EDGE('',*,*,#910,.T.);
#500=ORIENTED_EDGE('',*,*,#836,.F.);
#501=ORIENTED_EDGE('',*,*,#911,.T.);
#502=ORIENTED_EDGE('',*,*,#746,.T.);
#503=ORIENTED_EDGE('',*,*,#912,.F.);
#504=ORIENTED_EDGE('',*,*,#768,.T.);
#505=ORIENTED_EDGE('',*,*,#913,.T.);
#506=ORIENTED_EDGE('',*,*,#747,.F.);
#507=ORIENTED_EDGE('',*,*,#913,.F.);
#508=ORIENTED_EDGE('',*,*,#771,.F.);
#509=ORIENTED_EDGE('',*,*,#914,.T.);
#510=ORIENTED_EDGE('',*,*,#915,.F.);
#511=ORIENTED_EDGE('',*,*,#712,.F.);
#512=ORIENTED_EDGE('',*,*,#916,.T.);
#513=ORIENTED_EDGE('',*,*,#917,.F.);
#514=ORIENTED_EDGE('',*,*,#914,.F.);
#515=ORIENTED_EDGE('',*,*,#770,.F.);
#516=ORIENTED_EDGE('',*,*,#714,.T.);
#517=ORIENTED_EDGE('',*,*,#918,.T.);
#518=ORIENTED_EDGE('',*,*,#916,.F.);
#519=ORIENTED_EDGE('',*,*,#769,.T.);
#520=ORIENTED_EDGE('',*,*,#912,.T.);
#521=ORIENTED_EDGE('',*,*,#745,.T.);
#522=ORIENTED_EDGE('',*,*,#915,.T.);
#523=ORIENTED_EDGE('',*,*,#917,.T.);
#524=ORIENTED_EDGE('',*,*,#918,.F.);
#525=ORIENTED_EDGE('',*,*,#713,.F.);
#526=ORIENTED_EDGE('',*,*,#710,.T.);
#527=ORIENTED_EDGE('',*,*,#919,.T.);
#528=ORIENTED_EDGE('',*,*,#920,.F.);
#529=ORIENTED_EDGE('',*,*,#764,.T.);
#530=ORIENTED_EDGE('',*,*,#921,.T.);
#531=ORIENTED_EDGE('',*,*,#735,.T.);
#532=ORIENTED_EDGE('',*,*,#736,.T.);
#533=ORIENTED_EDGE('',*,*,#921,.F.);
#534=ORIENTED_EDGE('',*,*,#767,.T.);
#535=ORIENTED_EDGE('',*,*,#922,.T.);
#536=ORIENTED_EDGE('',*,*,#737,.F.);
#537=ORIENTED_EDGE('',*,*,#922,.F.);
#538=ORIENTED_EDGE('',*,*,#766,.F.);
#539=ORIENTED_EDGE('',*,*,#923,.T.);
#540=ORIENTED_EDGE('',*,*,#924,.F.);
#541=ORIENTED_EDGE('',*,*,#720,.F.);
#542=ORIENTED_EDGE('',*,*,#920,.T.);
#543=ORIENTED_EDGE('',*,*,#925,.F.);
#544=ORIENTED_EDGE('',*,*,#923,.F.);
#545=ORIENTED_EDGE('',*,*,#765,.F.);
#546=ORIENTED_EDGE('',*,*,#924,.T.);
#547=ORIENTED_EDGE('',*,*,#925,.T.);
#548=ORIENTED_EDGE('',*,*,#919,.F.);
#549=ORIENTED_EDGE('',*,*,#721,.F.);
#550=ORIENTED_EDGE('',*,*,#731,.T.);
#551=ORIENTED_EDGE('',*,*,#926,.F.);
#552=ORIENTED_EDGE('',*,*,#760,.T.);
#553=ORIENTED_EDGE('',*,*,#927,.T.);
#554=ORIENTED_EDGE('',*,*,#927,.F.);
#555=ORIENTED_EDGE('',*,*,#763,.F.);
#556=ORIENTED_EDGE('',*,*,#928,.T.);
#557=ORIENTED_EDGE('',*,*,#732,.F.);
#558=ORIENTED_EDGE('',*,*,#928,.F.);
#559=ORIENTED_EDGE('',*,*,#762,.F.);
#560=ORIENTED_EDGE('',*,*,#929,.T.);
#561=ORIENTED_EDGE('',*,*,#733,.F.);
#562=ORIENTED_EDGE('',*,*,#734,.T.);
#563=ORIENTED_EDGE('',*,*,#929,.F.);
#564=ORIENTED_EDGE('',*,*,#761,.T.);
#565=ORIENTED_EDGE('',*,*,#926,.T.);
#566=ORIENTED_EDGE('',*,*,#727,.T.);
#567=ORIENTED_EDGE('',*,*,#930,.F.);
#568=ORIENTED_EDGE('',*,*,#756,.T.);
#569=ORIENTED_EDGE('',*,*,#931,.T.);
#570=ORIENTED_EDGE('',*,*,#728,.T.);
#571=ORIENTED_EDGE('',*,*,#931,.F.);
#572=ORIENTED_EDGE('',*,*,#759,.T.);
#573=ORIENTED_EDGE('',*,*,#932,.T.);
#574=ORIENTED_EDGE('',*,*,#932,.F.);
#575=ORIENTED_EDGE('',*,*,#758,.F.);
#576=ORIENTED_EDGE('',*,*,#933,.T.);
#577=ORIENTED_EDGE('',*,*,#729,.F.);
#578=ORIENTED_EDGE('',*,*,#933,.F.);
#579=ORIENTED_EDGE('',*,*,#757,.F.);
#580=ORIENTED_EDGE('',*,*,#930,.T.);
#581=ORIENTED_EDGE('',*,*,#730,.F.);
#582=ORIENTED_EDGE('',*,*,#723,.T.);
#583=ORIENTED_EDGE('',*,*,#934,.F.);
#584=ORIENTED_EDGE('',*,*,#752,.T.);
#585=ORIENTED_EDGE('',*,*,#935,.T.);
#586=ORIENTED_EDGE('',*,*,#935,.F.);
#587=ORIENTED_EDGE('',*,*,#755,.F.);
#588=ORIENTED_EDGE('',*,*,#936,.T.);
#589=ORIENTED_EDGE('',*,*,#724,.F.);
#590=ORIENTED_EDGE('',*,*,#936,.F.);
#591=ORIENTED_EDGE('',*,*,#754,.F.);
#592=ORIENTED_EDGE('',*,*,#937,.T.);
#593=ORIENTED_EDGE('',*,*,#725,.F.);
#594=ORIENTED_EDGE('',*,*,#726,.T.);
#595=ORIENTED_EDGE('',*,*,#937,.F.);
#596=ORIENTED_EDGE('',*,*,#753,.T.);
#597=ORIENTED_EDGE('',*,*,#934,.T.);
#598=ORIENTED_EDGE('',*,*,#938,.F.);
#599=ORIENTED_EDGE('',*,*,#777,.F.);
#600=ORIENTED_EDGE('',*,*,#939,.T.);
#601=ORIENTED_EDGE('',*,*,#749,.F.);
#602=ORIENTED_EDGE('',*,*,#750,.T.);
#603=ORIENTED_EDGE('',*,*,#939,.F.);
#604=ORIENTED_EDGE('',*,*,#776,.T.);
#605=ORIENTED_EDGE('',*,*,#940,.T.);
#606=ORIENTED_EDGE('',*,*,#751,.T.);
#607=ORIENTED_EDGE('',*,*,#940,.F.);
#608=ORIENTED_EDGE('',*,*,#779,.T.);
#609=ORIENTED_EDGE('',*,*,#941,.T.);
#610=ORIENTED_EDGE('',*,*,#941,.F.);
#611=ORIENTED_EDGE('',*,*,#778,.F.);
#612=ORIENTED_EDGE('',*,*,#938,.T.);
#613=ORIENTED_EDGE('',*,*,#748,.F.);
#614=ORIENTED_EDGE('',*,*,#877,.F.);
#615=ORIENTED_EDGE('',*,*,#906,.F.);
#616=ORIENTED_EDGE('',*,*,#839,.F.);
#617=ORIENTED_EDGE('',*,*,#904,.F.);
#618=ORIENTED_EDGE('',*,*,#879,.F.);
#619=ORIENTED_EDGE('',*,*,#905,.F.);
#620=ORIENTED_EDGE('',*,*,#837,.F.);
#621=ORIENTED_EDGE('',*,*,#910,.F.);
#622=ORIENTED_EDGE('',*,*,#881,.F.);
#623=ORIENTED_EDGE('',*,*,#911,.F.);
#624=ORIENTED_EDGE('',*,*,#835,.F.);
#625=ORIENTED_EDGE('',*,*,#908,.F.);
#626=ORIENTED_EDGE('',*,*,#883,.F.);
#627=ORIENTED_EDGE('',*,*,#909,.F.);
#628=ORIENTED_EDGE('',*,*,#841,.F.);
#629=ORIENTED_EDGE('',*,*,#907,.F.);
#630=ORIENTED_EDGE('',*,*,#868,.F.);
#631=ORIENTED_EDGE('',*,*,#890,.F.);
#632=ORIENTED_EDGE('',*,*,#861,.F.);
#633=ORIENTED_EDGE('',*,*,#874,.F.);
#634=ORIENTED_EDGE('',*,*,#870,.F.);
#635=ORIENTED_EDGE('',*,*,#875,.F.);
#636=ORIENTED_EDGE('',*,*,#866,.F.);
#637=ORIENTED_EDGE('',*,*,#884,.F.);
#638=ORIENTED_EDGE('',*,*,#872,.F.);
#639=ORIENTED_EDGE('',*,*,#885,.F.);
#640=ORIENTED_EDGE('',*,*,#864,.F.);
#641=ORIENTED_EDGE('',*,*,#773,.F.);
#642=ORIENTED_EDGE('',*,*,#873,.F.);
#643=ORIENTED_EDGE('',*,*,#775,.F.);
#644=ORIENTED_EDGE('',*,*,#863,.F.);
#645=ORIENTED_EDGE('',*,*,#891,.F.);
#646=ORIENTED_EDGE('',*,*,#942,.F.);
#647=ORIENTED_EDGE('',*,*,#889,.F.);
#648=ORIENTED_EDGE('',*,*,#943,.F.);
#649=ORIENTED_EDGE('',*,*,#899,.F.);
#650=ORIENTED_EDGE('',*,*,#943,.T.);
#651=ORIENTED_EDGE('',*,*,#888,.F.);
#652=ORIENTED_EDGE('',*,*,#944,.F.);
#653=ORIENTED_EDGE('',*,*,#901,.F.);
#654=ORIENTED_EDGE('',*,*,#942,.T.);
#655=ORIENTED_EDGE('',*,*,#897,.F.);
#656=ORIENTED_EDGE('',*,*,#945,.F.);
#657=ORIENTED_EDGE('',*,*,#886,.F.);
#658=ORIENTED_EDGE('',*,*,#944,.T.);
#659=ORIENTED_EDGE('',*,*,#887,.F.);
#660=ORIENTED_EDGE('',*,*,#945,.T.);
#661=ORIENTED_EDGE('',*,*,#903,.F.);
#662=EDGE_CURVE('',#946,#947,#1143,.T.);
#663=EDGE_CURVE('',#946,#948,#1144,.F.);
#664=EDGE_CURVE('',#948,#949,#1145,.T.);
#665=EDGE_CURVE('',#949,#947,#1146,.T.);
#666=EDGE_CURVE('',#950,#951,#1147,.T.);
#667=EDGE_CURVE('',#950,#952,#1148,.T.);
#668=EDGE_CURVE('',#952,#953,#1149,.T.);
#669=EDGE_CURVE('',#953,#951,#1150,.F.);
#670=EDGE_CURVE('',#954,#955,#1151,.T.);
#671=EDGE_CURVE('',#955,#956,#1152,.F.);
#672=EDGE_CURVE('',#957,#956,#1153,.T.);
#673=EDGE_CURVE('',#957,#954,#1154,.T.);
#674=EDGE_CURVE('',#958,#959,#1155,.T.);
#675=EDGE_CURVE('',#960,#958,#1156,.T.);
#676=EDGE_CURVE('',#960,#961,#1157,.T.);
#677=EDGE_CURVE('',#961,#959,#1158,.T.);
#678=EDGE_CURVE('',#958,#962,#1159,.T.);
#679=EDGE_CURVE('',#963,#962,#1160,.T.);
#680=EDGE_CURVE('',#960,#963,#1161,.T.);
#681=EDGE_CURVE('',#962,#964,#1162,.T.);
#682=EDGE_CURVE('',#965,#964,#1163,.T.);
#683=EDGE_CURVE('',#963,#965,#1164,.T.);
#684=EDGE_CURVE('',#966,#966,#18,.T.);
#685=EDGE_CURVE('',#967,#967,#19,.T.);
#686=EDGE_CURVE('',#968,#968,#20,.T.);
#687=EDGE_CURVE('',#969,#969,#21,.T.);
#688=EDGE_CURVE('',#970,#970,#22,.T.);
#689=EDGE_CURVE('',#971,#971,#23,.T.);
#690=EDGE_CURVE('',#972,#972,#24,.T.);
#691=EDGE_CURVE('',#973,#973,#25,.T.);
#692=EDGE_CURVE('',#959,#964,#1165,.T.);
#693=EDGE_CURVE('',#961,#965,#1166,.T.);
#694=EDGE_CURVE('',#974,#975,#1167,.T.);
#695=EDGE_CURVE('',#974,#976,#1168,.F.);
#696=EDGE_CURVE('',#976,#977,#1169,.T.);
#697=EDGE_CURVE('',#977,#975,#1170,.T.);
#698=EDGE_CURVE('',#978,#978,#26,.F.);
#699=EDGE_CURVE('',#979,#979,#27,.F.);
#700=EDGE_CURVE('',#980,#980,#28,.F.);
#701=EDGE_CURVE('',#981,#981,#29,.F.);
#702=EDGE_CURVE('',#948,#950,#30,.T.);
#703=EDGE_CURVE('',#951,#957,#31,.T.);
#704=EDGE_CURVE('',#956,#977,#32,.T.);
#705=EDGE_CURVE('',#976,#949,#33,.T.);
#706=EDGE_CURVE('',#952,#946,#34,.F.);
#707=EDGE_CURVE('',#947,#974,#35,.F.);
#708=EDGE_CURVE('',#975,#955,#36,.F.);
#709=EDGE_CURVE('',#954,#953,#37,.F.);
#710=EDGE_CURVE('',#982,#983,#1171,.T.);
#711=EDGE_CURVE('',#982,#984,#1172,.T.);
#712=EDGE_CURVE('',#984,#985,#1173,.T.);
#713=EDGE_CURVE('',#985,#986,#1174,.T.);
#714=EDGE_CURVE('',#987,#986,#1175,.T.);
#715=EDGE_CURVE('',#987,#988,#1176,.T.);
#716=EDGE_CURVE('',#989,#988,#1177,.T.);
#717=EDGE_CURVE('',#989,#990,#1178,.T.);
#718=EDGE_CURVE('',#991,#990,#1179,.T.);
#719=EDGE_CURVE('',#991,#992,#1180,.T.);
#720=EDGE_CURVE('',#992,#993,#1181,.T.);
#721=EDGE_CURVE('',#993,#983,#1182,.T.);
#722=EDGE_CURVE('',#994,#994,#38,.F.);
#723=EDGE_CURVE('',#995,#996,#1183,.T.);
#724=EDGE_CURVE('',#995,#997,#1184,.T.);
#725=EDGE_CURVE('',#997,#998,#1185,.T.);
#726=EDGE_CURVE('',#996,#998,#1186,.T.);
#727=EDGE_CURVE('',#999,#1000,#1187,.T.);
#728=EDGE_CURVE('',#1001,#999,#1188,.T.);
#729=EDGE_CURVE('',#1001,#1002,#1189,.T.);
#730=EDGE_CURVE('',#1002,#1000,#1190,.T.);
#731=EDGE_CURVE('',#1003,#1004,#1191,.T.);
#732=EDGE_CURVE('',#1003,#1005,#1192,.T.);
#733=EDGE_CURVE('',#1005,#1006,#1193,.T.);
#734=EDGE_CURVE('',#1004,#1006,#1194,.T.);
#735=EDGE_CURVE('',#1007,#982,#1195,.T.);
#736=EDGE_CURVE('',#1008,#1007,#1196,.T.);
#737=EDGE_CURVE('',#1008,#992,#1197,.T.);
#738=EDGE_CURVE('',#991,#1009,#1198,.T.);
#739=EDGE_CURVE('',#1010,#1009,#1199,.T.);
#740=EDGE_CURVE('',#1011,#1010,#1200,.T.);
#741=EDGE_CURVE('',#1012,#1011,#1201,.T.);
#742=EDGE_CURVE('',#1013,#1012,#1202,.T.);
#743=EDGE_CURVE('',#1013,#1014,#1203,.T.);
#744=EDGE_CURVE('',#1014,#988,#1204,.T.);
#745=EDGE_CURVE('',#1015,#987,#1205,.T.);
#746=EDGE_CURVE('',#1016,#1015,#1206,.T.);
#747=EDGE_CURVE('',#1016,#984,#1207,.T.);
#748=EDGE_CURVE('',#1017,#1018,#1208,.T.);
#749=EDGE_CURVE('',#1018,#1019,#1209,.T.);
#750=EDGE_CURVE('',#1020,#1019,#1210,.T.);
#751=EDGE_CURVE('',#1017,#1020,#1211,.T.);
#752=EDGE_CURVE('',#1021,#1022,#1212,.T.);
#753=EDGE_CURVE('',#1023,#1021,#1213,.T.);
#754=EDGE_CURVE('',#1023,#1024,#1214,.T.);
#755=EDGE_CURVE('',#1024,#1022,#1215,.T.);
#756=EDGE_CURVE('',#1025,#1026,#1216,.T.);
#757=EDGE_CURVE('',#1025,#1027,#1217,.T.);
#758=EDGE_CURVE('',#1027,#1028,#1218,.T.);
#759=EDGE_CURVE('',#1026,#1028,#1219,.T.);
#760=EDGE_CURVE('',#1029,#1030,#1220,.T.);
#761=EDGE_CURVE('',#1031,#1029,#1221,.T.);
#762=EDGE_CURVE('',#1031,#1032,#1222,.T.);
#763=EDGE_CURVE('',#1032,#1030,#1223,.T.);
#764=EDGE_CURVE('',#1033,#1034,#1224,.T.);
#765=EDGE_CURVE('',#1033,#1035,#1225,.T.);
#766=EDGE_CURVE('',#1035,#1036,#1226,.T.);
#767=EDGE_CURVE('',#1034,#1036,#1227,.T.);
#768=EDGE_CURVE('',#1037,#1038,#1228,.T.);
#769=EDGE_CURVE('',#1039,#1037,#1229,.T.);
#770=EDGE_CURVE('',#1039,#1040,#1230,.T.);
#771=EDGE_CURVE('',#1040,#1038,#1231,.T.);
#772=EDGE_CURVE('',#1041,#1042,#1232,.T.);
#773=EDGE_CURVE('',#1042,#1043,#1233,.T.);
#774=EDGE_CURVE('',#1044,#1043,#1234,.T.);
#775=EDGE_CURVE('',#1044,#1041,#1235,.F.);
#776=EDGE_CURVE('',#1045,#1046,#1236,.T.);
#777=EDGE_CURVE('',#1045,#1047,#1237,.T.);
#778=EDGE_CURVE('',#1047,#1048,#1238,.T.);
#779=EDGE_CURVE('',#1046,#1048,#1239,.T.);
#780=EDGE_CURVE('',#1049,#1050,#1240,.T.);
#781=EDGE_CURVE('',#1049,#1051,#1241,.T.);
#782=EDGE_CURVE('',#1052,#1051,#1242,.T.);
#783=EDGE_CURVE('',#1052,#1053,#1243,.T.);
#784=EDGE_CURVE('',#1053,#1054,#1244,.T.);
#785=EDGE_CURVE('',#1055,#1054,#1245,.T.);
#786=EDGE_CURVE('',#1056,#1055,#1246,.T.);
#787=EDGE_CURVE('',#1056,#1057,#1247,.T.);
#788=EDGE_CURVE('',#1057,#1058,#1248,.T.);
#789=EDGE_CURVE('',#1058,#1059,#1249,.T.);
#790=EDGE_CURVE('',#1059,#1060,#1250,.T.);
#791=EDGE_CURVE('',#1010,#1060,#1251,.T.);
#792=EDGE_CURVE('',#1009,#1061,#1252,.T.);
#793=EDGE_CURVE('',#1062,#1061,#1253,.T.);
#794=EDGE_CURVE('',#1063,#1062,#1254,.T.);
#795=EDGE_CURVE('',#1063,#1064,#1255,.T.);
#796=EDGE_CURVE('',#1050,#1064,#1256,.T.);
#797=EDGE_CURVE('',#1065,#1066,#1257,.T.);
#798=EDGE_CURVE('',#1065,#1050,#1258,.T.);
#799=EDGE_CURVE('',#1066,#1064,#1259,.T.);
#800=EDGE_CURVE('',#1067,#1063,#1260,.T.);
#801=EDGE_CURVE('',#1067,#1066,#1261,.T.);
#802=EDGE_CURVE('',#1068,#1068,#39,.T.);
#803=EDGE_CURVE('',#1069,#1069,#40,.F.);
#804=EDGE_CURVE('',#1065,#1070,#1262,.T.);
#805=EDGE_CURVE('',#1070,#1067,#1263,.T.);
#806=EDGE_CURVE('',#1071,#1058,#1264,.T.);
#807=EDGE_CURVE('',#1071,#1072,#1265,.T.);
#808=EDGE_CURVE('',#1072,#1059,#1266,.T.);
#809=EDGE_CURVE('',#1072,#1073,#1267,.T.);
#810=EDGE_CURVE('',#1073,#1060,#1268,.T.);
#811=EDGE_CURVE('',#1011,#1073,#1269,.T.);
#812=EDGE_CURVE('',#1074,#1074,#41,.T.);
#813=EDGE_CURVE('',#1075,#1075,#42,.F.);
#814=EDGE_CURVE('',#1012,#1071,#1270,.T.);
#815=EDGE_CURVE('',#1076,#1049,#1271,.T.);
#816=EDGE_CURVE('',#1076,#1077,#1272,.T.);
#817=EDGE_CURVE('',#1077,#1051,#1273,.T.);
#818=EDGE_CURVE('',#1078,#1078,#43,.T.);
#819=EDGE_CURVE('',#1079,#1079,#44,.F.);
#820=EDGE_CURVE('',#1080,#1077,#1274,.T.);
#821=EDGE_CURVE('',#1080,#1052,#1275,.T.);
#822=EDGE_CURVE('',#1081,#1076,#1276,.T.);
#823=EDGE_CURVE('',#1081,#1080,#1277,.T.);
#824=EDGE_CURVE('',#989,#1062,#1278,.T.);
#825=EDGE_CURVE('',#990,#1061,#1279,.T.);
#826=EDGE_CURVE('',#1082,#1082,#45,.T.);
#827=EDGE_CURVE('',#1083,#1071,#1280,.T.);
#828=EDGE_CURVE('',#1013,#1083,#1281,.T.);
#829=EDGE_CURVE('',#1084,#1081,#1282,.T.);
#830=EDGE_CURVE('',#1084,#1085,#1283,.T.);
#831=EDGE_CURVE('',#1085,#1053,#1284,.T.);
#832=EDGE_CURVE('',#1086,#1070,#1285,.T.);
#833=EDGE_CURVE('',#1084,#1086,#1286,.T.);
#834=EDGE_CURVE('',#1087,#1088,#1287,.T.);
#835=EDGE_CURVE('',#1087,#1089,#46,.T.);
#836=EDGE_CURVE('',#1089,#1090,#1288,.T.);
#837=EDGE_CURVE('',#1090,#1091,#47,.T.);
#838=EDGE_CURVE('',#1091,#1092,#1289,.T.);
#839=EDGE_CURVE('',#1092,#1093,#48,.T.);
#840=EDGE_CURVE('',#1094,#1093,#1290,.T.);
#841=EDGE_CURVE('',#1094,#1088,#49,.T.);
#842=EDGE_CURVE('',#1086,#1014,#1291,.T.);
#843=EDGE_CURVE('',#1085,#1095,#1292,.T.);
#844=EDGE_CURVE('',#1095,#1054,#1293,.T.);
#845=EDGE_CURVE('',#1096,#1095,#1294,.T.);
#846=EDGE_CURVE('',#1096,#1055,#1295,.T.);
#847=EDGE_CURVE('',#1097,#1096,#1296,.T.);
#848=EDGE_CURVE('',#1097,#1056,#1297,.T.);
#849=EDGE_CURVE('',#1098,#1099,#1298,.T.);
#850=EDGE_CURVE('',#1098,#1100,#1299,.T.);
#851=EDGE_CURVE('',#1100,#1101,#1300,.T.);
#852=EDGE_CURVE('',#1099,#1101,#1301,.T.);
#853=EDGE_CURVE('',#1097,#1102,#1302,.T.);
#854=EDGE_CURVE('',#1102,#1057,#1303,.T.);
#855=EDGE_CURVE('',#1102,#1083,#1304,.T.);
#856=EDGE_CURVE('',#1103,#1103,#50,.T.);
#857=EDGE_CURVE('',#1104,#1104,#51,.T.);
#858=EDGE_CURVE('',#1105,#1105,#52,.T.);
#859=EDGE_CURVE('',#1106,#1106,#53,.T.);
#860=EDGE_CURVE('',#1107,#1108,#1305,.T.);
#861=EDGE_CURVE('',#1107,#1109,#54,.F.);
#862=EDGE_CURVE('',#1109,#1110,#1306,.T.);
#863=EDGE_CURVE('',#1110,#1044,#55,.F.);
#864=EDGE_CURVE('',#1043,#1111,#56,.F.);
#865=EDGE_CURVE('',#1112,#1111,#1307,.T.);
#866=EDGE_CURVE('',#1112,#1108,#57,.F.);
#867=EDGE_CURVE('',#1113,#1114,#1308,.T.);
#868=EDGE_CURVE('',#1113,#1115,#58,.T.);
#869=EDGE_CURVE('',#1115,#1116,#1309,.T.);
#870=EDGE_CURVE('',#1116,#1117,#59,.T.);
#871=EDGE_CURVE('',#1117,#1118,#1310,.T.);
#872=EDGE_CURVE('',#1118,#1042,#60,.T.);
#873=EDGE_CURVE('',#1041,#1114,#61,.T.);
#874=EDGE_CURVE('',#1115,#1107,#1311,.T.);
#875=EDGE_CURVE('',#1108,#1116,#1312,.F.);
#876=EDGE_CURVE('',#1119,#1120,#1313,.T.);
#877=EDGE_CURVE('',#1119,#1121,#62,.T.);
#878=EDGE_CURVE('',#1121,#1122,#1314,.T.);
#879=EDGE_CURVE('',#1122,#1123,#63,.T.);
#880=EDGE_CURVE('',#1123,#1124,#1315,.T.);
#881=EDGE_CURVE('',#1124,#1125,#64,.T.);
#882=EDGE_CURVE('',#1126,#1125,#1316,.T.);
#883=EDGE_CURVE('',#1126,#1120,#65,.T.);
#884=EDGE_CURVE('',#1117,#1112,#1317,.T.);
#885=EDGE_CURVE('',#1111,#1118,#1318,.F.);
#886=EDGE_CURVE('',#1127,#1128,#1319,.T.);
#887=EDGE_CURVE('',#1128,#1129,#1320,.T.);
#888=EDGE_CURVE('',#1129,#1130,#1321,.T.);
#889=EDGE_CURVE('',#1130,#1127,#1322,.T.);
#890=EDGE_CURVE('',#1109,#1113,#1323,.F.);
#891=EDGE_CURVE('',#1114,#1110,#1324,.T.);
#892=EDGE_CURVE('',#1131,#1131,#66,.T.);
#893=EDGE_CURVE('',#1132,#1132,#67,.T.);
#894=EDGE_CURVE('',#1133,#1133,#68,.T.);
#895=EDGE_CURVE('',#1134,#1134,#69,.T.);
#896=EDGE_CURVE('',#1135,#1099,#1325,.T.);
#897=EDGE_CURVE('',#1135,#1136,#1326,.T.);
#898=EDGE_CURVE('',#1136,#1098,#1327,.T.);
#899=EDGE_CURVE('',#1136,#1137,#1328,.T.);
#900=EDGE_CURVE('',#1137,#1100,#1329,.T.);
#901=EDGE_CURVE('',#1137,#1138,#1330,.T.);
#902=EDGE_CURVE('',#1138,#1101,#1331,.T.);
#903=EDGE_CURVE('',#1138,#1135,#1332,.T.);
#904=EDGE_CURVE('',#1121,#1092,#1333,.T.);
#905=EDGE_CURVE('',#1091,#1122,#1334,.F.);
#906=EDGE_CURVE('',#1093,#1119,#1335,.F.);
#907=EDGE_CURVE('',#1120,#1094,#1336,.T.);
#908=EDGE_CURVE('',#1125,#1087,#1337,.T.);
#909=EDGE_CURVE('',#1088,#1126,#1338,.F.);
#910=EDGE_CURVE('',#1123,#1090,#1339,.T.);
#911=EDGE_CURVE('',#1089,#1124,#1340,.F.);
#912=EDGE_CURVE('',#1037,#1015,#1341,.T.);
#913=EDGE_CURVE('',#1038,#1016,#1342,.T.);
#914=EDGE_CURVE('',#1040,#1139,#1343,.T.);
#915=EDGE_CURVE('',#985,#1139,#1344,.T.);
#916=EDGE_CURVE('',#1039,#1140,#1345,.T.);
#917=EDGE_CURVE('',#1139,#1140,#1346,.T.);
#918=EDGE_CURVE('',#986,#1140,#1347,.T.);
#919=EDGE_CURVE('',#983,#1141,#1348,.T.);
#920=EDGE_CURVE('',#1033,#1141,#1349,.T.);
#921=EDGE_CURVE('',#1034,#1007,#1350,.T.);
#922=EDGE_CURVE('',#1036,#1008,#1351,.T.);
#923=EDGE_CURVE('',#1035,#1142,#1352,.T.);
#924=EDGE_CURVE('',#993,#1142,#1353,.T.);
#925=EDGE_CURVE('',#1142,#1141,#1354,.T.);
#926=EDGE_CURVE('',#1029,#1004,#1355,.T.);
#927=EDGE_CURVE('',#1030,#1003,#1356,.T.);
#928=EDGE_CURVE('',#1032,#1005,#1357,.T.);
#929=EDGE_CURVE('',#1031,#1006,#1358,.T.);
#930=EDGE_CURVE('',#1025,#1000,#1359,.T.);
#931=EDGE_CURVE('',#1026,#999,#1360,.T.);
#932=EDGE_CURVE('',#1028,#1001,#1361,.T.);
#933=EDGE_CURVE('',#1027,#1002,#1362,.T.);
#934=EDGE_CURVE('',#1021,#996,#1363,.T.);
#935=EDGE_CURVE('',#1022,#995,#1364,.T.);
#936=EDGE_CURVE('',#1024,#997,#1365,.T.);
#937=EDGE_CURVE('',#1023,#998,#1366,.T.);
#938=EDGE_CURVE('',#1047,#1018,#1367,.T.);
#939=EDGE_CURVE('',#1045,#1019,#1368,.T.);
#940=EDGE_CURVE('',#1046,#1020,#1369,.T.);
#941=EDGE_CURVE('',#1048,#1017,#1370,.T.);
#942=EDGE_CURVE('',#1127,#1136,#1371,.F.);
#943=EDGE_CURVE('',#1137,#1130,#1372,.F.);
#944=EDGE_CURVE('',#1138,#1129,#1373,.T.);
#945=EDGE_CURVE('',#1128,#1135,#1374,.F.);
#946=VERTEX_POINT('',#2895);
#947=VERTEX_POINT('',#2896);
#948=VERTEX_POINT('',#2898);
#949=VERTEX_POINT('',#2900);
#950=VERTEX_POINT('',#2904);
#951=VERTEX_POINT('',#2905);
#952=VERTEX_POINT('',#2907);
#953=VERTEX_POINT('',#2909);
#954=VERTEX_POINT('',#2913);
#955=VERTEX_POINT('',#2914);
#956=VERTEX_POINT('',#2916);
#957=VERTEX_POINT('',#2918);
#958=VERTEX_POINT('',#2922);
#959=VERTEX_POINT('',#2923);
#960=VERTEX_POINT('',#2925);
#961=VERTEX_POINT('',#2927);
#962=VERTEX_POINT('',#2931);
#963=VERTEX_POINT('',#2933);
#964=VERTEX_POINT('',#2937);
#965=VERTEX_POINT('',#2939);
#966=VERTEX_POINT('',#2943);
#967=VERTEX_POINT('',#2945);
#968=VERTEX_POINT('',#2948);
#969=VERTEX_POINT('',#2950);
#970=VERTEX_POINT('',#2953);
#971=VERTEX_POINT('',#2955);
#972=VERTEX_POINT('',#2958);
#973=VERTEX_POINT('',#2960);
#974=VERTEX_POINT('',#2966);
#975=VERTEX_POINT('',#2967);
#976=VERTEX_POINT('',#2969);
#977=VERTEX_POINT('',#2971);
#978=VERTEX_POINT('',#2975);
#979=VERTEX_POINT('',#2977);
#980=VERTEX_POINT('',#2979);
#981=VERTEX_POINT('',#2981);
#982=VERTEX_POINT('',#3002);
#983=VERTEX_POINT('',#3003);
#984=VERTEX_POINT('',#3005);
#985=VERTEX_POINT('',#3007);
#986=VERTEX_POINT('',#3009);
#987=VERTEX_POINT('',#3011);
#988=VERTEX_POINT('',#3013);
#989=VERTEX_POINT('',#3015);
#990=VERTEX_POINT('',#3017);
#991=VERTEX_POINT('',#3019);
#992=VERTEX_POINT('',#3021);
#993=VERTEX_POINT('',#3023);
#994=VERTEX_POINT('',#3026);
#995=VERTEX_POINT('',#3029);
#996=VERTEX_POINT('',#3030);
#997=VERTEX_POINT('',#3032);
#998=VERTEX_POINT('',#3034);
#999=VERTEX_POINT('',#3037);
#1000=VERTEX_POINT('',#3038);
#1001=VERTEX_POINT('',#3040);
#1002=VERTEX_POINT('',#3042);
#1003=VERTEX_POINT('',#3045);
#1004=VERTEX_POINT('',#3046);
#1005=VERTEX_POINT('',#3048);
#1006=VERTEX_POINT('',#3050);
#1007=VERTEX_POINT('',#3053);
#1008=VERTEX_POINT('',#3055);
#1009=VERTEX_POINT('',#3058);
#1010=VERTEX_POINT('',#3060);
#1011=VERTEX_POINT('',#3062);
#1012=VERTEX_POINT('',#3064);
#1013=VERTEX_POINT('',#3066);
#1014=VERTEX_POINT('',#3068);
#1015=VERTEX_POINT('',#3071);
#1016=VERTEX_POINT('',#3073);
#1017=VERTEX_POINT('',#3076);
#1018=VERTEX_POINT('',#3077);
#1019=VERTEX_POINT('',#3079);
#1020=VERTEX_POINT('',#3081);
#1021=VERTEX_POINT('',#3085);
#1022=VERTEX_POINT('',#3086);
#1023=VERTEX_POINT('',#3088);
#1024=VERTEX_POINT('',#3090);
#1025=VERTEX_POINT('',#3093);
#1026=VERTEX_POINT('',#3094);
#1027=VERTEX_POINT('',#3096);
#1028=VERTEX_POINT('',#3098);
#1029=VERTEX_POINT('',#3101);
#1030=VERTEX_POINT('',#3102);
#1031=VERTEX_POINT('',#3104);
#1032=VERTEX_POINT('',#3106);
#1033=VERTEX_POINT('',#3109);
#1034=VERTEX_POINT('',#3110);
#1035=VERTEX_POINT('',#3112);
#1036=VERTEX_POINT('',#3114);
#1037=VERTEX_POINT('',#3117);
#1038=VERTEX_POINT('',#3118);
#1039=VERTEX_POINT('',#3120);
#1040=VERTEX_POINT('',#3122);
#1041=VERTEX_POINT('',#3125);
#1042=VERTEX_POINT('',#3126);
#1043=VERTEX_POINT('',#3128);
#1044=VERTEX_POINT('',#3130);
#1045=VERTEX_POINT('',#3133);
#1046=VERTEX_POINT('',#3134);
#1047=VERTEX_POINT('',#3136);
#1048=VERTEX_POINT('',#3138);
#1049=VERTEX_POINT('',#3142);
#1050=VERTEX_POINT('',#3143);
#1051=VERTEX_POINT('',#3145);
#1052=VERTEX_POINT('',#3147);
#1053=VERTEX_POINT('',#3149);
#1054=VERTEX_POINT('',#3151);
#1055=VERTEX_POINT('',#3153);
#1056=VERTEX_POINT('',#3155);
#1057=VERTEX_POINT('',#3157);
#1058=VERTEX_POINT('',#3159);
#1059=VERTEX_POINT('',#3161);
#1060=VERTEX_POINT('',#3163);
#1061=VERTEX_POINT('',#3166);
#1062=VERTEX_POINT('',#3168);
#1063=VERTEX_POINT('',#3170);
#1064=VERTEX_POINT('',#3172);
#1065=VERTEX_POINT('',#3176);
#1066=VERTEX_POINT('',#3177);
#1067=VERTEX_POINT('',#3182);
#1068=VERTEX_POINT('',#3186);
#1069=VERTEX_POINT('',#3188);
#1070=VERTEX_POINT('',#3191);
#1071=VERTEX_POINT('',#3196);
#1072=VERTEX_POINT('',#3198);
#1073=VERTEX_POINT('',#3202);
#1074=VERTEX_POINT('',#3208);
#1075=VERTEX_POINT('',#3210);
#1076=VERTEX_POINT('',#3216);
#1077=VERTEX_POINT('',#3218);
#1078=VERTEX_POINT('',#3222);
#1079=VERTEX_POINT('',#3224);
#1080=VERTEX_POINT('',#3227);
#1081=VERTEX_POINT('',#3231);
#1082=VERTEX_POINT('',#3240);
#1083=VERTEX_POINT('',#3244);
#1084=VERTEX_POINT('',#3248);
#1085=VERTEX_POINT('',#3250);
#1086=VERTEX_POINT('',#3254);
#1087=VERTEX_POINT('',#3258);
#1088=VERTEX_POINT('',#3259);
#1089=VERTEX_POINT('',#3261);
#1090=VERTEX_POINT('',#3263);
#1091=VERTEX_POINT('',#3265);
#1092=VERTEX_POINT('',#3267);
#1093=VERTEX_POINT('',#3269);
#1094=VERTEX_POINT('',#3271);
#1095=VERTEX_POINT('',#3276);
#1096=VERTEX_POINT('',#3280);
#1097=VERTEX_POINT('',#3284);
#1098=VERTEX_POINT('',#3288);
#1099=VERTEX_POINT('',#3289);
#1100=VERTEX_POINT('',#3291);
#1101=VERTEX_POINT('',#3293);
#1102=VERTEX_POINT('',#3296);
#1103=VERTEX_POINT('',#3302);
#1104=VERTEX_POINT('',#3304);
#1105=VERTEX_POINT('',#3306);
#1106=VERTEX_POINT('',#3308);
#1107=VERTEX_POINT('',#3310);
#1108=VERTEX_POINT('',#3311);
#1109=VERTEX_POINT('',#3313);
#1110=VERTEX_POINT('',#3315);
#1111=VERTEX_POINT('',#3318);
#1112=VERTEX_POINT('',#3320);
#1113=VERTEX_POINT('',#3324);
#1114=VERTEX_POINT('',#3325);
#1115=VERTEX_POINT('',#3327);
#1116=VERTEX_POINT('',#3329);
#1117=VERTEX_POINT('',#3331);
#1118=VERTEX_POINT('',#3333);
#1119=VERTEX_POINT('',#3341);
#1120=VERTEX_POINT('',#3342);
#1121=VERTEX_POINT('',#3344);
#1122=VERTEX_POINT('',#3346);
#1123=VERTEX_POINT('',#3348);
#1124=VERTEX_POINT('',#3350);
#1125=VERTEX_POINT('',#3352);
#1126=VERTEX_POINT('',#3354);
#1127=VERTEX_POINT('',#3360);
#1128=VERTEX_POINT('',#3361);
#1129=VERTEX_POINT('',#3363);
#1130=VERTEX_POINT('',#3365);
#1131=VERTEX_POINT('',#3371);
#1132=VERTEX_POINT('',#3375);
#1133=VERTEX_POINT('',#3379);
#1134=VERTEX_POINT('',#3383);
#1135=VERTEX_POINT('',#3387);
#1136=VERTEX_POINT('',#3389);
#1137=VERTEX_POINT('',#3393);
#1138=VERTEX_POINT('',#3397);
#1139=VERTEX_POINT('',#3418);
#1140=VERTEX_POINT('',#3422);
#1141=VERTEX_POINT('',#3429);
#1142=VERTEX_POINT('',#3436);
#1143=LINE('',#2894,#1375);
#1144=LINE('',#2897,#1376);
#1145=LINE('',#2899,#1377);
#1146=LINE('',#2901,#1378);
#1147=LINE('',#2903,#1379);
#1148=LINE('',#2906,#1380);
#1149=LINE('',#2908,#1381);
#1150=LINE('',#2910,#1382);
#1151=LINE('',#2912,#1383);
#1152=LINE('',#2915,#1384);
#1153=LINE('',#2917,#1385);
#1154=LINE('',#2919,#1386);
#1155=LINE('',#2921,#1387);
#1156=LINE('',#2924,#1388);
#1157=LINE('',#2926,#1389);
#1158=LINE('',#2928,#1390);
#1159=LINE('',#2930,#1391);
#1160=LINE('',#2932,#1392);
#1161=LINE('',#2934,#1393);
#1162=LINE('',#2936,#1394);
#1163=LINE('',#2938,#1395);
#1164=LINE('',#2940,#1396);
#1165=LINE('',#2962,#1397);
#1166=LINE('',#2963,#1398);
#1167=LINE('',#2965,#1399);
#1168=LINE('',#2968,#1400);
#1169=LINE('',#2970,#1401);
#1170=LINE('',#2972,#1402);
#1171=LINE('',#3001,#1403);
#1172=LINE('',#3004,#1404);
#1173=LINE('',#3006,#1405);
#1174=LINE('',#3008,#1406);
#1175=LINE('',#3010,#1407);
#1176=LINE('',#3012,#1408);
#1177=LINE('',#3014,#1409);
#1178=LINE('',#3016,#1410);
#1179=LINE('',#3018,#1411);
#1180=LINE('',#3020,#1412);
#1181=LINE('',#3022,#1413);
#1182=LINE('',#3024,#1414);
#1183=LINE('',#3028,#1415);
#1184=LINE('',#3031,#1416);
#1185=LINE('',#3033,#1417);
#1186=LINE('',#3035,#1418);
#1187=LINE('',#3036,#1419);
#1188=LINE('',#3039,#1420);
#1189=LINE('',#3041,#1421);
#1190=LINE('',#3043,#1422);
#1191=LINE('',#3044,#1423);
#1192=LINE('',#3047,#1424);
#1193=LINE('',#3049,#1425);
#1194=LINE('',#3051,#1426);
#1195=LINE('',#3052,#1427);
#1196=LINE('',#3054,#1428);
#1197=LINE('',#3056,#1429);
#1198=LINE('',#3057,#1430);
#1199=LINE('',#3059,#1431);
#1200=LINE('',#3061,#1432);
#1201=LINE('',#3063,#1433);
#1202=LINE('',#3065,#1434);
#1203=LINE('',#3067,#1435);
#1204=LINE('',#3069,#1436);
#1205=LINE('',#3070,#1437);
#1206=LINE('',#3072,#1438);
#1207=LINE('',#3074,#1439);
#1208=LINE('',#3075,#1440);
#1209=LINE('',#3078,#1441);
#1210=LINE('',#3080,#1442);
#1211=LINE('',#3082,#1443);
#1212=LINE('',#3084,#1444);
#1213=LINE('',#3087,#1445);
#1214=LINE('',#3089,#1446);
#1215=LINE('',#3091,#1447);
#1216=LINE('',#3092,#1448);
#1217=LINE('',#3095,#1449);
#1218=LINE('',#3097,#1450);
#1219=LINE('',#3099,#1451);
#1220=LINE('',#3100,#1452);
#1221=LINE('',#3103,#1453);
#1222=LINE('',#3105,#1454);
#1223=LINE('',#3107,#1455);
#1224=LINE('',#3108,#1456);
#1225=LINE('',#3111,#1457);
#1226=LINE('',#3113,#1458);
#1227=LINE('',#3115,#1459);
#1228=LINE('',#3116,#1460);
#1229=LINE('',#3119,#1461);
#1230=LINE('',#3121,#1462);
#1231=LINE('',#3123,#1463);
#1232=LINE('',#3124,#1464);
#1233=LINE('',#3127,#1465);
#1234=LINE('',#3129,#1466);
#1235=LINE('',#3131,#1467);
#1236=LINE('',#3132,#1468);
#1237=LINE('',#3135,#1469);
#1238=LINE('',#3137,#1470);
#1239=LINE('',#3139,#1471);
#1240=LINE('',#3141,#1472);
#1241=LINE('',#3144,#1473);
#1242=LINE('',#3146,#1474);
#1243=LINE('',#3148,#1475);
#1244=LINE('',#3150,#1476);
#1245=LINE('',#3152,#1477);
#1246=LINE('',#3154,#1478);
#1247=LINE('',#3156,#1479);
#1248=LINE('',#3158,#1480);
#1249=LINE('',#3160,#1481);
#1250=LINE('',#3162,#1482);
#1251=LINE('',#3164,#1483);
#1252=LINE('',#3165,#1484);
#1253=LINE('',#3167,#1485);
#1254=LINE('',#3169,#1486);
#1255=LINE('',#3171,#1487);
#1256=LINE('',#3173,#1488);
#1257=LINE('',#3175,#1489);
#1258=LINE('',#3178,#1490);
#1259=LINE('',#3179,#1491);
#1260=LINE('',#3181,#1492);
#1261=LINE('',#3183,#1493);
#1262=LINE('',#3190,#1494);
#1263=LINE('',#3192,#1495);
#1264=LINE('',#3195,#1496);
#1265=LINE('',#3197,#1497);
#1266=LINE('',#3199,#1498);
#1267=LINE('',#3201,#1499);
#1268=LINE('',#3203,#1500);
#1269=LINE('',#3205,#1501);
#1270=LINE('',#3212,#1502);
#1271=LINE('',#3215,#1503);
#1272=LINE('',#3217,#1504);
#1273=LINE('',#3219,#1505);
#1274=LINE('',#3226,#1506);
#1275=LINE('',#3228,#1507);
#1276=LINE('',#3230,#1508);
#1277=LINE('',#3232,#1509);
#1278=LINE('',#3235,#1510);
#1279=LINE('',#3236,#1511);
#1280=LINE('',#3243,#1512);
#1281=LINE('',#3245,#1513);
#1282=LINE('',#3247,#1514);
#1283=LINE('',#3249,#1515);
#1284=LINE('',#3251,#1516);
#1285=LINE('',#3253,#1517);
#1286=LINE('',#3255,#1518);
#1287=LINE('',#3257,#1519);
#1288=LINE('',#3262,#1520);
#1289=LINE('',#3266,#1521);
#1290=LINE('',#3270,#1522);
#1291=LINE('',#3273,#1523);
#1292=LINE('',#3275,#1524);
#1293=LINE('',#3277,#1525);
#1294=LINE('',#3279,#1526);
#1295=LINE('',#3281,#1527);
#1296=LINE('',#3283,#1528);
#1297=LINE('',#3285,#1529);
#1298=LINE('',#3287,#1530);
#1299=LINE('',#3290,#1531);
#1300=LINE('',#3292,#1532);
#1301=LINE('',#3294,#1533);
#1302=LINE('',#3295,#1534);
#1303=LINE('',#3297,#1535);
#1304=LINE('',#3299,#1536);
#1305=LINE('',#3309,#1537);
#1306=LINE('',#3314,#1538);
#1307=LINE('',#3319,#1539);
#1308=LINE('',#3323,#1540);
#1309=LINE('',#3328,#1541);
#1310=LINE('',#3332,#1542);
#1311=LINE('',#3337,#1543);
#1312=LINE('',#3338,#1544);
#1313=LINE('',#3340,#1545);
#1314=LINE('',#3345,#1546);
#1315=LINE('',#3349,#1547);
#1316=LINE('',#3353,#1548);
#1317=LINE('',#3356,#1549);
#1318=LINE('',#3357,#1550);
#1319=LINE('',#3359,#1551);
#1320=LINE('',#3362,#1552);
#1321=LINE('',#3364,#1553);
#1322=LINE('',#3366,#1554);
#1323=LINE('',#3367,#1555);
#1324=LINE('',#3368,#1556);
#1325=LINE('',#3386,#1557);
#1326=LINE('',#3388,#1558);
#1327=LINE('',#3390,#1559);
#1328=LINE('',#3392,#1560);
#1329=LINE('',#3394,#1561);
#1330=LINE('',#3396,#1562);
#1331=LINE('',#3398,#1563);
#1332=LINE('',#3400,#1564);
#1333=LINE('',#3402,#1565);
#1334=LINE('',#3403,#1566);
#1335=LINE('',#3405,#1567);
#1336=LINE('',#3406,#1568);
#1337=LINE('',#3408,#1569);
#1338=LINE('',#3409,#1570);
#1339=LINE('',#3411,#1571);
#1340=LINE('',#3412,#1572);
#1341=LINE('',#3414,#1573);
#1342=LINE('',#3415,#1574);
#1343=LINE('',#3417,#1575);
#1344=LINE('',#3419,#1576);
#1345=LINE('',#3421,#1577);
#1346=LINE('',#3423,#1578);
#1347=LINE('',#3425,#1579);
#1348=LINE('',#3428,#1580);
#1349=LINE('',#3430,#1581);
#1350=LINE('',#3431,#1582);
#1351=LINE('',#3433,#1583);
#1352=LINE('',#3435,#1584);
#1353=LINE('',#3437,#1585);
#1354=LINE('',#3439,#1586);
#1355=LINE('',#3442,#1587);
#1356=LINE('',#3443,#1588);
#1357=LINE('',#3445,#1589);
#1358=LINE('',#3447,#1590);
#1359=LINE('',#3450,#1591);
#1360=LINE('',#3451,#1592);
#1361=LINE('',#3453,#1593);
#1362=LINE('',#3455,#1594);
#1363=LINE('',#3458,#1595);
#1364=LINE('',#3459,#1596);
#1365=LINE('',#3461,#1597);
#1366=LINE('',#3463,#1598);
#1367=LINE('',#3466,#1599);
#1368=LINE('',#3467,#1600);
#1369=LINE('',#3469,#1601);
#1370=LINE('',#3471,#1602);
#1371=LINE('',#3482,#1603);
#1372=LINE('',#3483,#1604);
#1373=LINE('',#3485,#1605);
#1374=LINE('',#3487,#1606);
#1375=VECTOR('',#2328,1.);
#1376=VECTOR('',#2329,1.);
#1377=VECTOR('',#2330,1.);
#1378=VECTOR('',#2331,1.);
#1379=VECTOR('',#2334,1.);
#1380=VECTOR('',#2335,1.);
#1381=VECTOR('',#2336,1.);
#1382=VECTOR('',#2337,1.);
#1383=VECTOR('',#2340,1.);
#1384=VECTOR('',#2341,1.);
#1385=VECTOR('',#2342,1.);
#1386=VECTOR('',#2343,1.);
#1387=VECTOR('',#2346,1.);
#1388=VECTOR('',#2347,1.);
#1389=VECTOR('',#2348,1.);
#1390=VECTOR('',#2349,1.);
#1391=VECTOR('',#2352,1.);
#1392=VECTOR('',#2353,1.);
#1393=VECTOR('',#2354,1.);
#1394=VECTOR('',#2357,1.);
#1395=VECTOR('',#2358,1.);
#1396=VECTOR('',#2359,1.);
#1397=VECTOR('',#2386,1.);
#1398=VECTOR('',#2387,1.);
#1399=VECTOR('',#2390,1.);
#1400=VECTOR('',#2391,1.);
#1401=VECTOR('',#2392,1.);
#1402=VECTOR('',#2393,1.);
#1403=VECTOR('',#2442,1.);
#1404=VECTOR('',#2443,1.);
#1405=VECTOR('',#2444,1.);
#1406=VECTOR('',#2445,1.);
#1407=VECTOR('',#2446,1.);
#1408=VECTOR('',#2447,1.);
#1409=VECTOR('',#2448,1.);
#1410=VECTOR('',#2449,1.);
#1411=VECTOR('',#2450,1.);
#1412=VECTOR('',#2451,1.);
#1413=VECTOR('',#2452,1.);
#1414=VECTOR('',#2453,1.);
#1415=VECTOR('',#2458,1.);
#1416=VECTOR('',#2459,1.);
#1417=VECTOR('',#2460,1.);
#1418=VECTOR('',#2461,1.);
#1419=VECTOR('',#2462,1.);
#1420=VECTOR('',#2463,1.);
#1421=VECTOR('',#2464,1.);
#1422=VECTOR('',#2465,1.);
#1423=VECTOR('',#2466,1.);
#1424=VECTOR('',#2467,1.);
#1425=VECTOR('',#2468,1.);
#1426=VECTOR('',#2469,1.);
#1427=VECTOR('',#2470,1.);
#1428=VECTOR('',#2471,1.);
#1429=VECTOR('',#2472,1.);
#1430=VECTOR('',#2473,1.);
#1431=VECTOR('',#2474,1.);
#1432=VECTOR('',#2475,1.);
#1433=VECTOR('',#2476,1.);
#1434=VECTOR('',#2477,1.);
#1435=VECTOR('',#2478,1.);
#1436=VECTOR('',#2479,1.);
#1437=VECTOR('',#2480,1.);
#1438=VECTOR('',#2481,1.);
#1439=VECTOR('',#2482,1.);
#1440=VECTOR('',#2483,1.);
#1441=VECTOR('',#2484,1.);
#1442=VECTOR('',#2485,1.);
#1443=VECTOR('',#2486,1.);
#1444=VECTOR('',#2489,1.);
#1445=VECTOR('',#2490,1.);
#1446=VECTOR('',#2491,1.);
#1447=VECTOR('',#2492,1.);
#1448=VECTOR('',#2493,1.);
#1449=VECTOR('',#2494,1.);
#1450=VECTOR('',#2495,1.);
#1451=VECTOR('',#2496,1.);
#1452=VECTOR('',#2497,1.);
#1453=VECTOR('',#2498,1.);
#1454=VECTOR('',#2499,1.);
#1455=VECTOR('',#2500,1.);
#1456=VECTOR('',#2501,1.);
#1457=VECTOR('',#2502,1.);
#1458=VECTOR('',#2503,1.);
#1459=VECTOR('',#2504,1.);
#1460=VECTOR('',#2505,1.);
#1461=VECTOR('',#2506,1.);
#1462=VECTOR('',#2507,1.);
#1463=VECTOR('',#2508,1.);
#1464=VECTOR('',#2509,1.);
#1465=VECTOR('',#2510,1.);
#1466=VECTOR('',#2511,1.);
#1467=VECTOR('',#2512,1.);
#1468=VECTOR('',#2513,1.);
#1469=VECTOR('',#2514,1.);
#1470=VECTOR('',#2515,1.);
#1471=VECTOR('',#2516,1.);
#1472=VECTOR('',#2519,1.);
#1473=VECTOR('',#2520,1.);
#1474=VECTOR('',#2521,1.);
#1475=VECTOR('',#2522,1.);
#1476=VECTOR('',#2523,1.);
#1477=VECTOR('',#2524,1.);
#1478=VECTOR('',#2525,1.);
#1479=VECTOR('',#2526,1.);
#1480=VECTOR('',#2527,1.);
#1481=VECTOR('',#2528,1.);
#1482=VECTOR('',#2529,1.);
#1483=VECTOR('',#2530,1.);
#1484=VECTOR('',#2531,1.);
#1485=VECTOR('',#2532,1.);
#1486=VECTOR('',#2533,1.);
#1487=VECTOR('',#2534,1.);
#1488=VECTOR('',#2535,1.);
#1489=VECTOR('',#2538,1.);
#1490=VECTOR('',#2539,1.);
#1491=VECTOR('',#2540,1.);
#1492=VECTOR('',#2543,1.);
#1493=VECTOR('',#2544,1.);
#1494=VECTOR('',#2553,1.);
#1495=VECTOR('',#2554,1.);
#1496=VECTOR('',#2559,1.);
#1497=VECTOR('',#2560,1.);
#1498=VECTOR('',#2561,1.);
#1499=VECTOR('',#2564,1.);
#1500=VECTOR('',#2565,1.);
#1501=VECTOR('',#2568,1.);
#1502=VECTOR('',#2577,1.);
#1503=VECTOR('',#2582,1.);
#1504=VECTOR('',#2583,1.);
#1505=VECTOR('',#2584,1.);
#1506=VECTOR('',#2593,1.);
#1507=VECTOR('',#2594,1.);
#1508=VECTOR('',#2597,1.);
#1509=VECTOR('',#2598,1.);
#1510=VECTOR('',#2603,1.);
#1511=VECTOR('',#2604,1.);
#1512=VECTOR('',#2615,1.);
#1513=VECTOR('',#2616,1.);
#1514=VECTOR('',#2619,1.);
#1515=VECTOR('',#2620,1.);
#1516=VECTOR('',#2621,1.);
#1517=VECTOR('',#2624,1.);
#1518=VECTOR('',#2625,1.);
#1519=VECTOR('',#2628,1.);
#1520=VECTOR('',#2631,1.);
#1521=VECTOR('',#2634,1.);
#1522=VECTOR('',#2637,1.);
#1523=VECTOR('',#2640,1.);
#1524=VECTOR('',#2643,1.);
#1525=VECTOR('',#2644,1.);
#1526=VECTOR('',#2647,1.);
#1527=VECTOR('',#2648,1.);
#1528=VECTOR('',#2651,1.);
#1529=VECTOR('',#2652,1.);
#1530=VECTOR('',#2655,1.);
#1531=VECTOR('',#2656,1.);
#1532=VECTOR('',#2657,1.);
#1533=VECTOR('',#2658,1.);
#1534=VECTOR('',#2659,1.);
#1535=VECTOR('',#2660,1.);
#1536=VECTOR('',#2663,1.);
#1537=VECTOR('',#2674,1.);
#1538=VECTOR('',#2677,1.);
#1539=VECTOR('',#2682,1.);
#1540=VECTOR('',#2687,1.);
#1541=VECTOR('',#2690,1.);
#1542=VECTOR('',#2693,1.);
#1543=VECTOR('',#2700,1.);
#1544=VECTOR('',#2701,1.);
#1545=VECTOR('',#2704,1.);
#1546=VECTOR('',#2707,1.);
#1547=VECTOR('',#2710,1.);
#1548=VECTOR('',#2713,1.);
#1549=VECTOR('',#2716,1.);
#1550=VECTOR('',#2717,1.);
#1551=VECTOR('',#2720,1.);
#1552=VECTOR('',#2721,1.);
#1553=VECTOR('',#2722,1.);
#1554=VECTOR('',#2723,1.);
#1555=VECTOR('',#2724,1.);
#1556=VECTOR('',#2725,1.);
#1557=VECTOR('',#2752,1.);
#1558=VECTOR('',#2753,1.);
#1559=VECTOR('',#2754,1.);
#1560=VECTOR('',#2757,1.);
#1561=VECTOR('',#2758,1.);
#1562=VECTOR('',#2761,1.);
#1563=VECTOR('',#2762,1.);
#1564=VECTOR('',#2765,1.);
#1565=VECTOR('',#2768,1.);
#1566=VECTOR('',#2769,1.);
#1567=VECTOR('',#2772,1.);
#1568=VECTOR('',#2773,1.);
#1569=VECTOR('',#2776,1.);
#1570=VECTOR('',#2777,1.);
#1571=VECTOR('',#2780,1.);
#1572=VECTOR('',#2781,1.);
#1573=VECTOR('',#2784,1.);
#1574=VECTOR('',#2785,1.);
#1575=VECTOR('',#2788,1.);
#1576=VECTOR('',#2789,1.);
#1577=VECTOR('',#2792,1.);
#1578=VECTOR('',#2793,1.);
#1579=VECTOR('',#2796,1.);
#1580=VECTOR('',#2801,1.);
#1581=VECTOR('',#2802,1.);
#1582=VECTOR('',#2803,1.);
#1583=VECTOR('',#2806,1.);
#1584=VECTOR('',#2809,1.);
#1585=VECTOR('',#2810,1.);
#1586=VECTOR('',#2813,1.);
#1587=VECTOR('',#2818,1.);
#1588=VECTOR('',#2819,1.);
#1589=VECTOR('',#2822,1.);
#1590=VECTOR('',#2825,1.);
#1591=VECTOR('',#2830,1.);
#1592=VECTOR('',#2831,1.);
#1593=VECTOR('',#2834,1.);
#1594=VECTOR('',#2837,1.);
#1595=VECTOR('',#2842,1.);
#1596=VECTOR('',#2843,1.);
#1597=VECTOR('',#2846,1.);
#1598=VECTOR('',#2849,1.);
#1599=VECTOR('',#2854,1.);
#1600=VECTOR('',#2855,1.);
#1601=VECTOR('',#2858,1.);
#1602=VECTOR('',#2861,1.);
#1603=VECTOR('',#2882,1.);
#1604=VECTOR('',#2883,1.);
#1605=VECTOR('',#2886,1.);
#1606=VECTOR('',#2889,1.);
#1607=EDGE_LOOP('',(#94,#95,#96,#97));
#1608=EDGE_LOOP('',(#98,#99,#100,#101));
#1609=EDGE_LOOP('',(#102,#103,#104,#105));
#1610=EDGE_LOOP('',(#106,#107,#108,#109));
#1611=EDGE_LOOP('',(#110,#111,#112,#113));
#1612=EDGE_LOOP('',(#114,#115,#116,#117));
#1613=EDGE_LOOP('',(#118));
#1614=EDGE_LOOP('',(#119));
#1615=EDGE_LOOP('',(#120));
#1616=EDGE_LOOP('',(#121));
#1617=EDGE_LOOP('',(#122));
#1618=EDGE_LOOP('',(#123));
#1619=EDGE_LOOP('',(#124));
#1620=EDGE_LOOP('',(#125));
#1621=EDGE_LOOP('',(#126,#127,#128,#129));
#1622=EDGE_LOOP('',(#130,#131,#132,#133));
#1623=EDGE_LOOP('',(#134));
#1624=EDGE_LOOP('',(#135));
#1625=EDGE_LOOP('',(#136));
#1626=EDGE_LOOP('',(#137));
#1627=EDGE_LOOP('',(#138,#139,#140,#141));
#1628=EDGE_LOOP('',(#142,#143,#144,#145,#146,#147,#148,#149));
#1629=EDGE_LOOP('',(#150,#151,#152,#153));
#1630=EDGE_LOOP('',(#154));
#1631=EDGE_LOOP('',(#155));
#1632=EDGE_LOOP('',(#156));
#1633=EDGE_LOOP('',(#157));
#1634=EDGE_LOOP('',(#158,#159,#160,#161,#162,#163,#164,#165));
#1635=EDGE_LOOP('',(#166,#167,#168,#169));
#1636=EDGE_LOOP('',(#170,#171,#172,#173));
#1637=EDGE_LOOP('',(#174,#175,#176,#177));
#1638=EDGE_LOOP('',(#178,#179,#180,#181));
#1639=EDGE_LOOP('',(#182));
#1640=EDGE_LOOP('',(#183));
#1641=EDGE_LOOP('',(#184));
#1642=EDGE_LOOP('',(#185));
#1643=EDGE_LOOP('',(#186));
#1644=EDGE_LOOP('',(#187));
#1645=EDGE_LOOP('',(#188));
#1646=EDGE_LOOP('',(#189));
#1647=EDGE_LOOP('',(#190,#191,#192,#193,#194,#195,#196,#197,#198,#199,#200,
#201));
#1648=EDGE_LOOP('',(#202));
#1649=EDGE_LOOP('',(#203,#204,#205,#206));
#1650=EDGE_LOOP('',(#207,#208,#209,#210));
#1651=EDGE_LOOP('',(#211,#212,#213,#214));
#1652=EDGE_LOOP('',(#215,#216,#217,#218,#219,#220,#221,#222,#223,#224,#225,
#226,#227,#228,#229,#230));
#1653=EDGE_LOOP('',(#231,#232,#233,#234));
#1654=EDGE_LOOP('',(#235,#236,#237,#238));
#1655=EDGE_LOOP('',(#239,#240,#241,#242));
#1656=EDGE_LOOP('',(#243,#244,#245,#246));
#1657=EDGE_LOOP('',(#247,#248,#249,#250));
#1658=EDGE_LOOP('',(#251,#252,#253,#254));
#1659=EDGE_LOOP('',(#255,#256,#257,#258));
#1660=EDGE_LOOP('',(#259,#260,#261,#262));
#1661=EDGE_LOOP('',(#263,#264,#265,#266,#267,#268,#269,#270,#271,#272,#273,
#274,#275,#276,#277,#278,#279,#280));
#1662=EDGE_LOOP('',(#281,#282,#283,#284));
#1663=EDGE_LOOP('',(#285,#286,#287,#288));
#1664=EDGE_LOOP('',(#289));
#1665=EDGE_LOOP('',(#290));
#1666=EDGE_LOOP('',(#291));
#1667=EDGE_LOOP('',(#292,#293,#294,#295));
#1668=EDGE_LOOP('',(#296));
#1669=EDGE_LOOP('',(#297,#298,#299,#300));
#1670=EDGE_LOOP('',(#301,#302,#303,#304));
#1671=EDGE_LOOP('',(#305,#306,#307,#308));
#1672=EDGE_LOOP('',(#309));
#1673=EDGE_LOOP('',(#310));
#1674=EDGE_LOOP('',(#311,#312,#313,#314,#315));
#1675=EDGE_LOOP('',(#316));
#1676=EDGE_LOOP('',(#317));
#1677=EDGE_LOOP('',(#318,#319,#320,#321));
#1678=EDGE_LOOP('',(#322));
#1679=EDGE_LOOP('',(#323));
#1680=EDGE_LOOP('',(#324,#325,#326,#327));
#1681=EDGE_LOOP('',(#328));
#1682=EDGE_LOOP('',(#329,#330,#331,#332));
#1683=EDGE_LOOP('',(#333));
#1684=EDGE_LOOP('',(#334,#335,#336,#337));
#1685=EDGE_LOOP('',(#338,#339,#340,#341));
#1686=EDGE_LOOP('',(#342));
#1687=EDGE_LOOP('',(#343));
#1688=EDGE_LOOP('',(#344));
#1689=EDGE_LOOP('',(#345,#346,#347,#348));
#1690=EDGE_LOOP('',(#349,#350,#351,#352,#353,#354));
#1691=EDGE_LOOP('',(#355,#356,#357,#358,#359,#360,#361,#362));
#1692=EDGE_LOOP('',(#363,#364,#365,#366,#367,#368,#369,#370));
#1693=EDGE_LOOP('',(#371,#372,#373,#374,#375,#376,#377,#378));
#1694=EDGE_LOOP('',(#379,#380,#381,#382));
#1695=EDGE_LOOP('',(#383,#384,#385,#386));
#1696=EDGE_LOOP('',(#387,#388,#389,#390));
#1697=EDGE_LOOP('',(#391,#392,#393,#394));
#1698=EDGE_LOOP('',(#395,#396,#397,#398));
#1699=EDGE_LOOP('',(#399,#400,#401,#402,#403));
#1700=EDGE_LOOP('',(#404));
#1701=EDGE_LOOP('',(#405));
#1702=EDGE_LOOP('',(#406));
#1703=EDGE_LOOP('',(#407));
#1704=EDGE_LOOP('',(#408,#409,#410,#411,#412,#413,#414,#415,#416,#417));
#1705=EDGE_LOOP('',(#418,#419,#420,#421,#422,#423,#424,#425));
#1706=EDGE_LOOP('',(#426,#427,#428,#429,#430,#431,#432,#433));
#1707=EDGE_LOOP('',(#434,#435,#436,#437));
#1708=EDGE_LOOP('',(#438,#439,#440,#441,#442,#443,#444,#445));
#1709=EDGE_LOOP('',(#446,#447,#448,#449));
#1710=EDGE_LOOP('',(#450,#451,#452,#453));
#1711=EDGE_LOOP('',(#454,#455,#456,#457));
#1712=EDGE_LOOP('',(#458));
#1713=EDGE_LOOP('',(#459));
#1714=EDGE_LOOP('',(#460));
#1715=EDGE_LOOP('',(#461));
#1716=EDGE_LOOP('',(#462));
#1717=EDGE_LOOP('',(#463));
#1718=EDGE_LOOP('',(#464));
#1719=EDGE_LOOP('',(#465));
#1720=EDGE_LOOP('',(#466));
#1721=EDGE_LOOP('',(#467));
#1722=EDGE_LOOP('',(#468));
#1723=EDGE_LOOP('',(#469));
#1724=EDGE_LOOP('',(#470,#471,#472,#473));
#1725=EDGE_LOOP('',(#474,#475,#476,#477));
#1726=EDGE_LOOP('',(#478,#479,#480,#481));
#1727=EDGE_LOOP('',(#482,#483,#484,#485));
#1728=EDGE_LOOP('',(#486,#487,#488,#489));
#1729=EDGE_LOOP('',(#490,#491,#492,#493));
#1730=EDGE_LOOP('',(#494,#495,#496,#497));
#1731=EDGE_LOOP('',(#498,#499,#500,#501));
#1732=EDGE_LOOP('',(#502,#503,#504,#505));
#1733=EDGE_LOOP('',(#506,#507,#508,#509,#510,#511));
#1734=EDGE_LOOP('',(#512,#513,#514,#515));
#1735=EDGE_LOOP('',(#516,#517,#518,#519,#520,#521));
#1736=EDGE_LOOP('',(#522,#523,#524,#525));
#1737=EDGE_LOOP('',(#526,#527,#528,#529,#530,#531));
#1738=EDGE_LOOP('',(#532,#533,#534,#535));
#1739=EDGE_LOOP('',(#536,#537,#538,#539,#540,#541));
#1740=EDGE_LOOP('',(#542,#543,#544,#545));
#1741=EDGE_LOOP('',(#546,#547,#548,#549));
#1742=EDGE_LOOP('',(#550,#551,#552,#553));
#1743=EDGE_LOOP('',(#554,#555,#556,#557));
#1744=EDGE_LOOP('',(#558,#559,#560,#561));
#1745=EDGE_LOOP('',(#562,#563,#564,#565));
#1746=EDGE_LOOP('',(#566,#567,#568,#569));
#1747=EDGE_LOOP('',(#570,#571,#572,#573));
#1748=EDGE_LOOP('',(#574,#575,#576,#577));
#1749=EDGE_LOOP('',(#578,#579,#580,#581));
#1750=EDGE_LOOP('',(#582,#583,#584,#585));
#1751=EDGE_LOOP('',(#586,#587,#588,#589));
#1752=EDGE_LOOP('',(#590,#591,#592,#593));
#1753=EDGE_LOOP('',(#594,#595,#596,#597));
#1754=EDGE_LOOP('',(#598,#599,#600,#601));
#1755=EDGE_LOOP('',(#602,#603,#604,#605));
#1756=EDGE_LOOP('',(#606,#607,#608,#609));
#1757=EDGE_LOOP('',(#610,#611,#612,#613));
#1758=EDGE_LOOP('',(#614,#615,#616,#617));
#1759=EDGE_LOOP('',(#618,#619,#620,#621));
#1760=EDGE_LOOP('',(#622,#623,#624,#625));
#1761=EDGE_LOOP('',(#626,#627,#628,#629));
#1762=EDGE_LOOP('',(#630,#631,#632,#633));
#1763=EDGE_LOOP('',(#634,#635,#636,#637));
#1764=EDGE_LOOP('',(#638,#639,#640,#641));
#1765=EDGE_LOOP('',(#642,#643,#644,#645));
#1766=EDGE_LOOP('',(#646,#647,#648,#649));
#1767=EDGE_LOOP('',(#650,#651,#652,#653));
#1768=EDGE_LOOP('',(#654,#655,#656,#657));
#1769=EDGE_LOOP('',(#658,#659,#660,#661));
#1770=FACE_BOUND('',#1607,.T.);
#1771=FACE_BOUND('',#1608,.T.);
#1772=FACE_BOUND('',#1609,.T.);
#1773=FACE_BOUND('',#1610,.T.);
#1774=FACE_BOUND('',#1611,.T.);
#1775=FACE_BOUND('',#1612,.T.);
#1776=FACE_BOUND('',#1613,.T.);
#1777=FACE_BOUND('',#1614,.T.);
#1778=FACE_BOUND('',#1615,.T.);
#1779=FACE_BOUND('',#1616,.T.);
#1780=FACE_BOUND('',#1617,.T.);
#1781=FACE_BOUND('',#1618,.T.);
#1782=FACE_BOUND('',#1619,.T.);
#1783=FACE_BOUND('',#1620,.T.);
#1784=FACE_BOUND('',#1621,.T.);
#1785=FACE_BOUND('',#1622,.T.);
#1786=FACE_BOUND('',#1623,.T.);
#1787=FACE_BOUND('',#1624,.T.);
#1788=FACE_BOUND('',#1625,.T.);
#1789=FACE_BOUND('',#1626,.T.);
#1790=FACE_BOUND('',#1627,.T.);
#1791=FACE_BOUND('',#1628,.T.);
#1792=FACE_BOUND('',#1629,.T.);
#1793=FACE_BOUND('',#1630,.T.);
#1794=FACE_BOUND('',#1631,.T.);
#1795=FACE_BOUND('',#1632,.T.);
#1796=FACE_BOUND('',#1633,.T.);
#1797=FACE_BOUND('',#1634,.T.);
#1798=FACE_BOUND('',#1635,.T.);
#1799=FACE_BOUND('',#1636,.T.);
#1800=FACE_BOUND('',#1637,.T.);
#1801=FACE_BOUND('',#1638,.T.);
#1802=FACE_BOUND('',#1639,.T.);
#1803=FACE_BOUND('',#1640,.T.);
#1804=FACE_BOUND('',#1641,.T.);
#1805=FACE_BOUND('',#1642,.T.);
#1806=FACE_BOUND('',#1643,.T.);
#1807=FACE_BOUND('',#1644,.T.);
#1808=FACE_BOUND('',#1645,.T.);
#1809=FACE_BOUND('',#1646,.T.);
#1810=FACE_BOUND('',#1647,.T.);
#1811=FACE_BOUND('',#1648,.T.);
#1812=FACE_BOUND('',#1649,.T.);
#1813=FACE_BOUND('',#1650,.T.);
#1814=FACE_BOUND('',#1651,.T.);
#1815=FACE_BOUND('',#1652,.T.);
#1816=FACE_BOUND('',#1653,.T.);
#1817=FACE_BOUND('',#1654,.T.);
#1818=FACE_BOUND('',#1655,.T.);
#1819=FACE_BOUND('',#1656,.T.);
#1820=FACE_BOUND('',#1657,.T.);
#1821=FACE_BOUND('',#1658,.T.);
#1822=FACE_BOUND('',#1659,.T.);
#1823=FACE_BOUND('',#1660,.T.);
#1824=FACE_BOUND('',#1661,.T.);
#1825=FACE_BOUND('',#1662,.T.);
#1826=FACE_BOUND('',#1663,.T.);
#1827=FACE_BOUND('',#1664,.T.);
#1828=FACE_BOUND('',#1665,.T.);
#1829=FACE_BOUND('',#1666,.T.);
#1830=FACE_BOUND('',#1667,.T.);
#1831=FACE_BOUND('',#1668,.T.);
#1832=FACE_BOUND('',#1669,.T.);
#1833=FACE_BOUND('',#1670,.T.);
#1834=FACE_BOUND('',#1671,.T.);
#1835=FACE_BOUND('',#1672,.T.);
#1836=FACE_BOUND('',#1673,.T.);
#1837=FACE_BOUND('',#1674,.T.);
#1838=FACE_BOUND('',#1675,.T.);
#1839=FACE_BOUND('',#1676,.T.);
#1840=FACE_BOUND('',#1677,.T.);
#1841=FACE_BOUND('',#1678,.T.);
#1842=FACE_BOUND('',#1679,.T.);
#1843=FACE_BOUND('',#1680,.T.);
#1844=FACE_BOUND('',#1681,.T.);
#1845=FACE_BOUND('',#1682,.T.);
#1846=FACE_BOUND('',#1683,.T.);
#1847=FACE_BOUND('',#1684,.T.);
#1848=FACE_BOUND('',#1685,.T.);
#1849=FACE_BOUND('',#1686,.T.);
#1850=FACE_BOUND('',#1687,.T.);
#1851=FACE_BOUND('',#1688,.T.);
#1852=FACE_BOUND('',#1689,.T.);
#1853=FACE_BOUND('',#1690,.T.);
#1854=FACE_BOUND('',#1691,.T.);
#1855=FACE_BOUND('',#1692,.T.);
#1856=FACE_BOUND('',#1693,.T.);
#1857=FACE_BOUND('',#1694,.T.);
#1858=FACE_BOUND('',#1695,.T.);
#1859=FACE_BOUND('',#1696,.T.);
#1860=FACE_BOUND('',#1697,.T.);
#1861=FACE_BOUND('',#1698,.T.);
#1862=FACE_BOUND('',#1699,.T.);
#1863=FACE_BOUND('',#1700,.T.);
#1864=FACE_BOUND('',#1701,.T.);
#1865=FACE_BOUND('',#1702,.T.);
#1866=FACE_BOUND('',#1703,.T.);
#1867=FACE_BOUND('',#1704,.T.);
#1868=FACE_BOUND('',#1705,.T.);
#1869=FACE_BOUND('',#1706,.T.);
#1870=FACE_BOUND('',#1707,.T.);
#1871=FACE_BOUND('',#1708,.T.);
#1872=FACE_BOUND('',#1709,.T.);
#1873=FACE_BOUND('',#1710,.T.);
#1874=FACE_BOUND('',#1711,.T.);
#1875=FACE_BOUND('',#1712,.T.);
#1876=FACE_BOUND('',#1713,.T.);
#1877=FACE_BOUND('',#1714,.T.);
#1878=FACE_BOUND('',#1715,.T.);
#1879=FACE_BOUND('',#1716,.T.);
#1880=FACE_BOUND('',#1717,.T.);
#1881=FACE_BOUND('',#1718,.T.);
#1882=FACE_BOUND('',#1719,.T.);
#1883=FACE_BOUND('',#1720,.T.);
#1884=FACE_BOUND('',#1721,.T.);
#1885=FACE_BOUND('',#1722,.T.);
#1886=FACE_BOUND('',#1723,.T.);
#1887=FACE_BOUND('',#1724,.T.);
#1888=FACE_BOUND('',#1725,.T.);
#1889=FACE_BOUND('',#1726,.T.);
#1890=FACE_BOUND('',#1727,.T.);
#1891=FACE_BOUND('',#1728,.T.);
#1892=FACE_BOUND('',#1729,.T.);
#1893=FACE_BOUND('',#1730,.T.);
#1894=FACE_BOUND('',#1731,.T.);
#1895=FACE_BOUND('',#1732,.T.);
#1896=FACE_BOUND('',#1733,.T.);
#1897=FACE_BOUND('',#1734,.T.);
#1898=FACE_BOUND('',#1735,.T.);
#1899=FACE_BOUND('',#1736,.T.);
#1900=FACE_BOUND('',#1737,.T.);
#1901=FACE_BOUND('',#1738,.T.);
#1902=FACE_BOUND('',#1739,.T.);
#1903=FACE_BOUND('',#1740,.T.);
#1904=FACE_BOUND('',#1741,.T.);
#1905=FACE_BOUND('',#1742,.T.);
#1906=FACE_BOUND('',#1743,.T.);
#1907=FACE_BOUND('',#1744,.T.);
#1908=FACE_BOUND('',#1745,.T.);
#1909=FACE_BOUND('',#1746,.T.);
#1910=FACE_BOUND('',#1747,.T.);
#1911=FACE_BOUND('',#1748,.T.);
#1912=FACE_BOUND('',#1749,.T.);
#1913=FACE_BOUND('',#1750,.T.);
#1914=FACE_BOUND('',#1751,.T.);
#1915=FACE_BOUND('',#1752,.T.);
#1916=FACE_BOUND('',#1753,.T.);
#1917=FACE_BOUND('',#1754,.T.);
#1918=FACE_BOUND('',#1755,.T.);
#1919=FACE_BOUND('',#1756,.T.);
#1920=FACE_BOUND('',#1757,.T.);
#1921=FACE_BOUND('',#1758,.T.);
#1922=FACE_BOUND('',#1759,.T.);
#1923=FACE_BOUND('',#1760,.T.);
#1924=FACE_BOUND('',#1761,.T.);
#1925=FACE_BOUND('',#1762,.T.);
#1926=FACE_BOUND('',#1763,.T.);
#1927=FACE_BOUND('',#1764,.T.);
#1928=FACE_BOUND('',#1765,.T.);
#1929=FACE_BOUND('',#1766,.T.);
#1930=FACE_BOUND('',#1767,.T.);
#1931=FACE_BOUND('',#1768,.T.);
#1932=FACE_BOUND('',#1769,.T.);
#1933=PLANE('',#2157);
#1934=PLANE('',#2158);
#1935=PLANE('',#2159);
#1936=PLANE('',#2160);
#1937=PLANE('',#2161);
#1938=PLANE('',#2162);
#1939=PLANE('',#2175);
#1940=PLANE('',#2176);
#1941=PLANE('',#2177);
#1942=PLANE('',#2186);
#1943=PLANE('',#2200);
#1944=PLANE('',#2202);
#1945=PLANE('',#2203);
#1946=PLANE('',#2204);
#1947=PLANE('',#2205);
#1948=PLANE('',#2206);
#1949=PLANE('',#2210);
#1950=PLANE('',#2211);
#1951=PLANE('',#2212);
#1952=PLANE('',#2213);
#1953=PLANE('',#2214);
#1954=PLANE('',#2218);
#1955=PLANE('',#2219);
#1956=PLANE('',#2220);
#1957=PLANE('',#2224);
#1958=PLANE('',#2225);
#1959=PLANE('',#2226);
#1960=PLANE('',#2227);
#1961=PLANE('',#2228);
#1962=PLANE('',#2231);
#1963=PLANE('',#2232);
#1964=PLANE('',#2233);
#1965=PLANE('',#2234);
#1966=PLANE('',#2235);
#1967=PLANE('',#2240);
#1968=PLANE('',#2241);
#1969=PLANE('',#2242);
#1970=PLANE('',#2243);
#1971=PLANE('',#2244);
#1972=PLANE('',#2245);
#1973=PLANE('',#2254);
#1974=PLANE('',#2259);
#1975=PLANE('',#2260);
#1976=PLANE('',#2265);
#1977=PLANE('',#2268);
#1978=PLANE('',#2271);
#1979=PLANE('',#2274);
#1980=PLANE('',#2277);
#1981=PLANE('',#2278);
#1982=PLANE('',#2279);
#1983=PLANE('',#2280);
#1984=PLANE('',#2281);
#1985=PLANE('',#2282);
#1986=PLANE('',#2283);
#1987=PLANE('',#2284);
#1988=PLANE('',#2285);
#1989=PLANE('',#2286);
#1990=PLANE('',#2287);
#1991=PLANE('',#2288);
#1992=PLANE('',#2289);
#1993=PLANE('',#2290);
#1994=PLANE('',#2291);
#1995=PLANE('',#2292);
#1996=PLANE('',#2293);
#1997=PLANE('',#2294);
#1998=PLANE('',#2295);
#1999=PLANE('',#2296);
#2000=PLANE('',#2297);
#2001=PLANE('',#2298);
#2002=PLANE('',#2299);
#2003=PLANE('',#2300);
#2004=PLANE('',#2301);
#2005=PLANE('',#2302);
#2006=PLANE('',#2303);
#2007=PLANE('',#2304);
#2008=PLANE('',#2305);
#2009=PLANE('',#2306);
#2010=PLANE('',#2307);
#2011=PLANE('',#2308);
#2012=PLANE('',#2309);
#2013=PLANE('',#2310);
#2014=PLANE('',#2311);
#2015=PLANE('',#2320);
#2016=PLANE('',#2321);
#2017=PLANE('',#2322);
#2018=PLANE('',#2323);
#2019=ADVANCED_FACE('',(#1770),#1933,.T.);
#2020=ADVANCED_FACE('',(#1771),#1934,.F.);
#2021=ADVANCED_FACE('',(#1772),#1935,.F.);
#2022=ADVANCED_FACE('',(#1773),#1936,.T.);
#2023=ADVANCED_FACE('',(#1774),#1937,.F.);
#2024=ADVANCED_FACE('',(#1775),#1938,.F.);
#2025=ADVANCED_FACE('',(#1776,#1777),#70,.F.);
#2026=ADVANCED_FACE('',(#1778,#1779),#71,.F.);
#2027=ADVANCED_FACE('',(#1780,#1781),#72,.F.);
#2028=ADVANCED_FACE('',(#1782,#1783),#73,.F.);
#2029=ADVANCED_FACE('',(#1784),#1939,.T.);
#2030=ADVANCED_FACE('',(#1785),#1940,.T.);
#2031=ADVANCED_FACE('',(#1786,#1787,#1788,#1789,#1790,#1791),#1941,.T.);
#2032=ADVANCED_FACE('',(#1792,#1793,#1794,#1795,#1796,#1797),#1942,.F.);
#2033=ADVANCED_FACE('',(#1798),#74,.T.);
#2034=ADVANCED_FACE('',(#1799),#75,.T.);
#2035=ADVANCED_FACE('',(#1800),#76,.T.);
#2036=ADVANCED_FACE('',(#1801),#77,.T.);
#2037=ADVANCED_FACE('',(#1802,#1803),#14,.F.);
#2038=ADVANCED_FACE('',(#1804,#1805),#15,.F.);
#2039=ADVANCED_FACE('',(#1806,#1807),#16,.F.);
#2040=ADVANCED_FACE('',(#1808,#1809),#17,.F.);
#2041=ADVANCED_FACE('',(#1810,#1811),#1943,.T.);
#2042=ADVANCED_FACE('',(#1812,#1813,#1814,#1815,#1816),#1944,.T.);
#2043=ADVANCED_FACE('',(#1817,#1818,#1819,#1820,#1821,#1822,#1823),#1945,
 .T.);
#2044=ADVANCED_FACE('',(#1824),#1946,.F.);
#2045=ADVANCED_FACE('',(#1825),#1947,.F.);
#2046=ADVANCED_FACE('',(#1826),#1948,.T.);
#2047=ADVANCED_FACE('',(#1827,#1828),#78,.F.);
#2048=ADVANCED_FACE('',(#1829,#1830),#1949,.T.);
#2049=ADVANCED_FACE('',(#1831),#1950,.F.);
#2050=ADVANCED_FACE('',(#1832),#1951,.T.);
#2051=ADVANCED_FACE('',(#1833),#1952,.T.);
#2052=ADVANCED_FACE('',(#1834),#1953,.F.);
#2053=ADVANCED_FACE('',(#1835,#1836),#79,.F.);
#2054=ADVANCED_FACE('',(#1837,#1838),#1954,.T.);
#2055=ADVANCED_FACE('',(#1839),#1955,.F.);
#2056=ADVANCED_FACE('',(#1840),#1956,.T.);
#2057=ADVANCED_FACE('',(#1841,#1842),#80,.F.);
#2058=ADVANCED_FACE('',(#1843),#1957,.F.);
#2059=ADVANCED_FACE('',(#1844,#1845),#1958,.T.);
#2060=ADVANCED_FACE('',(#1846),#1959,.F.);
#2061=ADVANCED_FACE('',(#1847),#1960,.F.);
#2062=ADVANCED_FACE('',(#1848),#1961,.T.);
#2063=ADVANCED_FACE('',(#1849,#1850),#81,.F.);
#2064=ADVANCED_FACE('',(#1851),#1962,.F.);
#2065=ADVANCED_FACE('',(#1852),#1963,.F.);
#2066=ADVANCED_FACE('',(#1853),#1964,.T.);
#2067=ADVANCED_FACE('',(#1854),#1965,.F.);
#2068=ADVANCED_FACE('',(#1855,#1856),#1966,.F.);
#2069=ADVANCED_FACE('',(#1857),#1967,.T.);
#2070=ADVANCED_FACE('',(#1858),#1968,.F.);
#2071=ADVANCED_FACE('',(#1859),#1969,.F.);
#2072=ADVANCED_FACE('',(#1860,#1861),#1970,.T.);
#2073=ADVANCED_FACE('',(#1862),#1971,.T.);
#2074=ADVANCED_FACE('',(#1863,#1864,#1865,#1866,#1867,#1868),#1972,.F.);
#2075=ADVANCED_FACE('',(#1869),#1973,.T.);
#2076=ADVANCED_FACE('',(#1870),#1974,.F.);
#2077=ADVANCED_FACE('',(#1871,#1872),#1975,.F.);
#2078=ADVANCED_FACE('',(#1873,#1874),#1976,.T.);
#2079=ADVANCED_FACE('',(#1875,#1876),#82,.F.);
#2080=ADVANCED_FACE('',(#1877),#1977,.T.);
#2081=ADVANCED_FACE('',(#1878,#1879),#83,.F.);
#2082=ADVANCED_FACE('',(#1880),#1978,.T.);
#2083=ADVANCED_FACE('',(#1881,#1882),#84,.F.);
#2084=ADVANCED_FACE('',(#1883),#1979,.T.);
#2085=ADVANCED_FACE('',(#1884,#1885),#85,.F.);
#2086=ADVANCED_FACE('',(#1886),#1980,.T.);
#2087=ADVANCED_FACE('',(#1887),#1981,.F.);
#2088=ADVANCED_FACE('',(#1888),#1982,.T.);
#2089=ADVANCED_FACE('',(#1889),#1983,.T.);
#2090=ADVANCED_FACE('',(#1890),#1984,.F.);
#2091=ADVANCED_FACE('',(#1891),#1985,.F.);
#2092=ADVANCED_FACE('',(#1892),#1986,.T.);
#2093=ADVANCED_FACE('',(#1893),#1987,.T.);
#2094=ADVANCED_FACE('',(#1894),#1988,.F.);
#2095=ADVANCED_FACE('',(#1895),#1989,.F.);
#2096=ADVANCED_FACE('',(#1896),#1990,.T.);
#2097=ADVANCED_FACE('',(#1897),#1991,.T.);
#2098=ADVANCED_FACE('',(#1898),#1992,.F.);
#2099=ADVANCED_FACE('',(#1899),#1993,.T.);
#2100=ADVANCED_FACE('',(#1900),#1994,.F.);
#2101=ADVANCED_FACE('',(#1901),#1995,.F.);
#2102=ADVANCED_FACE('',(#1902),#1996,.T.);
#2103=ADVANCED_FACE('',(#1903),#1997,.T.);
#2104=ADVANCED_FACE('',(#1904),#1998,.T.);
#2105=ADVANCED_FACE('',(#1905),#1999,.F.);
#2106=ADVANCED_FACE('',(#1906),#2000,.T.);
#2107=ADVANCED_FACE('',(#1907),#2001,.T.);
#2108=ADVANCED_FACE('',(#1908),#2002,.F.);
#2109=ADVANCED_FACE('',(#1909),#2003,.F.);
#2110=ADVANCED_FACE('',(#1910),#2004,.F.);
#2111=ADVANCED_FACE('',(#1911),#2005,.T.);
#2112=ADVANCED_FACE('',(#1912),#2006,.T.);
#2113=ADVANCED_FACE('',(#1913),#2007,.F.);
#2114=ADVANCED_FACE('',(#1914),#2008,.T.);
#2115=ADVANCED_FACE('',(#1915),#2009,.T.);
#2116=ADVANCED_FACE('',(#1916),#2010,.F.);
#2117=ADVANCED_FACE('',(#1917),#2011,.T.);
#2118=ADVANCED_FACE('',(#1918),#2012,.F.);
#2119=ADVANCED_FACE('',(#1919),#2013,.F.);
#2120=ADVANCED_FACE('',(#1920),#2014,.T.);
#2121=ADVANCED_FACE('',(#1921),#86,.F.);
#2122=ADVANCED_FACE('',(#1922),#87,.F.);
#2123=ADVANCED_FACE('',(#1923),#88,.F.);
#2124=ADVANCED_FACE('',(#1924),#89,.F.);
#2125=ADVANCED_FACE('',(#1925),#90,.T.);
#2126=ADVANCED_FACE('',(#1926),#91,.T.);
#2127=ADVANCED_FACE('',(#1927),#92,.T.);
#2128=ADVANCED_FACE('',(#1928),#93,.T.);
#2129=ADVANCED_FACE('',(#1929),#2015,.F.);
#2130=ADVANCED_FACE('',(#1930),#2016,.F.);
#2131=ADVANCED_FACE('',(#1931),#2017,.T.);
#2132=ADVANCED_FACE('',(#1932),#2018,.T.);
#2133=CLOSED_SHELL('',(#2019,#2020,#2021,#2022,#2023,#2024,#2025,#2026,
#2027,#2028,#2029,#2030,#2031,#2032,#2033,#2034,#2035,#2036,#2037,#2038,
#2039,#2040));
#2134=CLOSED_SHELL('',(#2041,#2042,#2043,#2044,#2045,#2046,#2047,#2048,
#2049,#2050,#2051,#2052,#2053,#2054,#2055,#2056,#2057,#2058,#2059,#2060,
#2061,#2062,#2063,#2064,#2065,#2066,#2067,#2068,#2069,#2070,#2071,#2072,
#2073,#2074,#2075,#2076,#2077,#2078,#2079,#2080,#2081,#2082,#2083,#2084,
#2085,#2086,#2087,#2088,#2089,#2090,#2091,#2092,#2093,#2094,#2095,#2096,
#2097,#2098,#2099,#2100,#2101,#2102,#2103,#2104,#2105,#2106,#2107,#2108,
#2109,#2110,#2111,#2112,#2113,#2114,#2115,#2116,#2117,#2118,#2119,#2120,
#2121,#2122,#2123,#2124,#2125,#2126,#2127,#2128,#2129,#2130,#2131,#2132));
#2135=STYLED_ITEM('',(#2137),#2150);
#2136=STYLED_ITEM('',(#2138),#2151);
#2137=PRESENTATION_STYLE_ASSIGNMENT((#2139));
#2138=PRESENTATION_STYLE_ASSIGNMENT((#2140));
#2139=SURFACE_STYLE_USAGE(.BOTH.,#2141);
#2140=SURFACE_STYLE_USAGE(.BOTH.,#2142);
#2141=SURFACE_SIDE_STYLE('',(#2143));
#2142=SURFACE_SIDE_STYLE('',(#2144));
#2143=SURFACE_STYLE_FILL_AREA(#2145);
#2144=SURFACE_STYLE_FILL_AREA(#2146);
#2145=FILL_AREA_STYLE('',(#2147));
#2146=FILL_AREA_STYLE('',(#2148));
#2147=FILL_AREA_STYLE_COLOUR('',#2149);
#2148=FILL_AREA_STYLE_COLOUR('',#2149);
#2149=DRAUGHTING_PRE_DEFINED_COLOUR('black');
#2150=MANIFOLD_SOLID_BREP('Part 2',#2133);
#2151=MANIFOLD_SOLID_BREP('Part 1',#2134);
#2152=SHAPE_DEFINITION_REPRESENTATION(#3501,#2154);
#2153=SHAPE_DEFINITION_REPRESENTATION(#3502,#2155);
#2154=SHAPE_REPRESENTATION('Part 2',(#2156),#3491);
#2155=SHAPE_REPRESENTATION('Part 1',(#2199),#3492);
#2156=AXIS2_PLACEMENT_3D('',#2892,#2324,#2325);
#2157=AXIS2_PLACEMENT_3D('',#2893,#2326,#2327);
#2158=AXIS2_PLACEMENT_3D('',#2902,#2332,#2333);
#2159=AXIS2_PLACEMENT_3D('',#2911,#2338,#2339);
#2160=AXIS2_PLACEMENT_3D('',#2920,#2344,#2345);
#2161=AXIS2_PLACEMENT_3D('',#2929,#2350,#2351);
#2162=AXIS2_PLACEMENT_3D('',#2935,#2355,#2356);
#2163=AXIS2_PLACEMENT_3D('',#2941,#2360,#2361);
#2164=AXIS2_PLACEMENT_3D('',#2942,#2362,#2363);
#2165=AXIS2_PLACEMENT_3D('',#2944,#2364,#2365);
#2166=AXIS2_PLACEMENT_3D('',#2946,#2366,#2367);
#2167=AXIS2_PLACEMENT_3D('',#2947,#2368,#2369);
#2168=AXIS2_PLACEMENT_3D('',#2949,#2370,#2371);
#2169=AXIS2_PLACEMENT_3D('',#2951,#2372,#2373);
#2170=AXIS2_PLACEMENT_3D('',#2952,#2374,#2375);
#2171=AXIS2_PLACEMENT_3D('',#2954,#2376,#2377);
#2172=AXIS2_PLACEMENT_3D('',#2956,#2378,#2379);
#2173=AXIS2_PLACEMENT_3D('',#2957,#2380,#2381);
#2174=AXIS2_PLACEMENT_3D('',#2959,#2382,#2383);
#2175=AXIS2_PLACEMENT_3D('',#2961,#2384,#2385);
#2176=AXIS2_PLACEMENT_3D('',#2964,#2388,#2389);
#2177=AXIS2_PLACEMENT_3D('',#2973,#2394,#2395);
#2178=AXIS2_PLACEMENT_3D('',#2974,#2396,#2397);
#2179=AXIS2_PLACEMENT_3D('',#2976,#2398,#2399);
#2180=AXIS2_PLACEMENT_3D('',#2978,#2400,#2401);
#2181=AXIS2_PLACEMENT_3D('',#2980,#2402,#2403);
#2182=AXIS2_PLACEMENT_3D('',#2982,#2404,#2405);
#2183=AXIS2_PLACEMENT_3D('',#2983,#2406,#2407);
#2184=AXIS2_PLACEMENT_3D('',#2984,#2408,#2409);
#2185=AXIS2_PLACEMENT_3D('',#2985,#2410,#2411);
#2186=AXIS2_PLACEMENT_3D('',#2986,#2412,#2413);
#2187=AXIS2_PLACEMENT_3D('',#2987,#2414,#2415);
#2188=AXIS2_PLACEMENT_3D('',#2988,#2416,#2417);
#2189=AXIS2_PLACEMENT_3D('',#2989,#2418,#2419);
#2190=AXIS2_PLACEMENT_3D('',#2990,#2420,#2421);
#2191=AXIS2_PLACEMENT_3D('',#2991,#2422,#2423);
#2192=AXIS2_PLACEMENT_3D('',#2992,#2424,#2425);
#2193=AXIS2_PLACEMENT_3D('',#2993,#2426,#2427);
#2194=AXIS2_PLACEMENT_3D('',#2994,#2428,#2429);
#2195=AXIS2_PLACEMENT_3D('',#2995,#2430,#2431);
#2196=AXIS2_PLACEMENT_3D('',#2996,#2432,#2433);
#2197=AXIS2_PLACEMENT_3D('',#2997,#2434,#2435);
#2198=AXIS2_PLACEMENT_3D('',#2998,#2436,#2437);
#2199=AXIS2_PLACEMENT_3D('',#2999,#2438,#2439);
#2200=AXIS2_PLACEMENT_3D('',#3000,#2440,#2441);
#2201=AXIS2_PLACEMENT_3D('',#3025,#2454,#2455);
#2202=AXIS2_PLACEMENT_3D('',#3027,#2456,#2457);
#2203=AXIS2_PLACEMENT_3D('',#3083,#2487,#2488);
#2204=AXIS2_PLACEMENT_3D('',#3140,#2517,#2518);
#2205=AXIS2_PLACEMENT_3D('',#3174,#2536,#2537);
#2206=AXIS2_PLACEMENT_3D('',#3180,#2541,#2542);
#2207=AXIS2_PLACEMENT_3D('',#3184,#2545,#2546);
#2208=AXIS2_PLACEMENT_3D('',#3185,#2547,#2548);
#2209=AXIS2_PLACEMENT_3D('',#3187,#2549,#2550);
#2210=AXIS2_PLACEMENT_3D('',#3189,#2551,#2552);
#2211=AXIS2_PLACEMENT_3D('',#3193,#2555,#2556);
#2212=AXIS2_PLACEMENT_3D('',#3194,#2557,#2558);
#2213=AXIS2_PLACEMENT_3D('',#3200,#2562,#2563);
#2214=AXIS2_PLACEMENT_3D('',#3204,#2566,#2567);
#2215=AXIS2_PLACEMENT_3D('',#3206,#2569,#2570);
#2216=AXIS2_PLACEMENT_3D('',#3207,#2571,#2572);
#2217=AXIS2_PLACEMENT_3D('',#3209,#2573,#2574);
#2218=AXIS2_PLACEMENT_3D('',#3211,#2575,#2576);
#2219=AXIS2_PLACEMENT_3D('',#3213,#2578,#2579);
#2220=AXIS2_PLACEMENT_3D('',#3214,#2580,#2581);
#2221=AXIS2_PLACEMENT_3D('',#3220,#2585,#2586);
#2222=AXIS2_PLACEMENT_3D('',#3221,#2587,#2588);
#2223=AXIS2_PLACEMENT_3D('',#3223,#2589,#2590);
#2224=AXIS2_PLACEMENT_3D('',#3225,#2591,#2592);
#2225=AXIS2_PLACEMENT_3D('',#3229,#2595,#2596);
#2226=AXIS2_PLACEMENT_3D('',#3233,#2599,#2600);
#2227=AXIS2_PLACEMENT_3D('',#3234,#2601,#2602);
#2228=AXIS2_PLACEMENT_3D('',#3237,#2605,#2606);
#2229=AXIS2_PLACEMENT_3D('',#3238,#2607,#2608);
#2230=AXIS2_PLACEMENT_3D('',#3239,#2609,#2610);
#2231=AXIS2_PLACEMENT_3D('',#3241,#2611,#2612);
#2232=AXIS2_PLACEMENT_3D('',#3242,#2613,#2614);
#2233=AXIS2_PLACEMENT_3D('',#3246,#2617,#2618);
#2234=AXIS2_PLACEMENT_3D('',#3252,#2622,#2623);
#2235=AXIS2_PLACEMENT_3D('',#3256,#2626,#2627);
#2236=AXIS2_PLACEMENT_3D('',#3260,#2629,#2630);
#2237=AXIS2_PLACEMENT_3D('',#3264,#2632,#2633);
#2238=AXIS2_PLACEMENT_3D('',#3268,#2635,#2636);
#2239=AXIS2_PLACEMENT_3D('',#3272,#2638,#2639);
#2240=AXIS2_PLACEMENT_3D('',#3274,#2641,#2642);
#2241=AXIS2_PLACEMENT_3D('',#3278,#2645,#2646);
#2242=AXIS2_PLACEMENT_3D('',#3282,#2649,#2650);
#2243=AXIS2_PLACEMENT_3D('',#3286,#2653,#2654);
#2244=AXIS2_PLACEMENT_3D('',#3298,#2661,#2662);
#2245=AXIS2_PLACEMENT_3D('',#3300,#2664,#2665);
#2246=AXIS2_PLACEMENT_3D('',#3301,#2666,#2667);
#2247=AXIS2_PLACEMENT_3D('',#3303,#2668,#2669);
#2248=AXIS2_PLACEMENT_3D('',#3305,#2670,#2671);
#2249=AXIS2_PLACEMENT_3D('',#3307,#2672,#2673);
#2250=AXIS2_PLACEMENT_3D('',#3312,#2675,#2676);
#2251=AXIS2_PLACEMENT_3D('',#3316,#2678,#2679);
#2252=AXIS2_PLACEMENT_3D('',#3317,#2680,#2681);
#2253=AXIS2_PLACEMENT_3D('',#3321,#2683,#2684);
#2254=AXIS2_PLACEMENT_3D('',#3322,#2685,#2686);
#2255=AXIS2_PLACEMENT_3D('',#3326,#2688,#2689);
#2256=AXIS2_PLACEMENT_3D('',#3330,#2691,#2692);
#2257=AXIS2_PLACEMENT_3D('',#3334,#2694,#2695);
#2258=AXIS2_PLACEMENT_3D('',#3335,#2696,#2697);
#2259=AXIS2_PLACEMENT_3D('',#3336,#2698,#2699);
#2260=AXIS2_PLACEMENT_3D('',#3339,#2702,#2703);
#2261=AXIS2_PLACEMENT_3D('',#3343,#2705,#2706);
#2262=AXIS2_PLACEMENT_3D('',#3347,#2708,#2709);
#2263=AXIS2_PLACEMENT_3D('',#3351,#2711,#2712);
#2264=AXIS2_PLACEMENT_3D('',#3355,#2714,#2715);
#2265=AXIS2_PLACEMENT_3D('',#3358,#2718,#2719);
#2266=AXIS2_PLACEMENT_3D('',#3369,#2726,#2727);
#2267=AXIS2_PLACEMENT_3D('',#3370,#2728,#2729);
#2268=AXIS2_PLACEMENT_3D('',#3372,#2730,#2731);
#2269=AXIS2_PLACEMENT_3D('',#3373,#2732,#2733);
#2270=AXIS2_PLACEMENT_3D('',#3374,#2734,#2735);
#2271=AXIS2_PLACEMENT_3D('',#3376,#2736,#2737);
#2272=AXIS2_PLACEMENT_3D('',#3377,#2738,#2739);
#2273=AXIS2_PLACEMENT_3D('',#3378,#2740,#2741);
#2274=AXIS2_PLACEMENT_3D('',#3380,#2742,#2743);
#2275=AXIS2_PLACEMENT_3D('',#3381,#2744,#2745);
#2276=AXIS2_PLACEMENT_3D('',#3382,#2746,#2747);
#2277=AXIS2_PLACEMENT_3D('',#3384,#2748,#2749);
#2278=AXIS2_PLACEMENT_3D('',#3385,#2750,#2751);
#2279=AXIS2_PLACEMENT_3D('',#3391,#2755,#2756);
#2280=AXIS2_PLACEMENT_3D('',#3395,#2759,#2760);
#2281=AXIS2_PLACEMENT_3D('',#3399,#2763,#2764);
#2282=AXIS2_PLACEMENT_3D('',#3401,#2766,#2767);
#2283=AXIS2_PLACEMENT_3D('',#3404,#2770,#2771);
#2284=AXIS2_PLACEMENT_3D('',#3407,#2774,#2775);
#2285=AXIS2_PLACEMENT_3D('',#3410,#2778,#2779);
#2286=AXIS2_PLACEMENT_3D('',#3413,#2782,#2783);
#2287=AXIS2_PLACEMENT_3D('',#3416,#2786,#2787);
#2288=AXIS2_PLACEMENT_3D('',#3420,#2790,#2791);
#2289=AXIS2_PLACEMENT_3D('',#3424,#2794,#2795);
#2290=AXIS2_PLACEMENT_3D('',#3426,#2797,#2798);
#2291=AXIS2_PLACEMENT_3D('',#3427,#2799,#2800);
#2292=AXIS2_PLACEMENT_3D('',#3432,#2804,#2805);
#2293=AXIS2_PLACEMENT_3D('',#3434,#2807,#2808);
#2294=AXIS2_PLACEMENT_3D('',#3438,#2811,#2812);
#2295=AXIS2_PLACEMENT_3D('',#3440,#2814,#2815);
#2296=AXIS2_PLACEMENT_3D('',#3441,#2816,#2817);
#2297=AXIS2_PLACEMENT_3D('',#3444,#2820,#2821);
#2298=AXIS2_PLACEMENT_3D('',#3446,#2823,#2824);
#2299=AXIS2_PLACEMENT_3D('',#3448,#2826,#2827);
#2300=AXIS2_PLACEMENT_3D('',#3449,#2828,#2829);
#2301=AXIS2_PLACEMENT_3D('',#3452,#2832,#2833);
#2302=AXIS2_PLACEMENT_3D('',#3454,#2835,#2836);
#2303=AXIS2_PLACEMENT_3D('',#3456,#2838,#2839);
#2304=AXIS2_PLACEMENT_3D('',#3457,#2840,#2841);
#2305=AXIS2_PLACEMENT_3D('',#3460,#2844,#2845);
#2306=AXIS2_PLACEMENT_3D('',#3462,#2847,#2848);
#2307=AXIS2_PLACEMENT_3D('',#3464,#2850,#2851);
#2308=AXIS2_PLACEMENT_3D('',#3465,#2852,#2853);
#2309=AXIS2_PLACEMENT_3D('',#3468,#2856,#2857);
#2310=AXIS2_PLACEMENT_3D('',#3470,#2859,#2860);
#2311=AXIS2_PLACEMENT_3D('',#3472,#2862,#2863);
#2312=AXIS2_PLACEMENT_3D('',#3473,#2864,#2865);
#2313=AXIS2_PLACEMENT_3D('',#3474,#2866,#2867);
#2314=AXIS2_PLACEMENT_3D('',#3475,#2868,#2869);
#2315=AXIS2_PLACEMENT_3D('',#3476,#2870,#2871);
#2316=AXIS2_PLACEMENT_3D('',#3477,#2872,#2873);
#2317=AXIS2_PLACEMENT_3D('',#3478,#2874,#2875);
#2318=AXIS2_PLACEMENT_3D('',#3479,#2876,#2877);
#2319=AXIS2_PLACEMENT_3D('',#3480,#2878,#2879);
#2320=AXIS2_PLACEMENT_3D('',#3481,#2880,#2881);
#2321=AXIS2_PLACEMENT_3D('',#3484,#2884,#2885);
#2322=AXIS2_PLACEMENT_3D('',#3486,#2887,#2888);
#2323=AXIS2_PLACEMENT_3D('',#3488,#2890,#2891);
#2324=DIRECTION('',(0.,0.,1.));
#2325=DIRECTION('',(1.,0.,0.));
#2326=DIRECTION('',(-1.,1.14422480970488E-15,5.01294081904639E-30));
#2327=DIRECTION('',(-1.14422480970488E-15,-1.,0.));
#2328=DIRECTION('',(1.14422480970488E-15,1.,2.98372437868011E-16));
#2329=DIRECTION('',(-4.67153567310568E-30,2.98372437868011E-16,-1.));
#2330=DIRECTION('',(1.14422480970488E-15,1.,2.98372437868011E-16));
#2331=DIRECTION('',(-4.67153567310568E-30,2.98372437868011E-16,-1.));
#2332=DIRECTION('',(1.02931858392839E-15,1.,2.98372437868011E-16));
#2333=DIRECTION('',(-1.,1.02931858392839E-15,0.));
#2334=DIRECTION('',(1.,-1.02931858392839E-15,-4.97865596833524E-30));
#2335=DIRECTION('',(-4.67153567310568E-30,2.98372437868011E-16,-1.));
#2336=DIRECTION('',(1.,-1.02931858392839E-15,-4.97865596833524E-30));
#2337=DIRECTION('',(-4.67153567310568E-30,2.98372437868011E-16,-1.));
#2338=DIRECTION('',(-1.,1.14422480970488E-15,5.01294081904639E-30));
#2339=DIRECTION('',(-1.14422480970488E-15,-1.,0.));
#2340=DIRECTION('',(1.14422480970488E-15,1.,2.98372437868011E-16));
#2341=DIRECTION('',(-4.67153567310568E-30,2.98372437868011E-16,-1.));
#2342=DIRECTION('',(1.14422480970488E-15,1.,2.98372437868011E-16));
#2343=DIRECTION('',(-4.67153567310568E-30,2.98372437868011E-16,-1.));
#2344=DIRECTION('',(1.,1.24038101035707E-45,-4.67153567310568E-30));
#2345=DIRECTION('',(-4.67153567310568E-30,0.,-1.));
#2346=DIRECTION('',(-1.53476477014849E-46,-1.,-2.98372437868011E-16));
#2347=DIRECTION('',(-4.67153567310568E-30,2.98372437868011E-16,-1.));
#2348=DIRECTION('',(-1.53476477014849E-46,-1.,-2.98372437868011E-16));
#2349=DIRECTION('',(-4.67153567310568E-30,2.98372437868011E-16,-1.));
#2350=DIRECTION('',(-3.61636164373015E-16,1.,2.98372437868011E-16));
#2351=DIRECTION('',(-1.,-3.61636164373015E-16,0.));
#2352=DIRECTION('',(1.,3.61636164373015E-16,-4.56363340912047E-30));
#2353=DIRECTION('',(-4.67153567310568E-30,2.98372437868011E-16,-1.));
#2354=DIRECTION('',(1.,3.61636164373015E-16,-4.56363340912047E-30));
#2355=DIRECTION('',(1.,3.09772049281573E-16,-4.57910823157817E-30));
#2356=DIRECTION('',(-3.09772049281573E-16,1.,0.));
#2357=DIRECTION('',(3.09772049281573E-16,-1.,-2.98372437868011E-16));
#2358=DIRECTION('',(-4.67153567310568E-30,2.98372437868011E-16,-1.));
#2359=DIRECTION('',(3.09772049281573E-16,-1.,-2.98372437868011E-16));
#2360=DIRECTION('',(-4.67153567310568E-30,2.98372437868011E-16,-1.));
#2361=DIRECTION('',(0.,1.,2.98372437868011E-16));
#2362=DIRECTION('',(0.,0.,1.));
#2363=DIRECTION('',(1.,0.,0.));
#2364=DIRECTION('',(4.67153567310568E-30,-2.98372437868011E-16,1.));
#2365=DIRECTION('',(0.,-1.,-2.98372437868011E-16));
#2366=DIRECTION('',(-4.67153567310568E-30,2.98372437868011E-16,-1.));
#2367=DIRECTION('',(0.,1.,2.98372437868011E-16));
#2368=DIRECTION('',(0.,0.,1.));
#2369=DIRECTION('',(1.,0.,0.));
#2370=DIRECTION('',(4.67153567310568E-30,-2.98372437868011E-16,1.));
#2371=DIRECTION('',(0.,-1.,-2.98372437868011E-16));
#2372=DIRECTION('',(-4.67153567310568E-30,2.98372437868011E-16,-1.));
#2373=DIRECTION('',(0.,1.,2.98372437868011E-16));
#2374=DIRECTION('',(0.,0.,1.));
#2375=DIRECTION('',(1.,0.,0.));
#2376=DIRECTION('',(4.67153567310568E-30,-2.98372437868011E-16,1.));
#2377=DIRECTION('',(0.,-1.,-2.98372437868011E-16));
#2378=DIRECTION('',(-4.67153567310568E-30,2.98372437868011E-16,-1.));
#2379=DIRECTION('',(0.,1.,2.98372437868011E-16));
#2380=DIRECTION('',(0.,0.,1.));
#2381=DIRECTION('',(1.,0.,0.));
#2382=DIRECTION('',(4.67153567310568E-30,-2.98372437868011E-16,1.));
#2383=DIRECTION('',(0.,-1.,-2.98372437868011E-16));
#2384=DIRECTION('',(-1.80818082186507E-16,1.,2.98372437868011E-16));
#2385=DIRECTION('',(0.,-2.98372437868011E-16,1.));
#2386=DIRECTION('',(1.,1.80818082186507E-16,-4.61758454111307E-30));
#2387=DIRECTION('',(1.,1.80818082186507E-16,-4.61758454111307E-30));
#2388=DIRECTION('',(1.06148478967615E-15,1.,2.98372437868011E-16));
#2389=DIRECTION('',(-1.,1.06148478967615E-15,0.));
#2390=DIRECTION('',(1.,-1.06148478967615E-15,-4.98825347756117E-30));
#2391=DIRECTION('',(-4.67153567310568E-30,2.98372437868011E-16,-1.));
#2392=DIRECTION('',(1.,-1.06148478967615E-15,-4.98825347756117E-30));
#2393=DIRECTION('',(-4.67153567310568E-30,2.98372437868011E-16,-1.));
#2394=DIRECTION('',(4.67153567310568E-30,-2.98372437868011E-16,1.));
#2395=DIRECTION('',(1.,1.39385748737192E-45,-4.67153567310568E-30));
#2396=DIRECTION('',(4.67153567310568E-30,-2.98372437868011E-16,1.));
#2397=DIRECTION('',(0.,-1.,-2.98372437868011E-16));
#2398=DIRECTION('',(4.67153567310568E-30,-2.98372437868011E-16,1.));
#2399=DIRECTION('',(0.,-1.,-2.98372437868011E-16));
#2400=DIRECTION('',(4.67153567310568E-30,-2.98372437868011E-16,1.));
#2401=DIRECTION('',(0.,-1.,-2.98372437868011E-16));
#2402=DIRECTION('',(4.67153567310568E-30,-2.98372437868011E-16,1.));
#2403=DIRECTION('',(0.,-1.,-2.98372437868011E-16));
#2404=DIRECTION('',(4.67153567310568E-30,-2.98372437868011E-16,1.));
#2405=DIRECTION('',(0.,-1.,-2.98372437868011E-16));
#2406=DIRECTION('',(4.67153567310568E-30,-2.98372437868011E-16,1.));
#2407=DIRECTION('',(0.,-1.,-2.98372437868011E-16));
#2408=DIRECTION('',(4.67153567310568E-30,-2.98372437868011E-16,1.));
#2409=DIRECTION('',(0.,-1.,-2.98372437868011E-16));
#2410=DIRECTION('',(4.67153567310568E-30,-2.98372437868011E-16,1.));
#2411=DIRECTION('',(0.,-1.,-2.98372437868011E-16));
#2412=DIRECTION('',(4.67153567310568E-30,-2.98372437868011E-16,1.));
#2413=DIRECTION('',(1.,1.39385748737192E-45,-4.67153567310568E-30));
#2414=DIRECTION('',(4.67153567310568E-30,-2.98372437868011E-16,1.));
#2415=DIRECTION('',(0.,-1.,-2.98372437868011E-16));
#2416=DIRECTION('',(4.67153567310568E-30,-2.98372437868011E-16,1.));
#2417=DIRECTION('',(0.,-1.,-2.98372437868011E-16));
#2418=DIRECTION('',(4.67153567310568E-30,-2.98372437868011E-16,1.));
#2419=DIRECTION('',(0.,-1.,-2.98372437868011E-16));
#2420=DIRECTION('',(4.67153567310568E-30,-2.98372437868011E-16,1.));
#2421=DIRECTION('',(0.,-1.,-2.98372437868011E-16));
#2422=DIRECTION('',(4.67153567310568E-30,-2.98372437868011E-16,1.));
#2423=DIRECTION('',(0.,-1.,-2.98372437868011E-16));
#2424=DIRECTION('',(-4.67153567310568E-30,2.98372437868011E-16,-1.));
#2425=DIRECTION('',(0.,1.,2.98372437868011E-16));
#2426=DIRECTION('',(4.67153567310568E-30,-2.98372437868011E-16,1.));
#2427=DIRECTION('',(0.,-1.,-2.98372437868011E-16));
#2428=DIRECTION('',(-4.67153567310568E-30,2.98372437868011E-16,-1.));
#2429=DIRECTION('',(0.,1.,2.98372437868011E-16));
#2430=DIRECTION('',(0.,0.,1.));
#2431=DIRECTION('',(1.,0.,0.));
#2432=DIRECTION('',(0.,0.,1.));
#2433=DIRECTION('',(1.,0.,0.));
#2434=DIRECTION('',(0.,0.,1.));
#2435=DIRECTION('',(1.,0.,0.));
#2436=DIRECTION('',(0.,0.,1.));
#2437=DIRECTION('',(1.,0.,0.));
#2438=DIRECTION('',(0.,0.,1.));
#2439=DIRECTION('',(1.,0.,0.));
#2440=DIRECTION('',(0.,0.,1.));
#2441=DIRECTION('',(1.,0.,0.));
#2442=DIRECTION('',(-1.,0.,0.));
#2443=DIRECTION('',(1.18820380099636E-16,1.,0.));
#2444=DIRECTION('',(-1.,0.,0.));
#2445=DIRECTION('',(0.,1.,0.));
#2446=DIRECTION('',(-1.,0.,0.));
#2447=DIRECTION('',(1.18820380099636E-16,1.,0.));
#2448=DIRECTION('',(1.,0.,0.));
#2449=DIRECTION('',(-1.58427173466181E-16,-1.,0.));
#2450=DIRECTION('',(-1.,0.,0.));
#2451=DIRECTION('',(1.18820380099636E-16,1.,0.));
#2452=DIRECTION('',(-1.,0.,0.));
#2453=DIRECTION('',(0.,1.,0.));
#2454=DIRECTION('',(0.,0.,1.));
#2455=DIRECTION('',(1.,0.,0.));
#2456=DIRECTION('',(-1.,9.43810378659851E-17,4.69969637346227E-30));
#2457=DIRECTION('',(-9.43810378659851E-17,-1.,0.));
#2458=DIRECTION('',(9.43810378659851E-17,1.,0.));
#2459=DIRECTION('',(-4.69969637346227E-30,0.,-1.));
#2460=DIRECTION('',(9.43810378659851E-17,1.,0.));
#2461=DIRECTION('',(-4.69969637346227E-30,0.,-1.));
#2462=DIRECTION('',(-4.66880486363714E-30,3.27306316222039E-16,-1.));
#2463=DIRECTION('',(9.43810378659851E-17,1.,0.));
#2464=DIRECTION('',(-4.69969637346227E-30,0.,-1.));
#2465=DIRECTION('',(9.43810378659851E-17,1.,0.));
#2466=DIRECTION('',(9.43810378659851E-17,1.,0.));
#2467=DIRECTION('',(-4.66880486363714E-30,3.27306316222039E-16,-1.));
#2468=DIRECTION('',(9.43810378659851E-17,1.,0.));
#2469=DIRECTION('',(-4.66880486363714E-30,3.27306316222039E-16,-1.));
#2470=DIRECTION('',(-4.66880486363714E-30,3.27306316222039E-16,-1.));
#2471=DIRECTION('',(9.43810378659851E-17,1.,0.));
#2472=DIRECTION('',(-4.66880486363714E-30,3.27306316222039E-16,-1.));
#2473=DIRECTION('',(-4.67153567310568E-30,2.98372437868011E-16,-1.));
#2474=DIRECTION('',(9.43810378659851E-17,1.,2.98372437868011E-16));
#2475=DIRECTION('',(-4.67153567310568E-30,2.98372437868011E-16,-1.));
#2476=DIRECTION('',(9.43810378659851E-17,1.,0.));
#2477=DIRECTION('',(-4.67153567310568E-30,2.98372437868011E-16,-1.));
#2478=DIRECTION('',(9.43810378659851E-17,1.,2.98372437868011E-16));
#2479=DIRECTION('',(-4.67153567310568E-30,2.98372437868011E-16,-1.));
#2480=DIRECTION('',(-4.66880486363714E-30,3.27306316222039E-16,-1.));
#2481=DIRECTION('',(9.43810378659851E-17,1.,0.));
#2482=DIRECTION('',(-4.66880486363714E-30,3.27306316222039E-16,-1.));
#2483=DIRECTION('',(-4.69969637346227E-30,0.,-1.));
#2484=DIRECTION('',(9.43810378659851E-17,1.,0.));
#2485=DIRECTION('',(-4.69969637346227E-30,0.,-1.));
#2486=DIRECTION('',(9.43810378659851E-17,1.,0.));
#2487=DIRECTION('',(1.,-1.14422480970488E-15,-5.01294081904639E-30));
#2488=DIRECTION('',(1.14422480970488E-15,1.,0.));
#2489=DIRECTION('',(-1.14422480970488E-15,-1.,0.));
#2490=DIRECTION('',(5.01294081904639E-30,0.,1.));
#2491=DIRECTION('',(-1.14422480970488E-15,-1.,0.));
#2492=DIRECTION('',(5.01294081904639E-30,0.,1.));
#2493=DIRECTION('',(4.63842881165202E-30,-3.27306316222039E-16,1.));
#2494=DIRECTION('',(-1.14422480970488E-15,-1.,0.));
#2495=DIRECTION('',(5.01294081904639E-30,0.,1.));
#2496=DIRECTION('',(-1.14422480970488E-15,-1.,0.));
#2497=DIRECTION('',(-1.14422480970488E-15,-1.,0.));
#2498=DIRECTION('',(4.63842881165202E-30,-3.27306316222039E-16,1.));
#2499=DIRECTION('',(-1.14422480970488E-15,-1.,0.));
#2500=DIRECTION('',(4.63842881165202E-30,-3.27306316222039E-16,1.));
#2501=DIRECTION('',(4.63842881165202E-30,-3.27306316222039E-16,1.));
#2502=DIRECTION('',(-1.14422480970488E-15,-1.,0.));
#2503=DIRECTION('',(4.63842881165202E-30,-3.27306316222039E-16,1.));
#2504=DIRECTION('',(-1.14422480970488E-15,-1.,0.));
#2505=DIRECTION('',(-1.14422480970488E-15,-1.,0.));
#2506=DIRECTION('',(4.63842881165202E-30,-3.27306316222039E-16,1.));
#2507=DIRECTION('',(-1.14422480970488E-15,-1.,0.));
#2508=DIRECTION('',(4.63842881165202E-30,-3.27306316222039E-16,1.));
#2509=DIRECTION('',(1.14422480970488E-15,1.,2.98372437868011E-16));
#2510=DIRECTION('',(4.67153567310568E-30,-2.98372437868011E-16,1.));
#2511=DIRECTION('',(1.14422480970488E-15,1.,2.98372437868011E-16));
#2512=DIRECTION('',(4.67153567310568E-30,-2.98372437868011E-16,1.));
#2513=DIRECTION('',(5.01294081904639E-30,0.,1.));
#2514=DIRECTION('',(-1.14422480970488E-15,-1.,0.));
#2515=DIRECTION('',(5.01294081904639E-30,0.,1.));
#2516=DIRECTION('',(-1.14422480970488E-15,-1.,0.));
#2517=DIRECTION('',(-4.67153567310568E-30,2.98372437868011E-16,-1.));
#2518=DIRECTION('',(1.,1.39385748737192E-45,-4.67153567310568E-30));
#2519=DIRECTION('',(1.39385748737192E-45,1.,2.98372437868011E-16));
#2520=DIRECTION('',(1.,1.39385748737192E-45,-4.67153567310568E-30));
#2521=DIRECTION('',(1.39385748737192E-45,1.,2.98372437868011E-16));
#2522=DIRECTION('',(1.,1.39385748737192E-45,-4.67153567310568E-30));
#2523=DIRECTION('',(-1.06013171326587E-15,-1.,-2.98372437868011E-16));
#2524=DIRECTION('',(1.,-1.18310211490319E-15,-5.02454073537615E-30));
#2525=DIRECTION('',(1.39385748737192E-45,1.,2.98372437868011E-16));
#2526=DIRECTION('',(1.,1.39385748737192E-45,-4.67153567310568E-30));
#2527=DIRECTION('',(1.22531398816667E-15,1.,2.98372437868011E-16));
#2528=DIRECTION('',(-1.,-1.39385748737192E-45,4.67153567310568E-30));
#2529=DIRECTION('',(3.77524151463941E-16,1.,2.98372437868011E-16));
#2530=DIRECTION('',(-1.,-1.39385748737192E-45,4.67153567310568E-30));
#2531=DIRECTION('',(-1.,-1.39385748737192E-45,4.67153567310568E-30));
#2532=DIRECTION('',(-1.58427173466181E-16,-1.,-2.98372437868011E-16));
#2533=DIRECTION('',(1.,1.39385748737192E-45,-4.67153567310568E-30));
#2534=DIRECTION('',(-1.39385748737192E-45,-1.,-2.98372437868011E-16));
#2535=DIRECTION('',(1.,1.39385748737192E-45,-4.67153567310568E-30));
#2536=DIRECTION('',(0.,1.,2.98372437868011E-16));
#2537=DIRECTION('',(0.,-2.98372437868011E-16,1.));
#2538=DIRECTION('',(1.,0.,0.));
#2539=DIRECTION('',(-4.67153567310568E-30,2.98372437868011E-16,-1.));
#2540=DIRECTION('',(-4.67153567310568E-30,2.98372437868011E-16,-1.));
#2541=DIRECTION('',(1.,2.12829972042974E-61,-4.67153567310568E-30));
#2542=DIRECTION('',(-4.67153567310568E-30,0.,-1.));
#2543=DIRECTION('',(-4.67153567310568E-30,2.98372437868011E-16,-1.));
#2544=DIRECTION('',(2.12829972042974E-61,-1.,0.));
#2545=DIRECTION('',(-4.67153567310568E-30,2.98372437868011E-16,-1.));
#2546=DIRECTION('',(0.,1.,2.98372437868011E-16));
#2547=DIRECTION('',(-4.67153567310568E-30,2.98372437868011E-16,-1.));
#2548=DIRECTION('',(0.,1.,2.98372437868011E-16));
#2549=DIRECTION('',(0.,0.,1.));
#2550=DIRECTION('',(1.,0.,0.));
#2551=DIRECTION('',(0.,0.,1.));
#2552=DIRECTION('',(1.,0.,0.));
#2553=DIRECTION('',(-3.04664758164776E-45,1.,0.));
#2554=DIRECTION('',(1.,0.,0.));
#2555=DIRECTION('',(-4.67153567310568E-30,2.98372437868011E-16,-1.));
#2556=DIRECTION('',(1.,1.39385748737192E-45,-4.67153567310568E-30));
#2557=DIRECTION('',(0.,-1.,-2.98372437868011E-16));
#2558=DIRECTION('',(0.,2.98372437868011E-16,-1.));
#2559=DIRECTION('',(-4.67153567310568E-30,2.98372437868011E-16,-1.));
#2560=DIRECTION('',(-1.,0.,0.));
#2561=DIRECTION('',(-4.67153567310568E-30,2.98372437868011E-16,-1.));
#2562=DIRECTION('',(-1.,3.77524151463941E-16,4.78417847453203E-30));
#2563=DIRECTION('',(-3.77524151463941E-16,-1.,0.));
#2564=DIRECTION('',(3.77524151463941E-16,1.,0.));
#2565=DIRECTION('',(-4.67153567310568E-30,2.98372437868011E-16,-1.));
#2566=DIRECTION('',(0.,-1.,-2.98372437868011E-16));
#2567=DIRECTION('',(0.,2.98372437868011E-16,-1.));
#2568=DIRECTION('',(-1.,0.,0.));
#2569=DIRECTION('',(-4.67153567310568E-30,2.98372437868011E-16,-1.));
#2570=DIRECTION('',(0.,1.,2.98372437868011E-16));
#2571=DIRECTION('',(-4.67153567310568E-30,2.98372437868011E-16,-1.));
#2572=DIRECTION('',(0.,1.,2.98372437868011E-16));
#2573=DIRECTION('',(0.,0.,1.));
#2574=DIRECTION('',(1.,0.,0.));
#2575=DIRECTION('',(0.,0.,1.));
#2576=DIRECTION('',(1.,0.,0.));
#2577=DIRECTION('',(-1.,0.,0.));
#2578=DIRECTION('',(-4.67153567310568E-30,2.98372437868011E-16,-1.));
#2579=DIRECTION('',(1.,1.39385748737192E-45,-4.67153567310568E-30));
#2580=DIRECTION('',(0.,1.,2.98372437868011E-16));
#2581=DIRECTION('',(0.,-2.98372437868011E-16,1.));
#2582=DIRECTION('',(-4.67153567310568E-30,2.98372437868011E-16,-1.));
#2583=DIRECTION('',(1.,0.,0.));
#2584=DIRECTION('',(-4.67153567310568E-30,2.98372437868011E-16,-1.));
#2585=DIRECTION('',(-4.67153567310568E-30,2.98372437868011E-16,-1.));
#2586=DIRECTION('',(0.,1.,2.98372437868011E-16));
#2587=DIRECTION('',(-4.67153567310568E-30,2.98372437868011E-16,-1.));
#2588=DIRECTION('',(0.,1.,2.98372437868011E-16));
#2589=DIRECTION('',(0.,0.,1.));
#2590=DIRECTION('',(1.,0.,0.));
#2591=DIRECTION('',(-1.,-2.12829972042974E-61,4.67153567310568E-30));
#2592=DIRECTION('',(4.67153567310568E-30,0.,1.));
#2593=DIRECTION('',(-2.12829972042974E-61,1.,0.));
#2594=DIRECTION('',(-4.67153567310568E-30,2.98372437868011E-16,-1.));
#2595=DIRECTION('',(0.,0.,1.));
#2596=DIRECTION('',(1.,0.,0.));
#2597=DIRECTION('',(-2.12829972042974E-61,1.,0.));
#2598=DIRECTION('',(1.,0.,0.));
#2599=DIRECTION('',(-4.67153567310568E-30,2.98372437868011E-16,-1.));
#2600=DIRECTION('',(1.,1.39385748737192E-45,-4.67153567310568E-30));
#2601=DIRECTION('',(1.,-1.58427173466181E-16,-4.71880597507732E-30));
#2602=DIRECTION('',(1.58427173466181E-16,1.,0.));
#2603=DIRECTION('',(-4.67153567310568E-30,2.98372437868011E-16,-1.));
#2604=DIRECTION('',(-4.67153567310568E-30,2.98372437868011E-16,-1.));
#2605=DIRECTION('',(0.,-1.,-2.98372437868011E-16));
#2606=DIRECTION('',(0.,2.98372437868011E-16,-1.));
#2607=DIRECTION('',(-4.67153567310568E-30,2.98372437868011E-16,-1.));
#2608=DIRECTION('',(0.,1.,2.98372437868011E-16));
#2609=DIRECTION('',(-4.67153567310568E-30,2.98372437868011E-16,-1.));
#2610=DIRECTION('',(0.,1.,2.98372437868011E-16));
#2611=DIRECTION('',(-4.67153567310568E-30,2.98372437868011E-16,-1.));
#2612=DIRECTION('',(1.,1.39385748737192E-45,-4.67153567310568E-30));
#2613=DIRECTION('',(0.,-1.,-2.98372437868011E-16));
#2614=DIRECTION('',(0.,2.98372437868011E-16,-1.));
#2615=DIRECTION('',(-4.67153567310568E-30,2.98372437868011E-16,-1.));
#2616=DIRECTION('',(-1.,-1.39385748737192E-45,4.67153567310568E-30));
#2617=DIRECTION('',(0.,1.,2.98372437868011E-16));
#2618=DIRECTION('',(0.,-2.98372437868011E-16,1.));
#2619=DIRECTION('',(-4.67153567310568E-30,2.98372437868011E-16,-1.));
#2620=DIRECTION('',(1.,1.39385748737192E-45,-4.67153567310568E-30));
#2621=DIRECTION('',(-4.67153567310568E-30,2.98372437868011E-16,-1.));
#2622=DIRECTION('',(-1.,-2.94650344595698E-61,4.67153567310568E-30));
#2623=DIRECTION('',(4.67153567310568E-30,0.,1.));
#2624=DIRECTION('',(-4.67153567310568E-30,2.98372437868011E-16,-1.));
#2625=DIRECTION('',(1.39385748737192E-45,1.,2.98372437868011E-16));
#2626=DIRECTION('',(0.,1.,2.98372437868011E-16));
#2627=DIRECTION('',(0.,-2.98372437868011E-16,1.));
#2628=DIRECTION('',(0.,2.98372437868011E-16,-1.));
#2629=DIRECTION('',(0.,1.,2.98372437868011E-16));
#2630=DIRECTION('',(0.,-2.98372437868011E-16,1.));
#2631=DIRECTION('',(1.,0.,0.));
#2632=DIRECTION('',(0.,1.,2.98372437868011E-16));
#2633=DIRECTION('',(0.,-2.98372437868011E-16,1.));
#2634=DIRECTION('',(0.,2.98372437868011E-16,-1.));
#2635=DIRECTION('',(0.,1.,2.98372437868011E-16));
#2636=DIRECTION('',(0.,-2.98372437868011E-16,1.));
#2637=DIRECTION('',(1.,0.,0.));
#2638=DIRECTION('',(0.,1.,2.98372437868011E-16));
#2639=DIRECTION('',(0.,-2.98372437868011E-16,1.));
#2640=DIRECTION('',(1.,1.39385748737192E-45,-4.67153567310568E-30));
#2641=DIRECTION('',(1.,-1.06013171326587E-15,-4.98784975685401E-30));
#2642=DIRECTION('',(1.06013171326587E-15,1.,0.));
#2643=DIRECTION('',(-1.06013171326587E-15,-1.,-2.98372437868011E-16));
#2644=DIRECTION('',(-4.67153567310568E-30,2.98372437868011E-16,-1.));
#2645=DIRECTION('',(1.18310211490319E-15,1.,2.98372437868011E-16));
#2646=DIRECTION('',(-1.,1.18310211490319E-15,0.));
#2647=DIRECTION('',(1.,-1.18310211490319E-15,-5.02454073537615E-30));
#2648=DIRECTION('',(-4.67153567310568E-30,2.98372437868011E-16,-1.));
#2649=DIRECTION('',(-1.,-2.94650344595698E-61,4.67153567310568E-30));
#2650=DIRECTION('',(4.67153567310568E-30,0.,1.));
#2651=DIRECTION('',(1.39385748737192E-45,1.,2.98372437868011E-16));
#2652=DIRECTION('',(-4.67153567310568E-30,2.98372437868011E-16,-1.));
#2653=DIRECTION('',(0.,1.,2.98372437868011E-16));
#2654=DIRECTION('',(0.,-2.98372437868011E-16,1.));
#2655=DIRECTION('',(1.,1.50910242433286E-45,-5.05778092345254E-30));
#2656=DIRECTION('',(-4.67153567310568E-30,2.98372437868011E-16,-1.));
#2657=DIRECTION('',(1.,1.50910242433286E-45,-5.05778092345254E-30));
#2658=DIRECTION('',(-4.67153567310568E-30,2.98372437868011E-16,-1.));
#2659=DIRECTION('',(1.,1.39385748737192E-45,-4.67153567310568E-30));
#2660=DIRECTION('',(-4.67153567310568E-30,2.98372437868011E-16,-1.));
#2661=DIRECTION('',(-1.,1.22531398816667E-15,5.03713559490875E-30));
#2662=DIRECTION('',(-1.22531398816667E-15,-1.,0.));
#2663=DIRECTION('',(1.22531398816667E-15,1.,2.98372437868011E-16));
#2664=DIRECTION('',(-4.67153567310568E-30,2.98372437868011E-16,-1.));
#2665=DIRECTION('',(1.,1.39385748737192E-45,-4.67153567310568E-30));
#2666=DIRECTION('',(4.67153567310568E-30,-2.98372437868011E-16,1.));
#2667=DIRECTION('',(0.,-1.,-2.98372437868011E-16));
#2668=DIRECTION('',(4.67153567310568E-30,-2.98372437868011E-16,1.));
#2669=DIRECTION('',(0.,-1.,-2.98372437868011E-16));
#2670=DIRECTION('',(4.67153567310568E-30,-2.98372437868011E-16,1.));
#2671=DIRECTION('',(0.,-1.,-2.98372437868011E-16));
#2672=DIRECTION('',(4.67153567310568E-30,-2.98372437868011E-16,1.));
#2673=DIRECTION('',(0.,-1.,-2.98372437868011E-16));
#2674=DIRECTION('',(1.14422480970488E-15,1.,2.98372437868011E-16));
#2675=DIRECTION('',(-4.67153567310568E-30,2.98372437868011E-16,-1.));
#2676=DIRECTION('',(0.,1.,2.98372437868011E-16));
#2677=DIRECTION('',(1.,-1.02931858392839E-15,-4.97865596833524E-30));
#2678=DIRECTION('',(-4.67153567310568E-30,2.98372437868011E-16,-1.));
#2679=DIRECTION('',(0.,1.,2.98372437868011E-16));
#2680=DIRECTION('',(-4.67153567310568E-30,2.98372437868011E-16,-1.));
#2681=DIRECTION('',(0.,1.,2.98372437868011E-16));
#2682=DIRECTION('',(1.,-1.06148478967615E-15,-4.98825347756117E-30));
#2683=DIRECTION('',(-4.67153567310568E-30,2.98372437868011E-16,-1.));
#2684=DIRECTION('',(0.,1.,2.98372437868011E-16));
#2685=DIRECTION('',(-4.67153567310568E-30,2.98372437868011E-16,-1.));
#2686=DIRECTION('',(1.,1.39385748737192E-45,-4.67153567310568E-30));
#2687=DIRECTION('',(1.,-1.02931858392839E-15,-4.97865596833524E-30));
#2688=DIRECTION('',(-4.67153567310568E-30,2.98372437868011E-16,-1.));
#2689=DIRECTION('',(0.,1.,2.98372437868011E-16));
#2690=DIRECTION('',(1.14422480970488E-15,1.,2.98372437868011E-16));
#2691=DIRECTION('',(-4.67153567310568E-30,2.98372437868011E-16,-1.));
#2692=DIRECTION('',(0.,1.,2.98372437868011E-16));
#2693=DIRECTION('',(1.,-1.06148478967615E-15,-4.98825347756117E-30));
#2694=DIRECTION('',(-4.67153567310568E-30,2.98372437868011E-16,-1.));
#2695=DIRECTION('',(0.,1.,2.98372437868011E-16));
#2696=DIRECTION('',(-4.67153567310568E-30,2.98372437868011E-16,-1.));
#2697=DIRECTION('',(0.,1.,2.98372437868011E-16));
#2698=DIRECTION('',(1.,-1.14422480970488E-15,-5.01294081904639E-30));
#2699=DIRECTION('',(1.14422480970488E-15,1.,0.));
#2700=DIRECTION('',(4.67153567310568E-30,-2.98372437868011E-16,1.));
#2701=DIRECTION('',(4.67153567310568E-30,-2.98372437868011E-16,1.));
#2702=DIRECTION('',(-1.06148478967615E-15,-1.,-2.98372437868011E-16));
#2703=DIRECTION('',(1.,-1.06148478967615E-15,0.));
#2704=DIRECTION('',(-1.,1.06148478967615E-15,0.));
#2705=DIRECTION('',(-1.06148478967615E-15,-1.,-2.98372437868011E-16));
#2706=DIRECTION('',(1.,-1.06148478967615E-15,0.));
#2707=DIRECTION('',(0.,-2.98372437868011E-16,1.));
#2708=DIRECTION('',(-1.06148478967615E-15,-1.,-2.98372437868011E-16));
#2709=DIRECTION('',(1.,-1.06148478967615E-15,0.));
#2710=DIRECTION('',(-1.,1.06148478967615E-15,0.));
#2711=DIRECTION('',(-1.06148478967615E-15,-1.,-2.98372437868011E-16));
#2712=DIRECTION('',(1.,-1.06148478967615E-15,0.));
#2713=DIRECTION('',(0.,-2.98372437868011E-16,1.));
#2714=DIRECTION('',(-1.06148478967615E-15,-1.,-2.98372437868011E-16));
#2715=DIRECTION('',(1.,-1.06148478967615E-15,0.));
#2716=DIRECTION('',(4.67153567310568E-30,-2.98372437868011E-16,1.));
#2717=DIRECTION('',(4.67153567310568E-30,-2.98372437868011E-16,1.));
#2718=DIRECTION('',(-1.02931858392839E-15,-1.,-2.98372437868011E-16));
#2719=DIRECTION('',(1.,-1.02931858392839E-15,0.));
#2720=DIRECTION('',(1.,-1.02931858392839E-15,-5.3506165537877E-30));
#2721=DIRECTION('',(-4.67153567310568E-30,2.98372437868011E-16,-1.));
#2722=DIRECTION('',(-1.,1.02931858392839E-15,5.3506165537877E-30));
#2723=DIRECTION('',(4.67153567310568E-30,-2.98372437868011E-16,1.));
#2724=DIRECTION('',(4.67153567310568E-30,-2.98372437868011E-16,1.));
#2725=DIRECTION('',(4.67153567310568E-30,-2.98372437868011E-16,1.));
#2726=DIRECTION('',(4.67153567310568E-30,-2.98372437868011E-16,1.));
#2727=DIRECTION('',(0.,-1.,-2.98372437868011E-16));
#2728=DIRECTION('',(4.67153567310568E-30,-2.98372437868011E-16,1.));
#2729=DIRECTION('',(0.,-1.,-2.98372437868011E-16));
#2730=DIRECTION('',(4.67153567310568E-30,-2.98372437868011E-16,1.));
#2731=DIRECTION('',(1.,1.39385748737192E-45,-4.67153567310568E-30));
#2732=DIRECTION('',(4.67153567310568E-30,-2.98372437868011E-16,1.));
#2733=DIRECTION('',(0.,-1.,-2.98372437868011E-16));
#2734=DIRECTION('',(4.67153567310568E-30,-2.98372437868011E-16,1.));
#2735=DIRECTION('',(0.,-1.,-2.98372437868011E-16));
#2736=DIRECTION('',(4.67153567310568E-30,-2.98372437868011E-16,1.));
#2737=DIRECTION('',(1.,1.39385748737192E-45,-4.67153567310568E-30));
#2738=DIRECTION('',(4.67153567310568E-30,-2.98372437868011E-16,1.));
#2739=DIRECTION('',(0.,-1.,-2.98372437868011E-16));
#2740=DIRECTION('',(4.67153567310568E-30,-2.98372437868011E-16,1.));
#2741=DIRECTION('',(0.,-1.,-2.98372437868011E-16));
#2742=DIRECTION('',(4.67153567310568E-30,-2.98372437868011E-16,1.));
#2743=DIRECTION('',(1.,1.39385748737192E-45,-4.67153567310568E-30));
#2744=DIRECTION('',(4.67153567310568E-30,-2.98372437868011E-16,1.));
#2745=DIRECTION('',(0.,-1.,-2.98372437868011E-16));
#2746=DIRECTION('',(4.67153567310568E-30,-2.98372437868011E-16,1.));
#2747=DIRECTION('',(0.,-1.,-2.98372437868011E-16));
#2748=DIRECTION('',(4.67153567310568E-30,-2.98372437868011E-16,1.));
#2749=DIRECTION('',(1.,1.39385748737192E-45,-4.67153567310568E-30));
#2750=DIRECTION('',(5.05778092345254E-30,-2.84494650060197E-16,1.));
#2751=DIRECTION('',(0.,-1.,-2.84494650060197E-16));
#2752=DIRECTION('',(1.06858966120171E-15,1.,2.84494650060197E-16));
#2753=DIRECTION('',(-1.,1.02931858392839E-15,5.3506165537877E-30));
#2754=DIRECTION('',(1.06858966120171E-15,1.,2.84494650060197E-16));
#2755=DIRECTION('',(1.,-1.06858966120171E-15,-4.99037337539899E-30));
#2756=DIRECTION('',(1.06858966120171E-15,1.,0.));
#2757=DIRECTION('',(-4.67153567310568E-30,2.98372437868011E-16,-1.));
#2758=DIRECTION('',(1.06858966120171E-15,1.,2.84494650060197E-16));
#2759=DIRECTION('',(5.05778092345254E-30,-2.84494650060197E-16,1.));
#2760=DIRECTION('',(0.,-1.,-2.84494650060197E-16));
#2761=DIRECTION('',(1.,-1.02931858392839E-15,-5.3506165537877E-30));
#2762=DIRECTION('',(1.06858966120171E-15,1.,2.84494650060197E-16));
#2763=DIRECTION('',(1.,-1.06858966120171E-15,-4.99037337539899E-30));
#2764=DIRECTION('',(1.06858966120171E-15,1.,0.));
#2765=DIRECTION('',(4.67153567310568E-30,-2.98372437868011E-16,1.));
#2766=DIRECTION('',(1.,0.,0.));
#2767=DIRECTION('',(0.,0.,-1.));
#2768=DIRECTION('',(0.,-1.,0.));
#2769=DIRECTION('',(0.,-1.,0.));
#2770=DIRECTION('',(0.,0.,1.));
#2771=DIRECTION('',(1.,0.,0.));
#2772=DIRECTION('',(0.,-1.,0.));
#2773=DIRECTION('',(0.,-1.,0.));
#2774=DIRECTION('',(1.,0.,0.));
#2775=DIRECTION('',(0.,0.,-1.));
#2776=DIRECTION('',(0.,-1.,0.));
#2777=DIRECTION('',(0.,-1.,0.));
#2778=DIRECTION('',(0.,0.,1.));
#2779=DIRECTION('',(1.,0.,0.));
#2780=DIRECTION('',(0.,-1.,0.));
#2781=DIRECTION('',(0.,-1.,0.));
#2782=DIRECTION('',(0.,0.,1.));
#2783=DIRECTION('',(1.,0.,0.));
#2784=DIRECTION('',(-1.,0.,0.));
#2785=DIRECTION('',(-1.,0.,0.));
#2786=DIRECTION('',(0.,1.,3.27306316222039E-16));
#2787=DIRECTION('',(0.,-3.27306316222039E-16,1.));
#2788=DIRECTION('',(-1.,0.,0.));
#2789=DIRECTION('',(0.,3.27306316222039E-16,-1.));
#2790=DIRECTION('',(0.,0.,1.));
#2791=DIRECTION('',(1.,0.,0.));
#2792=DIRECTION('',(-1.,0.,0.));
#2793=DIRECTION('',(0.,1.,0.));
#2794=DIRECTION('',(0.,1.,3.27306316222039E-16));
#2795=DIRECTION('',(0.,-3.27306316222039E-16,1.));
#2796=DIRECTION('',(0.,3.27306316222039E-16,-1.));
#2797=DIRECTION('',(1.,0.,0.));
#2798=DIRECTION('',(0.,1.,0.));
#2799=DIRECTION('',(0.,1.,3.27306316222039E-16));
#2800=DIRECTION('',(0.,-3.27306316222039E-16,1.));
#2801=DIRECTION('',(0.,3.27306316222039E-16,-1.));
#2802=DIRECTION('',(-1.,0.,0.));
#2803=DIRECTION('',(-1.,0.,0.));
#2804=DIRECTION('',(0.,0.,1.));
#2805=DIRECTION('',(1.,0.,0.));
#2806=DIRECTION('',(-1.,0.,0.));
#2807=DIRECTION('',(0.,1.,3.27306316222039E-16));
#2808=DIRECTION('',(0.,-3.27306316222039E-16,1.));
#2809=DIRECTION('',(-1.,0.,0.));
#2810=DIRECTION('',(0.,3.27306316222039E-16,-1.));
#2811=DIRECTION('',(0.,0.,1.));
#2812=DIRECTION('',(1.,0.,0.));
#2813=DIRECTION('',(0.,1.,0.));
#2814=DIRECTION('',(1.,0.,0.));
#2815=DIRECTION('',(0.,1.,0.));
#2816=DIRECTION('',(0.,0.,1.));
#2817=DIRECTION('',(1.,0.,0.));
#2818=DIRECTION('',(-1.,0.,0.));
#2819=DIRECTION('',(-1.,0.,0.));
#2820=DIRECTION('',(0.,1.,3.27306316222039E-16));
#2821=DIRECTION('',(0.,-3.27306316222039E-16,1.));
#2822=DIRECTION('',(-1.,0.,0.));
#2823=DIRECTION('',(0.,0.,1.));
#2824=DIRECTION('',(1.,0.,0.));
#2825=DIRECTION('',(-1.,0.,0.));
#2826=DIRECTION('',(0.,1.,3.27306316222039E-16));
#2827=DIRECTION('',(0.,-3.27306316222039E-16,1.));
#2828=DIRECTION('',(0.,1.,3.27306316222039E-16));
#2829=DIRECTION('',(0.,-3.27306316222039E-16,1.));
#2830=DIRECTION('',(-1.,0.,0.));
#2831=DIRECTION('',(-1.,0.,0.));
#2832=DIRECTION('',(0.,0.,1.));
#2833=DIRECTION('',(1.,0.,0.));
#2834=DIRECTION('',(-1.,0.,0.));
#2835=DIRECTION('',(0.,1.,0.));
#2836=DIRECTION('',(0.,0.,1.));
#2837=DIRECTION('',(-1.,0.,0.));
#2838=DIRECTION('',(0.,0.,1.));
#2839=DIRECTION('',(1.,0.,0.));
#2840=DIRECTION('',(0.,0.,1.));
#2841=DIRECTION('',(1.,0.,0.));
#2842=DIRECTION('',(-1.,0.,0.));
#2843=DIRECTION('',(-1.,0.,0.));
#2844=DIRECTION('',(0.,1.,0.));
#2845=DIRECTION('',(0.,0.,1.));
#2846=DIRECTION('',(-1.,0.,0.));
#2847=DIRECTION('',(0.,0.,1.));
#2848=DIRECTION('',(1.,0.,0.));
#2849=DIRECTION('',(-1.,0.,0.));
#2850=DIRECTION('',(0.,1.,0.));
#2851=DIRECTION('',(0.,0.,1.));
#2852=DIRECTION('',(0.,0.,1.));
#2853=DIRECTION('',(1.,0.,0.));
#2854=DIRECTION('',(-1.,0.,0.));
#2855=DIRECTION('',(-1.,0.,0.));
#2856=DIRECTION('',(0.,1.,0.));
#2857=DIRECTION('',(0.,0.,1.));
#2858=DIRECTION('',(-1.,0.,0.));
#2859=DIRECTION('',(0.,0.,1.));
#2860=DIRECTION('',(1.,0.,0.));
#2861=DIRECTION('',(-1.,0.,0.));
#2862=DIRECTION('',(0.,1.,0.));
#2863=DIRECTION('',(0.,0.,1.));
#2864=DIRECTION('',(0.,-1.,0.));
#2865=DIRECTION('',(0.,0.,-1.));
#2866=DIRECTION('',(0.,1.,0.));
#2867=DIRECTION('',(0.,0.,1.));
#2868=DIRECTION('',(0.,-1.,0.));
#2869=DIRECTION('',(0.,0.,-1.));
#2870=DIRECTION('',(0.,1.,0.));
#2871=DIRECTION('',(0.,0.,1.));
#2872=DIRECTION('',(-4.67153567310568E-30,2.98372437868011E-16,-1.));
#2873=DIRECTION('',(0.,1.,2.98372437868011E-16));
#2874=DIRECTION('',(4.67153567310568E-30,-2.98372437868011E-16,1.));
#2875=DIRECTION('',(0.,-1.,-2.98372437868011E-16));
#2876=DIRECTION('',(-4.67153567310568E-30,2.98372437868011E-16,-1.));
#2877=DIRECTION('',(0.,1.,2.98372437868011E-16));
#2878=DIRECTION('',(4.67153567310568E-30,-2.98372437868011E-16,1.));
#2879=DIRECTION('',(0.,-1.,-2.98372437868011E-16));
#2880=DIRECTION('',(-0.707106781186548,0.707106781186547,2.10981174135635E-16));
#2881=DIRECTION('',(4.67153567310568E-30,-2.98372437868011E-16,1.));
#2882=DIRECTION('',(-0.577350269189626,-0.577350269189628,0.577350269189624));
#2883=DIRECTION('',(0.577350269189626,0.577350269189627,0.577350269189624));
#2884=DIRECTION('',(7.27838150697089E-16,0.707106781186545,-0.70710678118655));
#2885=DIRECTION('',(-1.,1.02931858392839E-15,5.3506165537877E-30));
#2886=DIRECTION('',(0.577350269189623,-0.577350269189629,-0.577350269189625));
#2887=DIRECTION('',(-7.27838150697097E-16,-0.707106781186545,-0.70710678118655));
#2888=DIRECTION('',(1.,-1.02931858392839E-15,-5.3506165537877E-30));
#2889=DIRECTION('',(0.577350269189623,-0.57735026918963,0.577350269189625));
#2890=DIRECTION('',(-0.707106781186552,-0.707106781186543,-2.10981174135628E-16));
#2891=DIRECTION('',(-4.67153567310568E-30,2.98372437868011E-16,-1.));
#2892=CARTESIAN_POINT('',(0.,0.,0.));
#2893=CARTESIAN_POINT('',(-0.0971245083942413,-0.0434160735556083,-0.0100155299678597));
#2894=CARTESIAN_POINT('',(-0.0971245083942413,-0.0434160735556083,-0.0130155299678597));
#2895=CARTESIAN_POINT('',(-0.0971245083942413,-0.0758771779678188,-0.0130155299678598));
#2896=CARTESIAN_POINT('',(-0.0971245083942412,-0.0109549691433977,-0.0130155299678597));
#2897=CARTESIAN_POINT('',(-0.0971245083942413,-0.0758771779678188,-0.0100155299678598));
#2898=CARTESIAN_POINT('',(-0.0971245083942413,-0.0758771779678188,-0.0100155299678598));
#2899=CARTESIAN_POINT('',(-0.0971245083942413,-0.0434160735556083,-0.0100155299678597));
#2900=CARTESIAN_POINT('',(-0.0971245083942412,-0.0109549691433977,-0.0100155299678597));
#2901=CARTESIAN_POINT('',(-0.0971245083942412,-0.0109549691433977,-0.0100155299678597));
#2902=CARTESIAN_POINT('',(-0.0431945083942413,-0.0798017235348126,-0.0100155299678598));
#2903=CARTESIAN_POINT('',(-0.0431945083942413,-0.0798017235348126,-0.0100155299678598));
#2904=CARTESIAN_POINT('',(-0.0931999628272476,-0.0798017235348125,-0.0100155299678598));
#2905=CARTESIAN_POINT('',(0.00681094603876496,-0.0798017235348126,-0.0100155299678598));
#2906=CARTESIAN_POINT('',(-0.0931999628272476,-0.0798017235348125,-0.0130155299678598));
#2907=CARTESIAN_POINT('',(-0.0931999628272476,-0.0798017235348125,-0.0130155299678598));
#2908=CARTESIAN_POINT('',(-0.0431945083942413,-0.0798017235348126,-0.0130155299678598));
#2909=CARTESIAN_POINT('',(0.00681094603876496,-0.0798017235348126,-0.0130155299678598));
#2910=CARTESIAN_POINT('',(0.00681094603876496,-0.0798017235348126,-0.0100155299678598));
#2911=CARTESIAN_POINT('',(0.0107354916057587,-0.0434160735556084,-0.0100155299678597));
#2912=CARTESIAN_POINT('',(0.0107354916057587,-0.0434160735556084,-0.0130155299678597));
#2913=CARTESIAN_POINT('',(0.0107354916057587,-0.0758771779678189,-0.0130155299678598));
#2914=CARTESIAN_POINT('',(0.0107354916057587,-0.0109549691433978,-0.0130155299678597));
#2915=CARTESIAN_POINT('',(0.0107354916057587,-0.0109549691433978,-0.0100155299678597));
#2916=CARTESIAN_POINT('',(0.0107354916057587,-0.0109549691433978,-0.0100155299678597));
#2917=CARTESIAN_POINT('',(0.0107354916057587,-0.0434160735556084,-0.0100155299678597));
#2918=CARTESIAN_POINT('',(0.0107354916057587,-0.0758771779678189,-0.0100155299678598));
#2919=CARTESIAN_POINT('',(0.0107354916057587,-0.0758771779678189,-0.0100155299678598));
#2920=CARTESIAN_POINT('',(-0.0817615950084143,-0.0477271688761631,-0.0100155299678597));
#2921=CARTESIAN_POINT('',(-0.0817615950084143,-0.0477271688761631,-0.0130155299678597));
#2922=CARTESIAN_POINT('',(-0.0817615950084143,-0.0379271688761631,-0.0130155299678597));
#2923=CARTESIAN_POINT('',(-0.0817615950084143,-0.0575271688761631,-0.0130155299678597));
#2924=CARTESIAN_POINT('',(-0.0817615950084143,-0.0379271688761631,-0.0100155299678597));
#2925=CARTESIAN_POINT('',(-0.0817615950084143,-0.0379271688761631,-0.0100155299678597));
#2926=CARTESIAN_POINT('',(-0.0817615950084143,-0.0477271688761631,-0.0100155299678597));
#2927=CARTESIAN_POINT('',(-0.0817615950084143,-0.0575271688761631,-0.0100155299678597));
#2928=CARTESIAN_POINT('',(-0.0817615950084143,-0.0575271688761631,-0.0100155299678597));
#2929=CARTESIAN_POINT('',(-0.0433865950084143,-0.037927168876163,-0.0100155299678597));
#2930=CARTESIAN_POINT('',(-0.0433865950084143,-0.037927168876163,-0.0130155299678597));
#2931=CARTESIAN_POINT('',(-0.00501159500841431,-0.037927168876163,-0.0130155299678597));
#2932=CARTESIAN_POINT('',(-0.00501159500841431,-0.037927168876163,-0.0100155299678597));
#2933=CARTESIAN_POINT('',(-0.00501159500841431,-0.037927168876163,-0.0100155299678597));
#2934=CARTESIAN_POINT('',(-0.0433865950084143,-0.037927168876163,-0.0100155299678597));
#2935=CARTESIAN_POINT('',(-0.00501159500841431,-0.0477271688761631,-0.0100155299678597));
#2936=CARTESIAN_POINT('',(-0.00501159500841431,-0.0477271688761631,-0.0130155299678597));
#2937=CARTESIAN_POINT('',(-0.0050115950084143,-0.0575271688761631,-0.0130155299678597));
#2938=CARTESIAN_POINT('',(-0.0050115950084143,-0.0575271688761631,-0.0100155299678597));
#2939=CARTESIAN_POINT('',(-0.0050115950084143,-0.0575271688761631,-0.0100155299678597));
#2940=CARTESIAN_POINT('',(-0.00501159500841431,-0.0477271688761631,-0.0100155299678597));
#2941=CARTESIAN_POINT('',(-0.0920245083942412,-0.012130423576404,-0.0100155299678597));
#2942=CARTESIAN_POINT('',(-0.0920245083942412,-0.012130423576404,-0.0103155299678597));
#2943=CARTESIAN_POINT('',(-0.0899245083942412,-0.012130423576404,-0.0103155299678597));
#2944=CARTESIAN_POINT('',(-0.0920245083942412,-0.012130423576404,-0.0130155299678597));
#2945=CARTESIAN_POINT('',(-0.0920245083942412,-0.014230423576404,-0.0130155299678597));
#2946=CARTESIAN_POINT('',(0.00563549160575874,-0.0121304235764041,-0.0100155299678597));
#2947=CARTESIAN_POINT('',(0.00563549160575874,-0.0121304235764041,-0.0103155299678597));
#2948=CARTESIAN_POINT('',(0.00773549160575874,-0.0121304235764041,-0.0103155299678597));
#2949=CARTESIAN_POINT('',(0.00563549160575874,-0.0121304235764041,-0.0130155299678597));
#2950=CARTESIAN_POINT('',(0.00563549160575874,-0.0142304235764041,-0.0130155299678597));
#2951=CARTESIAN_POINT('',(0.00563549160575867,-0.0747017235348126,-0.0100155299678598));
#2952=CARTESIAN_POINT('',(0.00563549160575867,-0.0747017235348126,-0.0103155299678598));
#2953=CARTESIAN_POINT('',(0.00773549160575867,-0.0747017235348126,-0.0103155299678598));
#2954=CARTESIAN_POINT('',(0.00563549160575867,-0.0747017235348126,-0.0130155299678598));
#2955=CARTESIAN_POINT('',(0.00563549160575867,-0.0768017235348126,-0.0130155299678598));
#2956=CARTESIAN_POINT('',(-0.0920245083942413,-0.0747017235348125,-0.0100155299678598));
#2957=CARTESIAN_POINT('',(-0.0920245083942413,-0.0747017235348125,-0.0103155299678598));
#2958=CARTESIAN_POINT('',(-0.0899245083942413,-0.0747017235348125,-0.0103155299678598));
#2959=CARTESIAN_POINT('',(-0.0920245083942413,-0.0747017235348125,-0.0130155299678598));
#2960=CARTESIAN_POINT('',(-0.0920245083942413,-0.0768017235348125,-0.0130155299678598));
#2961=CARTESIAN_POINT('',(-0.0433865950084143,-0.0575271688761631,-0.0100155299678597));
#2962=CARTESIAN_POINT('',(-0.0433865950084143,-0.0575271688761631,-0.0130155299678597));
#2963=CARTESIAN_POINT('',(-0.0433865950084143,-0.0575271688761631,-0.0100155299678597));
#2964=CARTESIAN_POINT('',(-0.0431945083942412,-0.00703042357640409,-0.0100155299678597));
#2965=CARTESIAN_POINT('',(-0.0431945083942412,-0.00703042357640409,-0.0130155299678597));
#2966=CARTESIAN_POINT('',(-0.0931999628272475,-0.00703042357640404,-0.0130155299678597));
#2967=CARTESIAN_POINT('',(0.00681094603876505,-0.00703042357640414,-0.0130155299678597));
#2968=CARTESIAN_POINT('',(-0.0931999628272475,-0.00703042357640404,-0.0100155299678597));
#2969=CARTESIAN_POINT('',(-0.0931999628272475,-0.00703042357640404,-0.0100155299678597));
#2970=CARTESIAN_POINT('',(-0.0431945083942412,-0.00703042357640409,-0.0100155299678597));
#2971=CARTESIAN_POINT('',(0.00681094603876505,-0.00703042357640414,-0.0100155299678597));
#2972=CARTESIAN_POINT('',(0.00681094603876504,-0.00703042357640414,-0.0130155299678597));
#2973=CARTESIAN_POINT('',(-0.0431945083942412,-0.0434160735556084,-0.0100155299678597));
#2974=CARTESIAN_POINT('',(0.00563549160575867,-0.0747017235348126,-0.0100155299678598));
#2975=CARTESIAN_POINT('',(0.00563549160575867,-0.0771017235348126,-0.0100155299678598));
#2976=CARTESIAN_POINT('',(-0.0920245083942413,-0.0747017235348125,-0.0100155299678598));
#2977=CARTESIAN_POINT('',(-0.0920245083942413,-0.0771017235348125,-0.0100155299678598));
#2978=CARTESIAN_POINT('',(0.00563549160575874,-0.0121304235764041,-0.0100155299678597));
#2979=CARTESIAN_POINT('',(0.00563549160575874,-0.0145304235764041,-0.0100155299678597));
#2980=CARTESIAN_POINT('',(-0.0920245083942412,-0.012130423576404,-0.0100155299678597));
#2981=CARTESIAN_POINT('',(-0.0920245083942412,-0.014530423576404,-0.0100155299678597));
#2982=CARTESIAN_POINT('',(-0.0931999628272476,-0.0758771779678188,-0.0100155299678598));
#2983=CARTESIAN_POINT('',(0.00681094603876497,-0.0758771779678189,-0.0100155299678598));
#2984=CARTESIAN_POINT('',(0.00681094603876504,-0.0109549691433978,-0.0100155299678597));
#2985=CARTESIAN_POINT('',(-0.0931999628272475,-0.0109549691433977,-0.0100155299678597));
#2986=CARTESIAN_POINT('',(-0.0431945083942412,-0.0434160735556084,-0.0130155299678597));
#2987=CARTESIAN_POINT('',(-0.0931999628272476,-0.0758771779678188,-0.0130155299678598));
#2988=CARTESIAN_POINT('',(-0.0931999628272475,-0.0109549691433977,-0.0130155299678597));
#2989=CARTESIAN_POINT('',(0.00681094603876504,-0.0109549691433978,-0.0130155299678597));
#2990=CARTESIAN_POINT('',(0.00681094603876497,-0.0758771779678189,-0.0130155299678598));
#2991=CARTESIAN_POINT('',(-0.0931999628272476,-0.0758771779678188,-0.0100155299678598));
#2992=CARTESIAN_POINT('',(-0.0931999628272475,-0.0109549691433977,-0.0100155299678597));
#2993=CARTESIAN_POINT('',(0.00681094603876504,-0.0109549691433978,-0.0100155299678597));
#2994=CARTESIAN_POINT('',(0.00681094603876497,-0.0758771779678189,-0.0100155299678598));
#2995=CARTESIAN_POINT('',(0.00563549160575867,-0.0747017235348126,-0.0103155299678598));
#2996=CARTESIAN_POINT('',(-0.0920245083942413,-0.0747017235348125,-0.0103155299678598));
#2997=CARTESIAN_POINT('',(0.00563549160575874,-0.0121304235764041,-0.0103155299678597));
#2998=CARTESIAN_POINT('',(-0.0920245083942412,-0.012130423576404,-0.0103155299678597));
#2999=CARTESIAN_POINT('',(0.,0.,0.));
#3000=CARTESIAN_POINT('',(-0.172374508394242,0.0284999177380099,-0.0231742685645864));
#3001=CARTESIAN_POINT('',(-0.172374508394242,-0.0228609439943492,-0.0231742685645864));
#3002=CARTESIAN_POINT('',(0.00273549160575867,-0.0228609439943492,-0.0231742685645864));
#3003=CARTESIAN_POINT('',(0.00223549160575867,-0.0228609439943492,-0.0231742685645864));
#3004=CARTESIAN_POINT('',(0.00273549160575868,-0.0205052529191971,-0.0231742685645864));
#3005=CARTESIAN_POINT('',(0.00273549160575867,-0.0208609439943492,-0.0231742685645864));
#3006=CARTESIAN_POINT('',(-0.172374508394242,-0.0208609439943492,-0.0231742685645864));
#3007=CARTESIAN_POINT('',(0.00223549160575867,-0.0208609439943492,-0.0231742685645864));
#3008=CARTESIAN_POINT('',(0.00223549160575867,0.0284999177380099,-0.0231742685645864));
#3009=CARTESIAN_POINT('',(0.00223549160575867,-0.0188609439943492,-0.0231742685645864));
#3010=CARTESIAN_POINT('',(-0.172374508394242,-0.0188609439943492,-0.0231742685645864));
#3011=CARTESIAN_POINT('',(0.00273549160575868,-0.0188609439943492,-0.0231742685645864));
#3012=CARTESIAN_POINT('',(0.00273549160575868,-0.0205052529191971,-0.0231742685645864));
#3013=CARTESIAN_POINT('',(0.00273549160575868,-0.0150304235764041,-0.0231742685645864));
#3014=CARTESIAN_POINT('',(-0.00207450839424132,-0.0150304235764041,-0.0231742685645864));
#3015=CARTESIAN_POINT('',(-0.00688450839424131,-0.0150304235764041,-0.0231742685645864));
#3016=CARTESIAN_POINT('',(-0.00688450839424131,-0.0205052529191971,-0.0231742685645864));
#3017=CARTESIAN_POINT('',(-0.00688450839424131,-0.0259800822619901,-0.0231742685645864));
#3018=CARTESIAN_POINT('',(-0.00207450839424129,-0.0259800822619901,-0.0231742685645864));
#3019=CARTESIAN_POINT('',(0.00273549160575873,-0.0259800822619901,-0.0231742685645864));
#3020=CARTESIAN_POINT('',(0.00273549160575868,-0.0205052529191971,-0.0231742685645864));
#3021=CARTESIAN_POINT('',(0.00273549160575868,-0.0248609439943492,-0.0231742685645864));
#3022=CARTESIAN_POINT('',(-0.172374508394242,-0.0248609439943492,-0.0231742685645864));
#3023=CARTESIAN_POINT('',(0.00223549160575867,-0.0248609439943492,-0.0231742685645864));
#3024=CARTESIAN_POINT('',(0.00223549160575867,0.0284999177380099,-0.0231742685645864));
#3025=CARTESIAN_POINT('',(-0.00238450839424132,-0.0214800822619901,-0.0231742685645864));
#3026=CARTESIAN_POINT('',(-8.45083942413154E-5,-0.0214800822619901,-0.0231742685645864));
#3027=CARTESIAN_POINT('',(0.00273549160575867,-0.0594650822619901,-0.0130155299678598));
#3028=CARTESIAN_POINT('',(0.00273549160575867,-0.0594650822619901,-0.0175892685645864));
#3029=CARTESIAN_POINT('',(0.00273549160575867,-0.0368609439943492,-0.0175892685645864));
#3030=CARTESIAN_POINT('',(0.00273549160575867,-0.0348609439943492,-0.0175892685645864));
#3031=CARTESIAN_POINT('',(0.00273549160575867,-0.0368609439943492,-0.0130155299678598));
#3032=CARTESIAN_POINT('',(0.00273549160575867,-0.0368609439943492,-0.0387892685645864));
#3033=CARTESIAN_POINT('',(0.00273549160575867,-0.0594650822619901,-0.0387892685645864));
#3034=CARTESIAN_POINT('',(0.00273549160575867,-0.0348609439943492,-0.0387892685645864));
#3035=CARTESIAN_POINT('',(0.00273549160575867,-0.0348609439943492,-0.0130155299678598));
#3036=CARTESIAN_POINT('',(0.00273549160575867,-0.0308609439943493,-0.0130155299678597));
#3037=CARTESIAN_POINT('',(0.00273549160575867,-0.0308609439943493,-0.0175892685645864));
#3038=CARTESIAN_POINT('',(0.00273549160575867,-0.0308609439943492,-0.0387892685645864));
#3039=CARTESIAN_POINT('',(0.00273549160575867,-0.0594650822619901,-0.0175892685645864));
#3040=CARTESIAN_POINT('',(0.00273549160575867,-0.0328609439943493,-0.0175892685645864));
#3041=CARTESIAN_POINT('',(0.00273549160575867,-0.0328609439943493,-0.0130155299678598));
#3042=CARTESIAN_POINT('',(0.00273549160575867,-0.0328609439943493,-0.0387892685645864));
#3043=CARTESIAN_POINT('',(0.00273549160575867,-0.0594650822619901,-0.0387892685645864));
#3044=CARTESIAN_POINT('',(0.00273549160575867,-0.0594650822619901,-0.0175892685645864));
#3045=CARTESIAN_POINT('',(0.00273549160575867,-0.0288609439943493,-0.0175892685645864));
#3046=CARTESIAN_POINT('',(0.00273549160575867,-0.0268609439943493,-0.0175892685645864));
#3047=CARTESIAN_POINT('',(0.00273549160575867,-0.0288609439943493,-0.0130155299678597));
#3048=CARTESIAN_POINT('',(0.00273549160575867,-0.0288609439943492,-0.0387892685645864));
#3049=CARTESIAN_POINT('',(0.00273549160575867,-0.0594650822619901,-0.0387892685645864));
#3050=CARTESIAN_POINT('',(0.00273549160575867,-0.0268609439943492,-0.0387892685645864));
#3051=CARTESIAN_POINT('',(0.00273549160575867,-0.0268609439943493,-0.0130155299678597));
#3052=CARTESIAN_POINT('',(0.00273549160575867,-0.0228609439943493,-0.0130155299678597));
#3053=CARTESIAN_POINT('',(0.00273549160575868,-0.0228609439943492,-0.0175892685645864));
#3054=CARTESIAN_POINT('',(0.00273549160575867,-0.0594650822619901,-0.0175892685645864));
#3055=CARTESIAN_POINT('',(0.00273549160575868,-0.0248609439943492,-0.0175892685645864));
#3056=CARTESIAN_POINT('',(0.00273549160575867,-0.0248609439943493,-0.0130155299678597));
#3057=CARTESIAN_POINT('',(0.00273549160575873,-0.0259800822619901,-0.0231722685645864));
#3058=CARTESIAN_POINT('',(0.00273549160575867,-0.02598008226199,-0.0460155299678598));
#3059=CARTESIAN_POINT('',(0.00273549160575867,-0.0594650822619901,-0.0460155299678598));
#3060=CARTESIAN_POINT('',(0.00273549160575867,-0.0548700822619901,-0.0460155299678598));
#3061=CARTESIAN_POINT('',(0.00273549160575867,-0.0548700822619901,-0.0231722685645864));
#3062=CARTESIAN_POINT('',(0.00273549160575867,-0.0548700822619901,-0.0231742685645864));
#3063=CARTESIAN_POINT('',(0.00273549160575867,-0.0594650822619901,-0.0231742685645864));
#3064=CARTESIAN_POINT('',(0.00273549160575869,-0.0640600822619901,-0.0231742685645864));
#3065=CARTESIAN_POINT('',(0.00273549160575869,-0.0640600822619901,-0.0130155299678598));
#3066=CARTESIAN_POINT('',(0.00273549160575869,-0.0640600822619901,-0.0130155299678598));
#3067=CARTESIAN_POINT('',(0.00273549160575867,-0.0594650822619901,-0.0130155299678598));
#3068=CARTESIAN_POINT('',(0.00273549160575868,-0.0150304235764041,-0.0130155299678597));
#3069=CARTESIAN_POINT('',(0.00273549160575868,-0.0150304235764041,-0.0130155299678597));
#3070=CARTESIAN_POINT('',(0.00273549160575868,-0.0188609439943492,-0.0130155299678597));
#3071=CARTESIAN_POINT('',(0.00273549160575868,-0.0188609439943492,-0.0175892685645864));
#3072=CARTESIAN_POINT('',(0.00273549160575867,-0.0594650822619901,-0.0175892685645864));
#3073=CARTESIAN_POINT('',(0.00273549160575868,-0.0208609439943492,-0.0175892685645864));
#3074=CARTESIAN_POINT('',(0.00273549160575867,-0.0208609439943492,-0.0130155299678597));
#3075=CARTESIAN_POINT('',(0.00273549160575867,-0.0408609439943493,-0.0130155299678598));
#3076=CARTESIAN_POINT('',(0.00273549160575867,-0.0408609439943493,-0.0175892685645864));
#3077=CARTESIAN_POINT('',(0.00273549160575867,-0.0408609439943493,-0.0387892685645864));
#3078=CARTESIAN_POINT('',(0.00273549160575867,-0.0594650822619901,-0.0387892685645864));
#3079=CARTESIAN_POINT('',(0.00273549160575867,-0.0388609439943493,-0.0387892685645864));
#3080=CARTESIAN_POINT('',(0.00273549160575867,-0.0388609439943493,-0.0130155299678598));
#3081=CARTESIAN_POINT('',(0.00273549160575867,-0.0388609439943493,-0.0175892685645864));
#3082=CARTESIAN_POINT('',(0.00273549160575867,-0.0594650822619901,-0.0175892685645864));
#3083=CARTESIAN_POINT('',(0.0107354916057587,-0.0434160735556084,-0.0490155299678598));
#3084=CARTESIAN_POINT('',(0.0107354916057587,-0.0434160735556084,-0.0175892685645864));
#3085=CARTESIAN_POINT('',(0.0107354916057587,-0.0348609439943492,-0.0175892685645864));
#3086=CARTESIAN_POINT('',(0.0107354916057587,-0.0368609439943492,-0.0175892685645864));
#3087=CARTESIAN_POINT('',(0.0107354916057587,-0.0348609439943492,-0.0490155299678598));
#3088=CARTESIAN_POINT('',(0.0107354916057587,-0.0348609439943492,-0.0387892685645864));
#3089=CARTESIAN_POINT('',(0.0107354916057587,-0.0434160735556084,-0.0387892685645864));
#3090=CARTESIAN_POINT('',(0.0107354916057587,-0.0368609439943492,-0.0387892685645864));
#3091=CARTESIAN_POINT('',(0.0107354916057587,-0.0368609439943492,-0.0490155299678598));
#3092=CARTESIAN_POINT('',(0.0107354916057587,-0.0308609439943492,-0.0490155299678598));
#3093=CARTESIAN_POINT('',(0.0107354916057587,-0.0308609439943492,-0.0387892685645864));
#3094=CARTESIAN_POINT('',(0.0107354916057587,-0.0308609439943493,-0.0175892685645864));
#3095=CARTESIAN_POINT('',(0.0107354916057587,-0.0434160735556084,-0.0387892685645864));
#3096=CARTESIAN_POINT('',(0.0107354916057587,-0.0328609439943493,-0.0387892685645864));
#3097=CARTESIAN_POINT('',(0.0107354916057587,-0.0328609439943493,-0.0490155299678598));
#3098=CARTESIAN_POINT('',(0.0107354916057587,-0.0328609439943493,-0.0175892685645864));
#3099=CARTESIAN_POINT('',(0.0107354916057587,-0.0434160735556084,-0.0175892685645864));
#3100=CARTESIAN_POINT('',(0.0107354916057587,-0.0434160735556084,-0.0175892685645864));
#3101=CARTESIAN_POINT('',(0.0107354916057587,-0.0268609439943493,-0.0175892685645864));
#3102=CARTESIAN_POINT('',(0.0107354916057587,-0.0288609439943493,-0.0175892685645864));
#3103=CARTESIAN_POINT('',(0.0107354916057587,-0.0268609439943492,-0.0490155299678598));
#3104=CARTESIAN_POINT('',(0.0107354916057587,-0.0268609439943492,-0.0387892685645864));
#3105=CARTESIAN_POINT('',(0.0107354916057587,-0.0434160735556084,-0.0387892685645864));
#3106=CARTESIAN_POINT('',(0.0107354916057587,-0.0288609439943492,-0.0387892685645864));
#3107=CARTESIAN_POINT('',(0.0107354916057587,-0.0288609439943492,-0.0490155299678598));
#3108=CARTESIAN_POINT('',(0.0107354916057587,-0.0228609439943492,-0.0490155299678598));
#3109=CARTESIAN_POINT('',(0.0107354916057587,-0.0228609439943492,-0.0387892685645864));
#3110=CARTESIAN_POINT('',(0.0107354916057587,-0.0228609439943492,-0.0175892685645864));
#3111=CARTESIAN_POINT('',(0.0107354916057587,-0.0434160735556084,-0.0387892685645864));
#3112=CARTESIAN_POINT('',(0.0107354916057587,-0.0248609439943492,-0.0387892685645864));
#3113=CARTESIAN_POINT('',(0.0107354916057587,-0.0248609439943492,-0.0490155299678598));
#3114=CARTESIAN_POINT('',(0.0107354916057587,-0.0248609439943492,-0.0175892685645864));
#3115=CARTESIAN_POINT('',(0.0107354916057587,-0.0434160735556084,-0.0175892685645864));
#3116=CARTESIAN_POINT('',(0.0107354916057587,-0.0434160735556084,-0.0175892685645864));
#3117=CARTESIAN_POINT('',(0.0107354916057587,-0.0188609439943492,-0.0175892685645864));
#3118=CARTESIAN_POINT('',(0.0107354916057587,-0.0208609439943492,-0.0175892685645864));
#3119=CARTESIAN_POINT('',(0.0107354916057587,-0.0188609439943492,-0.0490155299678598));
#3120=CARTESIAN_POINT('',(0.0107354916057587,-0.0188609439943492,-0.0387892685645864));
#3121=CARTESIAN_POINT('',(0.0107354916057587,-0.0434160735556084,-0.0387892685645864));
#3122=CARTESIAN_POINT('',(0.0107354916057587,-0.0208609439943492,-0.0387892685645864));
#3123=CARTESIAN_POINT('',(0.0107354916057587,-0.0208609439943492,-0.0490155299678598));
#3124=CARTESIAN_POINT('',(0.0107354916057587,-0.0434160735556084,-0.0490155299678598));
#3125=CARTESIAN_POINT('',(0.0107354916057587,-0.0758771779678189,-0.0490155299678598));
#3126=CARTESIAN_POINT('',(0.0107354916057587,-0.0109549691433978,-0.0490155299678598));
#3127=CARTESIAN_POINT('',(0.0107354916057587,-0.0109549691433978,-0.0130155299678597));
#3128=CARTESIAN_POINT('',(0.0107354916057587,-0.0109549691433978,-0.0130155299678597));
#3129=CARTESIAN_POINT('',(0.0107354916057587,-0.0434160735556084,-0.0130155299678597));
#3130=CARTESIAN_POINT('',(0.0107354916057587,-0.0758771779678189,-0.0130155299678598));
#3131=CARTESIAN_POINT('',(0.0107354916057587,-0.0758771779678189,-0.0490155299678598));
#3132=CARTESIAN_POINT('',(0.0107354916057587,-0.0388609439943493,-0.0490155299678598));
#3133=CARTESIAN_POINT('',(0.0107354916057587,-0.0388609439943493,-0.0387892685645864));
#3134=CARTESIAN_POINT('',(0.0107354916057587,-0.0388609439943493,-0.0175892685645864));
#3135=CARTESIAN_POINT('',(0.0107354916057587,-0.0434160735556084,-0.0387892685645864));
#3136=CARTESIAN_POINT('',(0.0107354916057587,-0.0408609439943493,-0.0387892685645864));
#3137=CARTESIAN_POINT('',(0.0107354916057587,-0.0408609439943493,-0.0490155299678598));
#3138=CARTESIAN_POINT('',(0.0107354916057587,-0.0408609439943493,-0.0175892685645864));
#3139=CARTESIAN_POINT('',(0.0107354916057587,-0.0434160735556084,-0.0175892685645864));
#3140=CARTESIAN_POINT('',(-0.0431945083942412,-0.0434160735556084,-0.0460155299678598));
#3141=CARTESIAN_POINT('',(-0.0891245083942413,-0.0595400822619901,-0.0460155299678598));
#3142=CARTESIAN_POINT('',(-0.0891245083942413,-0.0550200822619901,-0.0460155299678598));
#3143=CARTESIAN_POINT('',(-0.0891245083942413,-0.02567008226199,-0.0460155299678598));
#3144=CARTESIAN_POINT('',(-0.0844745083942413,-0.0550200822619901,-0.0460155299678598));
#3145=CARTESIAN_POINT('',(-0.0798245083942413,-0.0550200822619901,-0.0460155299678598));
#3146=CARTESIAN_POINT('',(-0.0798245083942413,-0.0595400822619901,-0.0460155299678598));
#3147=CARTESIAN_POINT('',(-0.0798245083942413,-0.0640600822619901,-0.0460155299678598));
#3148=CARTESIAN_POINT('',(-0.0798817489344356,-0.0640600822619901,-0.0460155299678598));
#3149=CARTESIAN_POINT('',(-0.00955898947462979,-0.0640600822619901,-0.0460155299678598));
#3150=CARTESIAN_POINT('',(-0.0095589894746298,-0.0681509028984014,-0.0460155299678598));
#3151=CARTESIAN_POINT('',(-0.0095589894746298,-0.0722417235348126,-0.0460155299678598));
#3152=CARTESIAN_POINT('',(-0.0447489894746298,-0.0722417235348126,-0.0460155299678598));
#3153=CARTESIAN_POINT('',(-0.0799389894746298,-0.0722417235348125,-0.0460155299678598));
#3154=CARTESIAN_POINT('',(-0.0799389894746298,-0.0745217235348125,-0.0460155299678598));
#3155=CARTESIAN_POINT('',(-0.0799389894746298,-0.0768017235348126,-0.0460155299678598));
#3156=CARTESIAN_POINT('',(-0.0428639894746298,-0.0768017235348126,-0.0460155299678598));
#3157=CARTESIAN_POINT('',(-0.00578898947462982,-0.0768017235348126,-0.0460155299678598));
#3158=CARTESIAN_POINT('',(-0.00578898947462981,-0.0704309028984013,-0.0460155299678598));
#3159=CARTESIAN_POINT('',(-0.00578898947462981,-0.0640600822619901,-0.0460155299678598));
#3160=CARTESIAN_POINT('',(-0.00152674893443556,-0.0640600822619901,-0.0460155299678598));
#3161=CARTESIAN_POINT('',(-0.00667450839424133,-0.0640600822619901,-0.0460155299678598));
#3162=CARTESIAN_POINT('',(-0.00667450839424133,-0.0594650822619901,-0.0460155299678598));
#3163=CARTESIAN_POINT('',(-0.00667450839424132,-0.0548700822619901,-0.0460155299678598));
#3164=CARTESIAN_POINT('',(-0.00196950839424132,-0.0548700822619901,-0.0460155299678598));
#3165=CARTESIAN_POINT('',(-0.00207450839424129,-0.0259800822619901,-0.0460155299678597));
#3166=CARTESIAN_POINT('',(-0.00688450839424131,-0.0259800822619901,-0.0460155299678597));
#3167=CARTESIAN_POINT('',(-0.00688450839424131,-0.0205052529191971,-0.0460155299678597));
#3168=CARTESIAN_POINT('',(-0.00688450839424131,-0.0150304235764041,-0.0460155299678597));
#3169=CARTESIAN_POINT('',(-0.00207450839424132,-0.0150304235764041,-0.0460155299678597));
#3170=CARTESIAN_POINT('',(-0.0799645083942413,-0.0150304235764041,-0.0460155299678597));
#3171=CARTESIAN_POINT('',(-0.0799645083942413,-0.0203502529191971,-0.0460155299678597));
#3172=CARTESIAN_POINT('',(-0.0799645083942413,-0.0256700822619901,-0.0460155299678597));
#3173=CARTESIAN_POINT('',(-0.0845445083942413,-0.0256700822619901,-0.0460155299678597));
#3174=CARTESIAN_POINT('',(-0.0845445083942413,-0.0256700822619901,-0.0231722685645864));
#3175=CARTESIAN_POINT('',(-0.0845445083942413,-0.0256700822619901,-0.0231742685645864));
#3176=CARTESIAN_POINT('',(-0.0891245083942413,-0.0256700822619901,-0.0231742685645864));
#3177=CARTESIAN_POINT('',(-0.0799645083942413,-0.0256700822619901,-0.0231742685645864));
#3178=CARTESIAN_POINT('',(-0.0891245083942413,-0.0256700822619901,-0.0231722685645864));
#3179=CARTESIAN_POINT('',(-0.0799645083942413,-0.0256700822619901,-0.0231722685645864));
#3180=CARTESIAN_POINT('',(-0.0799645083942413,-0.0203502529191971,-0.0231722685645864));
#3181=CARTESIAN_POINT('',(-0.0799645083942413,-0.015030423576404,-0.0231722685645864));
#3182=CARTESIAN_POINT('',(-0.0799645083942413,-0.015030423576404,-0.0231742685645864));
#3183=CARTESIAN_POINT('',(-0.0799645083942413,-0.0203502529191971,-0.0231742685645864));
#3184=CARTESIAN_POINT('',(-0.0844645083942413,-0.0211700822619901,-0.0231722685645864));
#3185=CARTESIAN_POINT('',(-0.0844645083942413,-0.0211700822619901,-0.0460155299678597));
#3186=CARTESIAN_POINT('',(-0.0844645083942413,-0.0188700822619901,-0.0460155299678597));
#3187=CARTESIAN_POINT('',(-0.0844645083942413,-0.0211700822619901,-0.0231742685645864));
#3188=CARTESIAN_POINT('',(-0.0821645083942413,-0.0211700822619901,-0.0231742685645864));
#3189=CARTESIAN_POINT('',(-0.172374508394242,0.0284999177380099,-0.0231742685645864));
#3190=CARTESIAN_POINT('',(-0.0891245083942413,-0.0203502529191971,-0.0231742685645864));
#3191=CARTESIAN_POINT('',(-0.0891245083942413,-0.0150304235764041,-0.0231742685645864));
#3192=CARTESIAN_POINT('',(-0.0845445083942413,-0.0150304235764041,-0.0231742685645864));
#3193=CARTESIAN_POINT('',(-0.0431945083942412,-0.0434160735556084,-0.0460155299678598));
#3194=CARTESIAN_POINT('',(-0.00152674893443556,-0.0640600822619901,-0.0231722685645864));
#3195=CARTESIAN_POINT('',(-0.00578898947462981,-0.0640600822619901,-0.0130155299678598));
#3196=CARTESIAN_POINT('',(-0.00578898947462981,-0.0640600822619901,-0.0231742685645864));
#3197=CARTESIAN_POINT('',(-0.00152674893443556,-0.0640600822619901,-0.0231742685645864));
#3198=CARTESIAN_POINT('',(-0.00667450839424133,-0.0640600822619901,-0.0231742685645864));
#3199=CARTESIAN_POINT('',(-0.00667450839424133,-0.0640600822619901,-0.0231722685645864));
#3200=CARTESIAN_POINT('',(-0.00667450839424133,-0.0594650822619901,-0.0231722685645864));
#3201=CARTESIAN_POINT('',(-0.00667450839424133,-0.0594650822619901,-0.0231742685645864));
#3202=CARTESIAN_POINT('',(-0.00667450839424132,-0.0548700822619901,-0.0231742685645864));
#3203=CARTESIAN_POINT('',(-0.00667450839424132,-0.0548700822619901,-0.0231722685645864));
#3204=CARTESIAN_POINT('',(-0.00196950839424132,-0.0548700822619901,-0.0231722685645864));
#3205=CARTESIAN_POINT('',(-0.00196950839424132,-0.0548700822619901,-0.0231742685645864));
#3206=CARTESIAN_POINT('',(-0.00217450839424133,-0.0593700822619901,-0.0231722685645864));
#3207=CARTESIAN_POINT('',(-0.00217450839424133,-0.0593700822619901,-0.0460155299678598));
#3208=CARTESIAN_POINT('',(-0.00217450839424133,-0.0570700822619901,-0.0460155299678598));
#3209=CARTESIAN_POINT('',(-0.00217450839424133,-0.0593700822619901,-0.0231742685645864));
#3210=CARTESIAN_POINT('',(0.000125491605758675,-0.0593700822619901,-0.0231742685645864));
#3211=CARTESIAN_POINT('',(-0.172374508394242,0.0284999177380099,-0.0231742685645864));
#3212=CARTESIAN_POINT('',(-0.00152674893443556,-0.0640600822619901,-0.0231742685645864));
#3213=CARTESIAN_POINT('',(-0.0431945083942412,-0.0434160735556084,-0.0460155299678598));
#3214=CARTESIAN_POINT('',(-0.0844745083942413,-0.0550200822619901,-0.0231722685645864));
#3215=CARTESIAN_POINT('',(-0.0891245083942413,-0.0550200822619901,-0.0231722685645864));
#3216=CARTESIAN_POINT('',(-0.0891245083942413,-0.0550200822619901,-0.0231742685645864));
#3217=CARTESIAN_POINT('',(-0.0844745083942413,-0.0550200822619901,-0.0231742685645864));
#3218=CARTESIAN_POINT('',(-0.0798245083942413,-0.0550200822619901,-0.0231742685645864));
#3219=CARTESIAN_POINT('',(-0.0798245083942413,-0.0550200822619901,-0.0231722685645864));
#3220=CARTESIAN_POINT('',(-0.0843245083942413,-0.0595200822619901,-0.0231722685645864));
#3221=CARTESIAN_POINT('',(-0.0843245083942413,-0.0595200822619901,-0.0460155299678598));
#3222=CARTESIAN_POINT('',(-0.0843245083942413,-0.0572200822619901,-0.0460155299678598));
#3223=CARTESIAN_POINT('',(-0.0843245083942413,-0.0595200822619901,-0.0231742685645864));
#3224=CARTESIAN_POINT('',(-0.0820245083942413,-0.0595200822619901,-0.0231742685645864));
#3225=CARTESIAN_POINT('',(-0.0798245083942413,-0.0595400822619901,-0.0231722685645864));
#3226=CARTESIAN_POINT('',(-0.0798245083942413,-0.0595400822619901,-0.0231742685645864));
#3227=CARTESIAN_POINT('',(-0.0798245083942413,-0.0640600822619901,-0.0231742685645864));
#3228=CARTESIAN_POINT('',(-0.0798245083942413,-0.0640600822619901,-0.0231722685645864));
#3229=CARTESIAN_POINT('',(-0.172374508394242,0.0284999177380099,-0.0231742685645864));
#3230=CARTESIAN_POINT('',(-0.0891245083942413,-0.0595400822619901,-0.0231742685645864));
#3231=CARTESIAN_POINT('',(-0.0891245083942413,-0.0640600822619901,-0.0231742685645864));
#3232=CARTESIAN_POINT('',(-0.0845317489344356,-0.0640600822619901,-0.0231742685645864));
#3233=CARTESIAN_POINT('',(-0.0431945083942412,-0.0434160735556084,-0.0460155299678598));
#3234=CARTESIAN_POINT('',(-0.00688450839424131,-0.0205052529191971,-0.0231722685645864));
#3235=CARTESIAN_POINT('',(-0.00688450839424131,-0.0150304235764041,-0.0231722685645864));
#3236=CARTESIAN_POINT('',(-0.00688450839424131,-0.0259800822619901,-0.0231722685645864));
#3237=CARTESIAN_POINT('',(-0.00207450839424129,-0.0259800822619901,-0.0231722685645864));
#3238=CARTESIAN_POINT('',(-0.00238450839424132,-0.0214800822619901,-0.0231722685645864));
#3239=CARTESIAN_POINT('',(-0.00238450839424132,-0.02148008226199,-0.0460155299678597));
#3240=CARTESIAN_POINT('',(-0.00238450839424132,-0.01918008226199,-0.0460155299678597));
#3241=CARTESIAN_POINT('',(-0.0431945083942412,-0.0434160735556084,-0.0460155299678598));
#3242=CARTESIAN_POINT('',(-0.00152674893443556,-0.0640600822619901,-0.0130155299678598));
#3243=CARTESIAN_POINT('',(-0.00578898947462981,-0.0640600822619901,-0.0130155299678598));
#3244=CARTESIAN_POINT('',(-0.00578898947462981,-0.0640600822619901,-0.0130155299678598));
#3245=CARTESIAN_POINT('',(-0.00152674893443556,-0.0640600822619901,-0.0130155299678598));
#3246=CARTESIAN_POINT('',(-0.0798817489344356,-0.0640600822619901,-0.0130155299678598));
#3247=CARTESIAN_POINT('',(-0.0891245083942413,-0.0640600822619901,-0.0130155299678598));
#3248=CARTESIAN_POINT('',(-0.0891245083942413,-0.0640600822619901,-0.0130155299678598));
#3249=CARTESIAN_POINT('',(-0.0798817489344356,-0.0640600822619901,-0.0130155299678598));
#3250=CARTESIAN_POINT('',(-0.00955898947462979,-0.0640600822619901,-0.0130155299678598));
#3251=CARTESIAN_POINT('',(-0.00955898947462979,-0.0640600822619901,-0.0130155299678598));
#3252=CARTESIAN_POINT('',(-0.0891245083942413,-0.0595400822619901,-0.0130155299678598));
#3253=CARTESIAN_POINT('',(-0.0891245083942413,-0.0150304235764041,-0.0130155299678597));
#3254=CARTESIAN_POINT('',(-0.0891245083942413,-0.0150304235764041,-0.0130155299678597));
#3255=CARTESIAN_POINT('',(-0.0891245083942413,-0.0595400822619901,-0.0130155299678598));
#3256=CARTESIAN_POINT('',(-0.00207450839424132,-0.0150304235764041,-0.0130155299678597));
#3257=CARTESIAN_POINT('',(-0.0472931084388293,-0.0150304235764041,-0.0130155299678597));
#3258=CARTESIAN_POINT('',(-0.0472931084388293,-0.0150304235764041,-0.0249762572650472));
#3259=CARTESIAN_POINT('',(-0.0472931084388293,-0.0150304235764041,-0.0267522798939277));
#3260=CARTESIAN_POINT('',(-0.0455761197532696,-0.0150304235764041,-0.0249762572650472));
#3261=CARTESIAN_POINT('',(-0.0455761197532696,-0.0150304235764041,-0.0232592685794874));
#3262=CARTESIAN_POINT('',(-0.00207450839424132,-0.0150304235764041,-0.0232592685794874));
#3263=CARTESIAN_POINT('',(-0.0380700971243891,-0.0150304235764041,-0.0232592685794874));
#3264=CARTESIAN_POINT('',(-0.0380700971243891,-0.0150304235764041,-0.0249762572650472));
#3265=CARTESIAN_POINT('',(-0.0363531084388293,-0.0150304235764041,-0.0249762572650472));
#3266=CARTESIAN_POINT('',(-0.0363531084388293,-0.0150304235764041,-0.0130155299678597));
#3267=CARTESIAN_POINT('',(-0.0363531084388293,-0.0150304235764041,-0.0267522798939277));
#3268=CARTESIAN_POINT('',(-0.0380700971243891,-0.0150304235764041,-0.0267522798939277));
#3269=CARTESIAN_POINT('',(-0.0380700971243891,-0.0150304235764041,-0.0284692685794874));
#3270=CARTESIAN_POINT('',(-0.00207450839424132,-0.0150304235764041,-0.0284692685794874));
#3271=CARTESIAN_POINT('',(-0.0455761197532696,-0.0150304235764041,-0.0284692685794874));
#3272=CARTESIAN_POINT('',(-0.0455761197532696,-0.0150304235764041,-0.0267522798939277));
#3273=CARTESIAN_POINT('',(-0.00207450839424132,-0.0150304235764041,-0.0130155299678597));
#3274=CARTESIAN_POINT('',(-0.0095589894746298,-0.0681509028984014,-0.0130155299678598));
#3275=CARTESIAN_POINT('',(-0.0095589894746298,-0.0681509028984014,-0.0130155299678598));
#3276=CARTESIAN_POINT('',(-0.0095589894746298,-0.0722417235348126,-0.0130155299678598));
#3277=CARTESIAN_POINT('',(-0.0095589894746298,-0.0722417235348126,-0.0130155299678598));
#3278=CARTESIAN_POINT('',(-0.0447489894746298,-0.0722417235348126,-0.0130155299678598));
#3279=CARTESIAN_POINT('',(-0.0447489894746298,-0.0722417235348126,-0.0130155299678598));
#3280=CARTESIAN_POINT('',(-0.0799389894746298,-0.0722417235348125,-0.0130155299678598));
#3281=CARTESIAN_POINT('',(-0.0799389894746298,-0.0722417235348125,-0.0130155299678598));
#3282=CARTESIAN_POINT('',(-0.0799389894746298,-0.0745217235348125,-0.0130155299678598));
#3283=CARTESIAN_POINT('',(-0.0799389894746298,-0.0745217235348125,-0.0130155299678598));
#3284=CARTESIAN_POINT('',(-0.0799389894746298,-0.0768017235348126,-0.0130155299678598));
#3285=CARTESIAN_POINT('',(-0.0799389894746298,-0.0768017235348126,-0.0130155299678598));
#3286=CARTESIAN_POINT('',(-0.0428639894746298,-0.0768017235348126,-0.0130155299678598));
#3287=CARTESIAN_POINT('',(-0.0428639894746298,-0.0768017235348126,-0.0265855299678598));
#3288=CARTESIAN_POINT('',(-0.0723289894746298,-0.0768017235348126,-0.0265855299678598));
#3289=CARTESIAN_POINT('',(-0.00982898947462982,-0.0768017235348126,-0.0265855299678598));
#3290=CARTESIAN_POINT('',(-0.0723289894746298,-0.0768017235348126,-0.0130155299678598));
#3291=CARTESIAN_POINT('',(-0.0723289894746298,-0.0768017235348126,-0.0444855299678598));
#3292=CARTESIAN_POINT('',(-0.0428639894746298,-0.0768017235348126,-0.0444855299678598));
#3293=CARTESIAN_POINT('',(-0.00982898947462982,-0.0768017235348126,-0.0444855299678598));
#3294=CARTESIAN_POINT('',(-0.00982898947462982,-0.0768017235348126,-0.0130155299678598));
#3295=CARTESIAN_POINT('',(-0.0428639894746298,-0.0768017235348126,-0.0130155299678598));
#3296=CARTESIAN_POINT('',(-0.00578898947462982,-0.0768017235348126,-0.0130155299678598));
#3297=CARTESIAN_POINT('',(-0.00578898947462982,-0.0768017235348126,-0.0130155299678598));
#3298=CARTESIAN_POINT('',(-0.00578898947462981,-0.0704309028984014,-0.0130155299678598));
#3299=CARTESIAN_POINT('',(-0.00578898947462981,-0.0704309028984014,-0.0130155299678598));
#3300=CARTESIAN_POINT('',(-0.0431945083942412,-0.0434160735556084,-0.0130155299678597));
#3301=CARTESIAN_POINT('',(-0.0920245083942413,-0.0747017235348125,-0.0130155299678598));
#3302=CARTESIAN_POINT('',(-0.0920245083942413,-0.0768017235348125,-0.0130155299678598));
#3303=CARTESIAN_POINT('',(0.00563549160575867,-0.0747017235348126,-0.0130155299678598));
#3304=CARTESIAN_POINT('',(0.00563549160575867,-0.0768017235348126,-0.0130155299678598));
#3305=CARTESIAN_POINT('',(0.00563549160575874,-0.0121304235764041,-0.0130155299678597));
#3306=CARTESIAN_POINT('',(0.00563549160575874,-0.0142304235764041,-0.0130155299678597));
#3307=CARTESIAN_POINT('',(-0.0920245083942412,-0.012130423576404,-0.0130155299678597));
#3308=CARTESIAN_POINT('',(-0.0920245083942412,-0.014230423576404,-0.0130155299678597));
#3309=CARTESIAN_POINT('',(-0.0971245083942413,-0.0434160735556083,-0.0130155299678597));
#3310=CARTESIAN_POINT('',(-0.0971245083942413,-0.0758771779678188,-0.0130155299678598));
#3311=CARTESIAN_POINT('',(-0.0971245083942412,-0.0109549691433977,-0.0130155299678597));
#3312=CARTESIAN_POINT('',(-0.0931999628272476,-0.0758771779678188,-0.0130155299678598));
#3313=CARTESIAN_POINT('',(-0.0931999628272476,-0.0798017235348125,-0.0130155299678598));
#3314=CARTESIAN_POINT('',(-0.0431945083942413,-0.0798017235348126,-0.0130155299678598));
#3315=CARTESIAN_POINT('',(0.00681094603876496,-0.0798017235348126,-0.0130155299678598));
#3316=CARTESIAN_POINT('',(0.00681094603876497,-0.0758771779678189,-0.0130155299678598));
#3317=CARTESIAN_POINT('',(0.00681094603876504,-0.0109549691433978,-0.0130155299678597));
#3318=CARTESIAN_POINT('',(0.00681094603876505,-0.00703042357640414,-0.0130155299678597));
#3319=CARTESIAN_POINT('',(-0.0431945083942412,-0.00703042357640409,-0.0130155299678597));
#3320=CARTESIAN_POINT('',(-0.0931999628272475,-0.00703042357640404,-0.0130155299678597));
#3321=CARTESIAN_POINT('',(-0.0931999628272475,-0.0109549691433977,-0.0130155299678597));
#3322=CARTESIAN_POINT('',(-0.0431945083942412,-0.0434160735556084,-0.0490155299678598));
#3323=CARTESIAN_POINT('',(-0.0431945083942413,-0.0798017235348126,-0.0490155299678598));
#3324=CARTESIAN_POINT('',(-0.0931999628272476,-0.0798017235348125,-0.0490155299678598));
#3325=CARTESIAN_POINT('',(0.00681094603876496,-0.0798017235348126,-0.0490155299678598));
#3326=CARTESIAN_POINT('',(-0.0931999628272476,-0.0758771779678188,-0.0490155299678598));
#3327=CARTESIAN_POINT('',(-0.0971245083942413,-0.0758771779678188,-0.0490155299678598));
#3328=CARTESIAN_POINT('',(-0.0971245083942413,-0.0434160735556082,-0.0490155299678598));
#3329=CARTESIAN_POINT('',(-0.0971245083942412,-0.0109549691433977,-0.0490155299678598));
#3330=CARTESIAN_POINT('',(-0.0931999628272475,-0.0109549691433977,-0.0490155299678598));
#3331=CARTESIAN_POINT('',(-0.0931999628272475,-0.00703042357640403,-0.0490155299678597));
#3332=CARTESIAN_POINT('',(-0.0431945083942412,-0.00703042357640408,-0.0490155299678597));
#3333=CARTESIAN_POINT('',(0.00681094603876505,-0.00703042357640413,-0.0490155299678597));
#3334=CARTESIAN_POINT('',(0.00681094603876504,-0.0109549691433978,-0.0490155299678598));
#3335=CARTESIAN_POINT('',(0.00681094603876497,-0.0758771779678189,-0.0490155299678598));
#3336=CARTESIAN_POINT('',(-0.0971245083942413,-0.0434160735556082,-0.0490155299678598));
#3337=CARTESIAN_POINT('',(-0.0971245083942413,-0.0758771779678188,-0.0130155299678598));
#3338=CARTESIAN_POINT('',(-0.0971245083942412,-0.0109549691433977,-0.0490155299678598));
#3339=CARTESIAN_POINT('',(-0.0431945083942412,-0.00703042357640408,-0.0490155299678597));
#3340=CARTESIAN_POINT('',(-0.0431945083942412,-0.00703042357640408,-0.0284692685794874));
#3341=CARTESIAN_POINT('',(-0.0380700971243891,-0.00703042357640409,-0.0284692685794874));
#3342=CARTESIAN_POINT('',(-0.0455761197532696,-0.00703042357640408,-0.0284692685794874));
#3343=CARTESIAN_POINT('',(-0.0380700971243891,-0.00703042357640409,-0.0267522798939277));
#3344=CARTESIAN_POINT('',(-0.0363531084388293,-0.00703042357640409,-0.0267522798939277));
#3345=CARTESIAN_POINT('',(-0.0363531084388293,-0.00703042357640409,-0.0490155299678597));
#3346=CARTESIAN_POINT('',(-0.0363531084388293,-0.00703042357640409,-0.0249762572650472));
#3347=CARTESIAN_POINT('',(-0.0380700971243891,-0.00703042357640409,-0.0249762572650472));
#3348=CARTESIAN_POINT('',(-0.0380700971243891,-0.00703042357640409,-0.0232592685794874));
#3349=CARTESIAN_POINT('',(-0.0431945083942412,-0.00703042357640409,-0.0232592685794874));
#3350=CARTESIAN_POINT('',(-0.0455761197532696,-0.00703042357640408,-0.0232592685794874));
#3351=CARTESIAN_POINT('',(-0.0455761197532696,-0.00703042357640409,-0.0249762572650472));
#3352=CARTESIAN_POINT('',(-0.0472931084388293,-0.00703042357640408,-0.0249762572650472));
#3353=CARTESIAN_POINT('',(-0.0472931084388293,-0.00703042357640407,-0.0490155299678597));
#3354=CARTESIAN_POINT('',(-0.0472931084388293,-0.00703042357640408,-0.0267522798939277));
#3355=CARTESIAN_POINT('',(-0.0455761197532696,-0.00703042357640409,-0.0267522798939277));
#3356=CARTESIAN_POINT('',(-0.0931999628272475,-0.00703042357640403,-0.0490155299678597));
#3357=CARTESIAN_POINT('',(0.00681094603876505,-0.00703042357640413,-0.0490155299678597));
#3358=CARTESIAN_POINT('',(-0.0431945083942413,-0.0798017235348126,-0.0490155299678598));
#3359=CARTESIAN_POINT('',(-0.00982898947462982,-0.0798017235348126,-0.0245855299678597));
#3360=CARTESIAN_POINT('',(-0.0743289894746299,-0.0798017235348126,-0.0245855299678597));
#3361=CARTESIAN_POINT('',(-0.00782898947462983,-0.0798017235348126,-0.0245855299678597));
#3362=CARTESIAN_POINT('',(-0.00782898947462983,-0.0798017235348126,-0.0444855299678598));
#3363=CARTESIAN_POINT('',(-0.00782898947462983,-0.0798017235348126,-0.0464855299678598));
#3364=CARTESIAN_POINT('',(-0.0431945083942413,-0.0798017235348126,-0.0464855299678598));
#3365=CARTESIAN_POINT('',(-0.0743289894746299,-0.0798017235348126,-0.0464855299678598));
#3366=CARTESIAN_POINT('',(-0.0743289894746299,-0.0798017235348126,-0.0490155299678598));
#3367=CARTESIAN_POINT('',(-0.0931999628272476,-0.0798017235348125,-0.0490155299678598));
#3368=CARTESIAN_POINT('',(0.00681094603876496,-0.0798017235348126,-0.0490155299678598));
#3369=CARTESIAN_POINT('',(-0.0920245083942412,-0.012130423576404,-0.0291155299678597));
#3370=CARTESIAN_POINT('',(-0.0920245083942412,-0.012130423576404,-0.0291155299678597));
#3371=CARTESIAN_POINT('',(-0.0920245083942412,-0.014230423576404,-0.0291155299678597));
#3372=CARTESIAN_POINT('',(-0.0431945083942412,-0.0434160735556084,-0.0291155299678597));
#3373=CARTESIAN_POINT('',(0.00563549160575874,-0.0121304235764041,-0.0291155299678597));
#3374=CARTESIAN_POINT('',(0.00563549160575874,-0.0121304235764041,-0.0291155299678597));
#3375=CARTESIAN_POINT('',(0.00563549160575874,-0.0142304235764041,-0.0291155299678597));
#3376=CARTESIAN_POINT('',(-0.0431945083942412,-0.0434160735556084,-0.0291155299678597));
#3377=CARTESIAN_POINT('',(0.00563549160575867,-0.0747017235348126,-0.0291155299678597));
#3378=CARTESIAN_POINT('',(0.00563549160575867,-0.0747017235348126,-0.0291155299678597));
#3379=CARTESIAN_POINT('',(0.00563549160575867,-0.0768017235348126,-0.0291155299678597));
#3380=CARTESIAN_POINT('',(-0.0431945083942412,-0.0434160735556084,-0.0291155299678597));
#3381=CARTESIAN_POINT('',(-0.0920245083942413,-0.0747017235348125,-0.0291155299678597));
#3382=CARTESIAN_POINT('',(-0.0920245083942413,-0.0747017235348125,-0.0291155299678597));
#3383=CARTESIAN_POINT('',(-0.0920245083942413,-0.0768017235348125,-0.0291155299678597));
#3384=CARTESIAN_POINT('',(-0.0431945083942412,-0.0434160735556084,-0.0291155299678597));
#3385=CARTESIAN_POINT('',(-0.0410789894746299,-0.0877317235348126,-0.0265855299678598));
#3386=CARTESIAN_POINT('',(-0.00982898947462983,-0.0877317235348126,-0.0265855299678598));
#3387=CARTESIAN_POINT('',(-0.00982898947462982,-0.0778017235348126,-0.0265855299678598));
#3388=CARTESIAN_POINT('',(-0.0723289894746298,-0.0778017235348125,-0.0265855299678598));
#3389=CARTESIAN_POINT('',(-0.0723289894746298,-0.0778017235348125,-0.0265855299678598));
#3390=CARTESIAN_POINT('',(-0.0723289894746299,-0.0877317235348125,-0.0265855299678598));
#3391=CARTESIAN_POINT('',(-0.0723289894746299,-0.0877317235348125,-0.0354755299678597));
#3392=CARTESIAN_POINT('',(-0.0723289894746298,-0.0778017235348125,-0.0354755299678597));
#3393=CARTESIAN_POINT('',(-0.0723289894746298,-0.0778017235348125,-0.0444855299678598));
#3394=CARTESIAN_POINT('',(-0.0723289894746299,-0.0877317235348125,-0.0444855299678598));
#3395=CARTESIAN_POINT('',(-0.0428639894746298,-0.0877317235348126,-0.0444855299678598));
#3396=CARTESIAN_POINT('',(-0.0428639894746298,-0.0778017235348125,-0.0444855299678598));
#3397=CARTESIAN_POINT('',(-0.00982898947462982,-0.0778017235348126,-0.0444855299678598));
#3398=CARTESIAN_POINT('',(-0.00982898947462983,-0.0877317235348126,-0.0444855299678598));
#3399=CARTESIAN_POINT('',(-0.00982898947462983,-0.0877317235348126,-0.0355355299678598));
#3400=CARTESIAN_POINT('',(-0.00982898947462982,-0.0778017235348126,-0.0265855299678598));
#3401=CARTESIAN_POINT('',(-0.0363531084388293,0.0360315764235959,-0.0258642685794874));
#3402=CARTESIAN_POINT('',(-0.0363531084388293,0.0360315764235959,-0.0267522798939277));
#3403=CARTESIAN_POINT('',(-0.0363531084388293,-0.00703042357640409,-0.0249762572650472));
#3404=CARTESIAN_POINT('',(-0.0418231084388294,0.0360315764235959,-0.0284692685794874));
#3405=CARTESIAN_POINT('',(-0.0380700971243891,0.0360315764235959,-0.0284692685794874));
#3406=CARTESIAN_POINT('',(-0.0455761197532696,-0.0150304235764041,-0.0284692685794874));
#3407=CARTESIAN_POINT('',(-0.0472931084388293,0.0360315764235959,-0.0258642685794874));
#3408=CARTESIAN_POINT('',(-0.0472931084388293,0.0360315764235959,-0.0249762572650472));
#3409=CARTESIAN_POINT('',(-0.0472931084388293,-0.00703042357640408,-0.0267522798939277));
#3410=CARTESIAN_POINT('',(-0.0418231084388294,0.0360315764235959,-0.0232592685794874));
#3411=CARTESIAN_POINT('',(-0.0380700971243891,-0.0150304235764041,-0.0232592685794874));
#3412=CARTESIAN_POINT('',(-0.0455761197532696,0.0360315764235959,-0.0232592685794874));
#3413=CARTESIAN_POINT('',(0.0337314916057587,-0.0198609439943492,-0.0175892685645864));
#3414=CARTESIAN_POINT('',(0.0337314916057587,-0.0188609439943492,-0.0175892685645864));
#3415=CARTESIAN_POINT('',(0.0337314916057587,-0.0208609439943492,-0.0175892685645864));
#3416=CARTESIAN_POINT('',(0.0337314916057587,-0.0208609439943492,-0.0281892685645864));
#3417=CARTESIAN_POINT('',(0.0337314916057587,-0.0208609439943492,-0.0387892685645864));
#3418=CARTESIAN_POINT('',(0.00223549160575867,-0.0208609439943492,-0.0387892685645864));
#3419=CARTESIAN_POINT('',(0.00223549160575867,-0.0208609439943492,-0.0281892685645864));
#3420=CARTESIAN_POINT('',(0.0337314916057587,-0.0198609439943492,-0.0387892685645864));
#3421=CARTESIAN_POINT('',(0.0337314916057587,-0.0188609439943492,-0.0387892685645864));
#3422=CARTESIAN_POINT('',(0.00223549160575867,-0.0188609439943492,-0.0387892685645864));
#3423=CARTESIAN_POINT('',(0.00223549160575867,-0.0198609439943492,-0.0387892685645864));
#3424=CARTESIAN_POINT('',(0.0337314916057587,-0.0188609439943492,-0.0281892685645864));
#3425=CARTESIAN_POINT('',(0.00223549160575867,-0.0188609439943492,-0.0281892685645864));
#3426=CARTESIAN_POINT('',(0.00223549160575867,-0.0392105130216922,-0.0281892685645864));
#3427=CARTESIAN_POINT('',(0.0337314916057587,-0.0228609439943492,-0.0281892685645864));
#3428=CARTESIAN_POINT('',(0.00223549160575867,-0.0228609439943492,-0.0281892685645864));
#3429=CARTESIAN_POINT('',(0.00223549160575867,-0.0228609439943492,-0.0387892685645864));
#3430=CARTESIAN_POINT('',(0.0337314916057587,-0.0228609439943492,-0.0387892685645864));
#3431=CARTESIAN_POINT('',(0.0337314916057587,-0.0228609439943492,-0.0175892685645864));
#3432=CARTESIAN_POINT('',(0.0337314916057587,-0.0238609439943492,-0.0175892685645864));
#3433=CARTESIAN_POINT('',(0.0337314916057587,-0.0248609439943492,-0.0175892685645864));
#3434=CARTESIAN_POINT('',(0.0337314916057587,-0.0248609439943492,-0.0281892685645864));
#3435=CARTESIAN_POINT('',(0.0337314916057587,-0.0248609439943492,-0.0387892685645864));
#3436=CARTESIAN_POINT('',(0.00223549160575867,-0.0248609439943492,-0.0387892685645864));
#3437=CARTESIAN_POINT('',(0.00223549160575867,-0.0248609439943492,-0.0281892685645864));
#3438=CARTESIAN_POINT('',(0.0337314916057587,-0.0238609439943492,-0.0387892685645864));
#3439=CARTESIAN_POINT('',(0.00223549160575867,-0.0238609439943492,-0.0387892685645864));
#3440=CARTESIAN_POINT('',(0.00223549160575867,-0.0392105130216922,-0.0281892685645864));
#3441=CARTESIAN_POINT('',(0.0337314916057587,-0.0278609439943493,-0.0175892685645864));
#3442=CARTESIAN_POINT('',(0.0337314916057587,-0.0268609439943493,-0.0175892685645864));
#3443=CARTESIAN_POINT('',(0.0337314916057587,-0.0288609439943493,-0.0175892685645864));
#3444=CARTESIAN_POINT('',(0.0337314916057587,-0.0288609439943492,-0.0281892685645864));
#3445=CARTESIAN_POINT('',(0.0337314916057587,-0.0288609439943492,-0.0387892685645864));
#3446=CARTESIAN_POINT('',(0.0337314916057587,-0.0278609439943492,-0.0387892685645864));
#3447=CARTESIAN_POINT('',(0.0337314916057587,-0.0268609439943492,-0.0387892685645864));
#3448=CARTESIAN_POINT('',(0.0337314916057587,-0.0268609439943492,-0.0281892685645864));
#3449=CARTESIAN_POINT('',(0.0337314916057587,-0.0308609439943493,-0.0281892685645864));
#3450=CARTESIAN_POINT('',(0.0337314916057587,-0.0308609439943492,-0.0387892685645864));
#3451=CARTESIAN_POINT('',(0.0337314916057587,-0.0308609439943493,-0.0175892685645864));
#3452=CARTESIAN_POINT('',(0.0337314916057587,-0.0318609439943493,-0.0175892685645864));
#3453=CARTESIAN_POINT('',(0.0337314916057587,-0.0328609439943493,-0.0175892685645864));
#3454=CARTESIAN_POINT('',(0.0337314916057587,-0.0328609439943493,-0.0281892685645864));
#3455=CARTESIAN_POINT('',(0.0337314916057587,-0.0328609439943493,-0.0387892685645864));
#3456=CARTESIAN_POINT('',(0.0337314916057587,-0.0318609439943493,-0.0387892685645864));
#3457=CARTESIAN_POINT('',(0.0337314916057587,-0.0358609439943492,-0.0175892685645864));
#3458=CARTESIAN_POINT('',(0.0337314916057587,-0.0348609439943492,-0.0175892685645864));
#3459=CARTESIAN_POINT('',(0.0337314916057587,-0.0368609439943492,-0.0175892685645864));
#3460=CARTESIAN_POINT('',(0.0337314916057587,-0.0368609439943492,-0.0281892685645864));
#3461=CARTESIAN_POINT('',(0.0337314916057587,-0.0368609439943492,-0.0387892685645864));
#3462=CARTESIAN_POINT('',(0.0337314916057587,-0.0358609439943492,-0.0387892685645864));
#3463=CARTESIAN_POINT('',(0.0337314916057587,-0.0348609439943492,-0.0387892685645864));
#3464=CARTESIAN_POINT('',(0.0337314916057587,-0.0348609439943492,-0.0281892685645864));
#3465=CARTESIAN_POINT('',(0.0337314916057587,-0.0398609439943493,-0.0387892685645864));
#3466=CARTESIAN_POINT('',(0.0337314916057587,-0.0408609439943493,-0.0387892685645864));
#3467=CARTESIAN_POINT('',(0.0337314916057587,-0.0388609439943493,-0.0387892685645864));
#3468=CARTESIAN_POINT('',(0.0337314916057587,-0.0388609439943493,-0.0281892685645864));
#3469=CARTESIAN_POINT('',(0.0337314916057587,-0.0388609439943493,-0.0175892685645864));
#3470=CARTESIAN_POINT('',(0.0337314916057587,-0.0398609439943493,-0.0175892685645864));
#3471=CARTESIAN_POINT('',(0.0337314916057587,-0.0408609439943493,-0.0175892685645864));
#3472=CARTESIAN_POINT('',(0.0337314916057587,-0.0408609439943493,-0.0281892685645864));
#3473=CARTESIAN_POINT('',(-0.0380700971243891,0.0360315764235959,-0.0267522798939277));
#3474=CARTESIAN_POINT('',(-0.0380700971243891,0.0360315764235959,-0.0249762572650472));
#3475=CARTESIAN_POINT('',(-0.0455761197532696,0.0360315764235959,-0.0249762572650472));
#3476=CARTESIAN_POINT('',(-0.0455761197532696,0.0360315764235959,-0.0267522798939277));
#3477=CARTESIAN_POINT('',(-0.0931999628272476,-0.0758771779678188,-0.0490155299678598));
#3478=CARTESIAN_POINT('',(-0.0931999628272475,-0.0109549691433977,-0.0490155299678597));
#3479=CARTESIAN_POINT('',(0.00681094603876504,-0.0109549691433978,-0.0490155299678598));
#3480=CARTESIAN_POINT('',(0.00681094603876497,-0.0758771779678189,-0.0490155299678598));
#3481=CARTESIAN_POINT('',(-0.0743289894746299,-0.0798017235348126,-0.0490155299678598));
#3482=CARTESIAN_POINT('',(-0.0661856561412965,-0.0716583902014792,-0.0327288633011931));
#3483=CARTESIAN_POINT('',(-0.0639508291145003,-0.069423563174683,-0.0361073696077303));
#3484=CARTESIAN_POINT('',(-0.0431945083942413,-0.0798017235348126,-0.0464855299678598));
#3485=CARTESIAN_POINT('',(-0.0128123228079631,-0.0748183902014793,-0.0415021966345265));
#3486=CARTESIAN_POINT('',(-0.0410789894746299,-0.0778017235348126,-0.0265855299678598));
#3487=CARTESIAN_POINT('',(-0.0128123228079631,-0.0748183902014793,-0.0295688633011931));
#3488=CARTESIAN_POINT('',(-0.00982898947462982,-0.0778017235348126,-0.0355355299678598));
#3489=MECHANICAL_DESIGN_GEOMETRIC_PRESENTATION_REPRESENTATION('',(#2135),
#3491);
#3490=MECHANICAL_DESIGN_GEOMETRIC_PRESENTATION_REPRESENTATION('',(#2136),
#3492);
#3491=(
GEOMETRIC_REPRESENTATION_CONTEXT(3)
GLOBAL_UNCERTAINTY_ASSIGNED_CONTEXT((#3493))
GLOBAL_UNIT_ASSIGNED_CONTEXT((#3499,#3497,#3495))
REPRESENTATION_CONTEXT('Part 2','TOP_LEVEL_ASSEMBLY_PART')
);
#3492=(
GEOMETRIC_REPRESENTATION_CONTEXT(3)
GLOBAL_UNCERTAINTY_ASSIGNED_CONTEXT((#3494))
GLOBAL_UNIT_ASSIGNED_CONTEXT((#3500,#3498,#3496))
REPRESENTATION_CONTEXT('Part 1','TOP_LEVEL_ASSEMBLY_PART')
);
#3493=UNCERTAINTY_MEASURE_WITH_UNIT(LENGTH_MEASURE(1.E-8),#3499,
'DISTANCE_ACCURACY_VALUE','Maximum Tolerance applied to model');
#3494=UNCERTAINTY_MEASURE_WITH_UNIT(LENGTH_MEASURE(1.E-8),#3500,
'DISTANCE_ACCURACY_VALUE','Maximum Tolerance applied to model');
#3495=(
NAMED_UNIT(*)
SI_UNIT($,.STERADIAN.)
SOLID_ANGLE_UNIT()
);
#3496=(
NAMED_UNIT(*)
SI_UNIT($,.STERADIAN.)
SOLID_ANGLE_UNIT()
);
#3497=(
NAMED_UNIT(*)
PLANE_ANGLE_UNIT()
SI_UNIT($,.RADIAN.)
);
#3498=(
NAMED_UNIT(*)
PLANE_ANGLE_UNIT()
SI_UNIT($,.RADIAN.)
);
#3499=(
LENGTH_UNIT()
NAMED_UNIT(*)
SI_UNIT($,.METRE.)
);
#3500=(
LENGTH_UNIT()
NAMED_UNIT(*)
SI_UNIT($,.METRE.)
);
#3501=PRODUCT_DEFINITION_SHAPE('','',#3503);
#3502=PRODUCT_DEFINITION_SHAPE('','',#3504);
#3503=PRODUCT_DEFINITION('','',#3507,#3505);
#3504=PRODUCT_DEFINITION('','',#3508,#3506);
#3505=PRODUCT_DEFINITION_CONTEXT('',#3519,'design');
#3506=PRODUCT_DEFINITION_CONTEXT('',#3520,'design');
#3507=PRODUCT_DEFINITION_FORMATION_WITH_SPECIFIED_SOURCE('','',#3511,
 .NOT_KNOWN.);
#3508=PRODUCT_DEFINITION_FORMATION_WITH_SPECIFIED_SOURCE('','',#3512,
 .NOT_KNOWN.);
#3509=PRODUCT_RELATED_PRODUCT_CATEGORY('','',(#3511));
#3510=PRODUCT_RELATED_PRODUCT_CATEGORY('','',(#3512));
#3511=PRODUCT('Part 2','Part 2','Part 2',(#3515));
#3512=PRODUCT('Part 1','Part 1','Part 1',(#3516));
#3513=PRODUCT_CATEGORY('','');
#3514=PRODUCT_CATEGORY('','');
#3515=PRODUCT_CONTEXT('',#3519,'mechanical');
#3516=PRODUCT_CONTEXT('',#3520,'mechanical');
#3517=APPLICATION_PROTOCOL_DEFINITION('international standard',
'ap242_managed_model_based_3d_engineering',2020,#3519);
#3518=APPLICATION_PROTOCOL_DEFINITION('international standard',
'ap242_managed_model_based_3d_engineering',2020,#3520);
#3519=APPLICATION_CONTEXT('managed model based 3d engineering');
#3520=APPLICATION_CONTEXT('managed model based 3d engineering');
ENDSEC;
END-ISO-10303-21;
